image_id,file_path,label
pcam_0,./ml_datasets/images/pcam_0.jpg,0
pcam_1,./ml_datasets/images/pcam_1.jpg,0
pcam_2,./ml_datasets/images/pcam_2.jpg,0
pcam_3,./ml_datasets/images/pcam_3.jpg,0
pcam_4,./ml_datasets/images/pcam_4.jpg,0
pcam_5,./ml_datasets/images/pcam_5.jpg,0
pcam_6,./ml_datasets/images/pcam_6.jpg,0
pcam_7,./ml_datasets/images/pcam_7.jpg,0
pcam_8,./ml_datasets/images/pcam_8.jpg,0
pcam_9,./ml_datasets/images/pcam_9.jpg,0
pcam_10,./ml_datasets/images/pcam_10.jpg,0
pcam_11,./ml_datasets/images/pcam_11.jpg,0
pcam_12,./ml_datasets/images/pcam_12.jpg,0
pcam_13,./ml_datasets/images/pcam_13.jpg,0
pcam_14,./ml_datasets/images/pcam_14.jpg,0
pcam_15,./ml_datasets/images/pcam_15.jpg,0
pcam_16,./ml_datasets/images/pcam_16.jpg,0
pcam_17,./ml_datasets/images/pcam_17.jpg,0
pcam_18,./ml_datasets/images/pcam_18.jpg,0
pcam_19,./ml_datasets/images/pcam_19.jpg,0
pcam_20,./ml_datasets/images/pcam_20.jpg,0
pcam_21,./ml_datasets/images/pcam_21.jpg,0
pcam_22,./ml_datasets/images/pcam_22.jpg,0
pcam_23,./ml_datasets/images/pcam_23.jpg,0
pcam_24,./ml_datasets/images/pcam_24.jpg,0
pcam_25,./ml_datasets/images/pcam_25.jpg,0
pcam_26,./ml_datasets/images/pcam_26.jpg,0
pcam_27,./ml_datasets/images/pcam_27.jpg,0
pcam_28,./ml_datasets/images/pcam_28.jpg,0
pcam_29,./ml_datasets/images/pcam_29.jpg,0
pcam_30,./ml_datasets/images/pcam_30.jpg,0
pcam_31,./ml_datasets/images/pcam_31.jpg,0
pcam_32,./ml_datasets/images/pcam_32.jpg,0
pcam_33,./ml_datasets/images/pcam_33.jpg,0
pcam_34,./ml_datasets/images/pcam_34.jpg,0
pcam_35,./ml_datasets/images/pcam_35.jpg,0
pcam_36,./ml_datasets/images/pcam_36.jpg,0
pcam_37,./ml_datasets/images/pcam_37.jpg,0
pcam_38,./ml_datasets/images/pcam_38.jpg,0
pcam_39,./ml_datasets/images/pcam_39.jpg,0
pcam_40,./ml_datasets/images/pcam_40.jpg,0
pcam_41,./ml_datasets/images/pcam_41.jpg,0
pcam_42,./ml_datasets/images/pcam_42.jpg,0
pcam_43,./ml_datasets/images/pcam_43.jpg,0
pcam_44,./ml_datasets/images/pcam_44.jpg,0
pcam_45,./ml_datasets/images/pcam_45.jpg,0
pcam_46,./ml_datasets/images/pcam_46.jpg,0
pcam_47,./ml_datasets/images/pcam_47.jpg,0
pcam_48,./ml_datasets/images/pcam_48.jpg,0
pcam_49,./ml_datasets/images/pcam_49.jpg,0
pcam_50,./ml_datasets/images/pcam_50.jpg,0
pcam_51,./ml_datasets/images/pcam_51.jpg,0
pcam_52,./ml_datasets/images/pcam_52.jpg,0
pcam_53,./ml_datasets/images/pcam_53.jpg,0
pcam_54,./ml_datasets/images/pcam_54.jpg,0
pcam_55,./ml_datasets/images/pcam_55.jpg,0
pcam_56,./ml_datasets/images/pcam_56.jpg,0
pcam_57,./ml_datasets/images/pcam_57.jpg,0
pcam_58,./ml_datasets/images/pcam_58.jpg,0
pcam_59,./ml_datasets/images/pcam_59.jpg,0
pcam_60,./ml_datasets/images/pcam_60.jpg,0
pcam_61,./ml_datasets/images/pcam_61.jpg,0
pcam_62,./ml_datasets/images/pcam_62.jpg,0
pcam_63,./ml_datasets/images/pcam_63.jpg,0
pcam_64,./ml_datasets/images/pcam_64.jpg,0
pcam_65,./ml_datasets/images/pcam_65.jpg,0
pcam_66,./ml_datasets/images/pcam_66.jpg,0
pcam_67,./ml_datasets/images/pcam_67.jpg,0
pcam_68,./ml_datasets/images/pcam_68.jpg,0
pcam_69,./ml_datasets/images/pcam_69.jpg,0
pcam_70,./ml_datasets/images/pcam_70.jpg,0
pcam_71,./ml_datasets/images/pcam_71.jpg,0
pcam_72,./ml_datasets/images/pcam_72.jpg,0
pcam_73,./ml_datasets/images/pcam_73.jpg,0
pcam_74,./ml_datasets/images/pcam_74.jpg,0
pcam_75,./ml_datasets/images/pcam_75.jpg,0
pcam_76,./ml_datasets/images/pcam_76.jpg,0
pcam_77,./ml_datasets/images/pcam_77.jpg,0
pcam_78,./ml_datasets/images/pcam_78.jpg,0
pcam_79,./ml_datasets/images/pcam_79.jpg,0
pcam_80,./ml_datasets/images/pcam_80.jpg,0
pcam_81,./ml_datasets/images/pcam_81.jpg,0
pcam_82,./ml_datasets/images/pcam_82.jpg,0
pcam_83,./ml_datasets/images/pcam_83.jpg,0
pcam_84,./ml_datasets/images/pcam_84.jpg,0
pcam_85,./ml_datasets/images/pcam_85.jpg,0
pcam_86,./ml_datasets/images/pcam_86.jpg,0
pcam_87,./ml_datasets/images/pcam_87.jpg,0
pcam_88,./ml_datasets/images/pcam_88.jpg,0
pcam_89,./ml_datasets/images/pcam_89.jpg,0
pcam_90,./ml_datasets/images/pcam_90.jpg,0
pcam_91,./ml_datasets/images/pcam_91.jpg,0
pcam_92,./ml_datasets/images/pcam_92.jpg,0
pcam_93,./ml_datasets/images/pcam_93.jpg,0
pcam_94,./ml_datasets/images/pcam_94.jpg,0
pcam_95,./ml_datasets/images/pcam_95.jpg,0
pcam_96,./ml_datasets/images/pcam_96.jpg,0
pcam_97,./ml_datasets/images/pcam_97.jpg,0
pcam_98,./ml_datasets/images/pcam_98.jpg,0
pcam_99,./ml_datasets/images/pcam_99.jpg,0
pcam_100,./ml_datasets/images/pcam_100.jpg,0
pcam_101,./ml_datasets/images/pcam_101.jpg,0
pcam_102,./ml_datasets/images/pcam_102.jpg,0
pcam_103,./ml_datasets/images/pcam_103.jpg,0
pcam_104,./ml_datasets/images/pcam_104.jpg,0
pcam_105,./ml_datasets/images/pcam_105.jpg,0
pcam_106,./ml_datasets/images/pcam_106.jpg,0
pcam_107,./ml_datasets/images/pcam_107.jpg,0
pcam_108,./ml_datasets/images/pcam_108.jpg,0
pcam_109,./ml_datasets/images/pcam_109.jpg,0
pcam_110,./ml_datasets/images/pcam_110.jpg,0
pcam_111,./ml_datasets/images/pcam_111.jpg,0
pcam_112,./ml_datasets/images/pcam_112.jpg,0
pcam_113,./ml_datasets/images/pcam_113.jpg,0
pcam_114,./ml_datasets/images/pcam_114.jpg,0
pcam_115,./ml_datasets/images/pcam_115.jpg,0
pcam_116,./ml_datasets/images/pcam_116.jpg,0
pcam_117,./ml_datasets/images/pcam_117.jpg,0
pcam_118,./ml_datasets/images/pcam_118.jpg,0
pcam_119,./ml_datasets/images/pcam_119.jpg,0
pcam_120,./ml_datasets/images/pcam_120.jpg,0
pcam_121,./ml_datasets/images/pcam_121.jpg,0
pcam_122,./ml_datasets/images/pcam_122.jpg,0
pcam_123,./ml_datasets/images/pcam_123.jpg,0
pcam_124,./ml_datasets/images/pcam_124.jpg,0
pcam_125,./ml_datasets/images/pcam_125.jpg,0
pcam_126,./ml_datasets/images/pcam_126.jpg,0
pcam_127,./ml_datasets/images/pcam_127.jpg,0
pcam_128,./ml_datasets/images/pcam_128.jpg,0
pcam_129,./ml_datasets/images/pcam_129.jpg,0
pcam_130,./ml_datasets/images/pcam_130.jpg,0
pcam_131,./ml_datasets/images/pcam_131.jpg,0
pcam_132,./ml_datasets/images/pcam_132.jpg,0
pcam_133,./ml_datasets/images/pcam_133.jpg,0
pcam_134,./ml_datasets/images/pcam_134.jpg,0
pcam_135,./ml_datasets/images/pcam_135.jpg,0
pcam_136,./ml_datasets/images/pcam_136.jpg,0
pcam_137,./ml_datasets/images/pcam_137.jpg,0
pcam_138,./ml_datasets/images/pcam_138.jpg,0
pcam_139,./ml_datasets/images/pcam_139.jpg,0
pcam_140,./ml_datasets/images/pcam_140.jpg,0
pcam_141,./ml_datasets/images/pcam_141.jpg,0
pcam_142,./ml_datasets/images/pcam_142.jpg,0
pcam_143,./ml_datasets/images/pcam_143.jpg,0
pcam_144,./ml_datasets/images/pcam_144.jpg,0
pcam_145,./ml_datasets/images/pcam_145.jpg,0
pcam_146,./ml_datasets/images/pcam_146.jpg,0
pcam_147,./ml_datasets/images/pcam_147.jpg,0
pcam_148,./ml_datasets/images/pcam_148.jpg,0
pcam_149,./ml_datasets/images/pcam_149.jpg,0
pcam_150,./ml_datasets/images/pcam_150.jpg,0
pcam_151,./ml_datasets/images/pcam_151.jpg,0
pcam_152,./ml_datasets/images/pcam_152.jpg,0
pcam_153,./ml_datasets/images/pcam_153.jpg,0
pcam_154,./ml_datasets/images/pcam_154.jpg,0
pcam_155,./ml_datasets/images/pcam_155.jpg,0
pcam_156,./ml_datasets/images/pcam_156.jpg,0
pcam_157,./ml_datasets/images/pcam_157.jpg,0
pcam_158,./ml_datasets/images/pcam_158.jpg,0
pcam_159,./ml_datasets/images/pcam_159.jpg,0
pcam_160,./ml_datasets/images/pcam_160.jpg,0
pcam_161,./ml_datasets/images/pcam_161.jpg,0
pcam_162,./ml_datasets/images/pcam_162.jpg,0
pcam_163,./ml_datasets/images/pcam_163.jpg,0
pcam_164,./ml_datasets/images/pcam_164.jpg,0
pcam_165,./ml_datasets/images/pcam_165.jpg,0
pcam_166,./ml_datasets/images/pcam_166.jpg,0
pcam_167,./ml_datasets/images/pcam_167.jpg,0
pcam_168,./ml_datasets/images/pcam_168.jpg,0
pcam_169,./ml_datasets/images/pcam_169.jpg,0
pcam_170,./ml_datasets/images/pcam_170.jpg,0
pcam_171,./ml_datasets/images/pcam_171.jpg,0
pcam_172,./ml_datasets/images/pcam_172.jpg,0
pcam_173,./ml_datasets/images/pcam_173.jpg,0
pcam_174,./ml_datasets/images/pcam_174.jpg,0
pcam_175,./ml_datasets/images/pcam_175.jpg,0
pcam_176,./ml_datasets/images/pcam_176.jpg,0
pcam_177,./ml_datasets/images/pcam_177.jpg,0
pcam_178,./ml_datasets/images/pcam_178.jpg,0
pcam_179,./ml_datasets/images/pcam_179.jpg,0
pcam_180,./ml_datasets/images/pcam_180.jpg,0
pcam_181,./ml_datasets/images/pcam_181.jpg,0
pcam_182,./ml_datasets/images/pcam_182.jpg,0
pcam_183,./ml_datasets/images/pcam_183.jpg,0
pcam_184,./ml_datasets/images/pcam_184.jpg,0
pcam_185,./ml_datasets/images/pcam_185.jpg,0
pcam_186,./ml_datasets/images/pcam_186.jpg,0
pcam_187,./ml_datasets/images/pcam_187.jpg,0
pcam_188,./ml_datasets/images/pcam_188.jpg,0
pcam_189,./ml_datasets/images/pcam_189.jpg,0
pcam_190,./ml_datasets/images/pcam_190.jpg,0
pcam_191,./ml_datasets/images/pcam_191.jpg,0
pcam_192,./ml_datasets/images/pcam_192.jpg,0
pcam_193,./ml_datasets/images/pcam_193.jpg,0
pcam_194,./ml_datasets/images/pcam_194.jpg,0
pcam_195,./ml_datasets/images/pcam_195.jpg,0
pcam_196,./ml_datasets/images/pcam_196.jpg,0
pcam_197,./ml_datasets/images/pcam_197.jpg,0
pcam_198,./ml_datasets/images/pcam_198.jpg,0
pcam_199,./ml_datasets/images/pcam_199.jpg,0
pcam_200,./ml_datasets/images/pcam_200.jpg,0
pcam_201,./ml_datasets/images/pcam_201.jpg,0
pcam_202,./ml_datasets/images/pcam_202.jpg,0
pcam_203,./ml_datasets/images/pcam_203.jpg,0
pcam_204,./ml_datasets/images/pcam_204.jpg,0
pcam_205,./ml_datasets/images/pcam_205.jpg,0
pcam_206,./ml_datasets/images/pcam_206.jpg,0
pcam_207,./ml_datasets/images/pcam_207.jpg,0
pcam_208,./ml_datasets/images/pcam_208.jpg,0
pcam_209,./ml_datasets/images/pcam_209.jpg,0
pcam_210,./ml_datasets/images/pcam_210.jpg,0
pcam_211,./ml_datasets/images/pcam_211.jpg,0
pcam_212,./ml_datasets/images/pcam_212.jpg,0
pcam_213,./ml_datasets/images/pcam_213.jpg,0
pcam_214,./ml_datasets/images/pcam_214.jpg,0
pcam_215,./ml_datasets/images/pcam_215.jpg,0
pcam_216,./ml_datasets/images/pcam_216.jpg,0
pcam_217,./ml_datasets/images/pcam_217.jpg,0
pcam_218,./ml_datasets/images/pcam_218.jpg,0
pcam_219,./ml_datasets/images/pcam_219.jpg,0
pcam_220,./ml_datasets/images/pcam_220.jpg,0
pcam_221,./ml_datasets/images/pcam_221.jpg,0
pcam_222,./ml_datasets/images/pcam_222.jpg,0
pcam_223,./ml_datasets/images/pcam_223.jpg,0
pcam_224,./ml_datasets/images/pcam_224.jpg,0
pcam_225,./ml_datasets/images/pcam_225.jpg,0
pcam_226,./ml_datasets/images/pcam_226.jpg,0
pcam_227,./ml_datasets/images/pcam_227.jpg,0
pcam_228,./ml_datasets/images/pcam_228.jpg,0
pcam_229,./ml_datasets/images/pcam_229.jpg,0
pcam_230,./ml_datasets/images/pcam_230.jpg,0
pcam_231,./ml_datasets/images/pcam_231.jpg,0
pcam_232,./ml_datasets/images/pcam_232.jpg,0
pcam_233,./ml_datasets/images/pcam_233.jpg,0
pcam_234,./ml_datasets/images/pcam_234.jpg,0
pcam_235,./ml_datasets/images/pcam_235.jpg,0
pcam_236,./ml_datasets/images/pcam_236.jpg,0
pcam_237,./ml_datasets/images/pcam_237.jpg,0
pcam_238,./ml_datasets/images/pcam_238.jpg,0
pcam_239,./ml_datasets/images/pcam_239.jpg,0
pcam_240,./ml_datasets/images/pcam_240.jpg,0
pcam_241,./ml_datasets/images/pcam_241.jpg,0
pcam_242,./ml_datasets/images/pcam_242.jpg,0
pcam_243,./ml_datasets/images/pcam_243.jpg,0
pcam_244,./ml_datasets/images/pcam_244.jpg,0
pcam_245,./ml_datasets/images/pcam_245.jpg,0
pcam_246,./ml_datasets/images/pcam_246.jpg,0
pcam_247,./ml_datasets/images/pcam_247.jpg,0
pcam_248,./ml_datasets/images/pcam_248.jpg,0
pcam_249,./ml_datasets/images/pcam_249.jpg,0
pcam_250,./ml_datasets/images/pcam_250.jpg,0
pcam_251,./ml_datasets/images/pcam_251.jpg,0
pcam_252,./ml_datasets/images/pcam_252.jpg,0
pcam_253,./ml_datasets/images/pcam_253.jpg,0
pcam_254,./ml_datasets/images/pcam_254.jpg,0
pcam_255,./ml_datasets/images/pcam_255.jpg,0
pcam_256,./ml_datasets/images/pcam_256.jpg,0
pcam_257,./ml_datasets/images/pcam_257.jpg,0
pcam_258,./ml_datasets/images/pcam_258.jpg,0
pcam_259,./ml_datasets/images/pcam_259.jpg,0
pcam_260,./ml_datasets/images/pcam_260.jpg,0
pcam_261,./ml_datasets/images/pcam_261.jpg,0
pcam_262,./ml_datasets/images/pcam_262.jpg,0
pcam_263,./ml_datasets/images/pcam_263.jpg,0
pcam_264,./ml_datasets/images/pcam_264.jpg,0
pcam_265,./ml_datasets/images/pcam_265.jpg,0
pcam_266,./ml_datasets/images/pcam_266.jpg,0
pcam_267,./ml_datasets/images/pcam_267.jpg,0
pcam_268,./ml_datasets/images/pcam_268.jpg,0
pcam_269,./ml_datasets/images/pcam_269.jpg,0
pcam_270,./ml_datasets/images/pcam_270.jpg,0
pcam_271,./ml_datasets/images/pcam_271.jpg,0
pcam_272,./ml_datasets/images/pcam_272.jpg,0
pcam_273,./ml_datasets/images/pcam_273.jpg,0
pcam_274,./ml_datasets/images/pcam_274.jpg,0
pcam_275,./ml_datasets/images/pcam_275.jpg,0
pcam_276,./ml_datasets/images/pcam_276.jpg,0
pcam_277,./ml_datasets/images/pcam_277.jpg,0
pcam_278,./ml_datasets/images/pcam_278.jpg,0
pcam_279,./ml_datasets/images/pcam_279.jpg,0
pcam_280,./ml_datasets/images/pcam_280.jpg,0
pcam_281,./ml_datasets/images/pcam_281.jpg,0
pcam_282,./ml_datasets/images/pcam_282.jpg,0
pcam_283,./ml_datasets/images/pcam_283.jpg,0
pcam_284,./ml_datasets/images/pcam_284.jpg,0
pcam_285,./ml_datasets/images/pcam_285.jpg,0
pcam_286,./ml_datasets/images/pcam_286.jpg,0
pcam_287,./ml_datasets/images/pcam_287.jpg,0
pcam_288,./ml_datasets/images/pcam_288.jpg,0
pcam_289,./ml_datasets/images/pcam_289.jpg,0
pcam_290,./ml_datasets/images/pcam_290.jpg,0
pcam_291,./ml_datasets/images/pcam_291.jpg,0
pcam_292,./ml_datasets/images/pcam_292.jpg,0
pcam_293,./ml_datasets/images/pcam_293.jpg,0
pcam_294,./ml_datasets/images/pcam_294.jpg,0
pcam_295,./ml_datasets/images/pcam_295.jpg,0
pcam_296,./ml_datasets/images/pcam_296.jpg,0
pcam_297,./ml_datasets/images/pcam_297.jpg,0
pcam_298,./ml_datasets/images/pcam_298.jpg,0
pcam_299,./ml_datasets/images/pcam_299.jpg,0
pcam_300,./ml_datasets/images/pcam_300.jpg,0
pcam_301,./ml_datasets/images/pcam_301.jpg,0
pcam_302,./ml_datasets/images/pcam_302.jpg,0
pcam_303,./ml_datasets/images/pcam_303.jpg,0
pcam_304,./ml_datasets/images/pcam_304.jpg,0
pcam_305,./ml_datasets/images/pcam_305.jpg,0
pcam_306,./ml_datasets/images/pcam_306.jpg,0
pcam_307,./ml_datasets/images/pcam_307.jpg,0
pcam_308,./ml_datasets/images/pcam_308.jpg,0
pcam_309,./ml_datasets/images/pcam_309.jpg,0
pcam_310,./ml_datasets/images/pcam_310.jpg,0
pcam_311,./ml_datasets/images/pcam_311.jpg,0
pcam_312,./ml_datasets/images/pcam_312.jpg,0
pcam_313,./ml_datasets/images/pcam_313.jpg,0
pcam_314,./ml_datasets/images/pcam_314.jpg,0
pcam_315,./ml_datasets/images/pcam_315.jpg,0
pcam_316,./ml_datasets/images/pcam_316.jpg,0
pcam_317,./ml_datasets/images/pcam_317.jpg,0
pcam_318,./ml_datasets/images/pcam_318.jpg,0
pcam_319,./ml_datasets/images/pcam_319.jpg,0
pcam_320,./ml_datasets/images/pcam_320.jpg,0
pcam_321,./ml_datasets/images/pcam_321.jpg,0
pcam_322,./ml_datasets/images/pcam_322.jpg,0
pcam_323,./ml_datasets/images/pcam_323.jpg,0
pcam_324,./ml_datasets/images/pcam_324.jpg,0
pcam_325,./ml_datasets/images/pcam_325.jpg,0
pcam_326,./ml_datasets/images/pcam_326.jpg,0
pcam_327,./ml_datasets/images/pcam_327.jpg,0
pcam_328,./ml_datasets/images/pcam_328.jpg,0
pcam_329,./ml_datasets/images/pcam_329.jpg,0
pcam_330,./ml_datasets/images/pcam_330.jpg,0
pcam_331,./ml_datasets/images/pcam_331.jpg,0
pcam_332,./ml_datasets/images/pcam_332.jpg,0
pcam_333,./ml_datasets/images/pcam_333.jpg,0
pcam_334,./ml_datasets/images/pcam_334.jpg,0
pcam_335,./ml_datasets/images/pcam_335.jpg,0
pcam_336,./ml_datasets/images/pcam_336.jpg,0
pcam_337,./ml_datasets/images/pcam_337.jpg,0
pcam_338,./ml_datasets/images/pcam_338.jpg,0
pcam_339,./ml_datasets/images/pcam_339.jpg,0
pcam_340,./ml_datasets/images/pcam_340.jpg,0
pcam_341,./ml_datasets/images/pcam_341.jpg,0
pcam_342,./ml_datasets/images/pcam_342.jpg,0
pcam_343,./ml_datasets/images/pcam_343.jpg,0
pcam_344,./ml_datasets/images/pcam_344.jpg,0
pcam_345,./ml_datasets/images/pcam_345.jpg,0
pcam_346,./ml_datasets/images/pcam_346.jpg,0
pcam_347,./ml_datasets/images/pcam_347.jpg,0
pcam_348,./ml_datasets/images/pcam_348.jpg,0
pcam_349,./ml_datasets/images/pcam_349.jpg,0
pcam_350,./ml_datasets/images/pcam_350.jpg,0
pcam_351,./ml_datasets/images/pcam_351.jpg,0
pcam_352,./ml_datasets/images/pcam_352.jpg,0
pcam_353,./ml_datasets/images/pcam_353.jpg,0
pcam_354,./ml_datasets/images/pcam_354.jpg,0
pcam_355,./ml_datasets/images/pcam_355.jpg,0
pcam_356,./ml_datasets/images/pcam_356.jpg,0
pcam_357,./ml_datasets/images/pcam_357.jpg,0
pcam_358,./ml_datasets/images/pcam_358.jpg,0
pcam_359,./ml_datasets/images/pcam_359.jpg,0
pcam_360,./ml_datasets/images/pcam_360.jpg,0
pcam_361,./ml_datasets/images/pcam_361.jpg,0
pcam_362,./ml_datasets/images/pcam_362.jpg,0
pcam_363,./ml_datasets/images/pcam_363.jpg,0
pcam_364,./ml_datasets/images/pcam_364.jpg,0
pcam_365,./ml_datasets/images/pcam_365.jpg,0
pcam_366,./ml_datasets/images/pcam_366.jpg,0
pcam_367,./ml_datasets/images/pcam_367.jpg,0
pcam_368,./ml_datasets/images/pcam_368.jpg,0
pcam_369,./ml_datasets/images/pcam_369.jpg,0
pcam_370,./ml_datasets/images/pcam_370.jpg,0
pcam_371,./ml_datasets/images/pcam_371.jpg,0
pcam_372,./ml_datasets/images/pcam_372.jpg,0
pcam_373,./ml_datasets/images/pcam_373.jpg,0
pcam_374,./ml_datasets/images/pcam_374.jpg,0
pcam_375,./ml_datasets/images/pcam_375.jpg,0
pcam_376,./ml_datasets/images/pcam_376.jpg,0
pcam_377,./ml_datasets/images/pcam_377.jpg,0
pcam_378,./ml_datasets/images/pcam_378.jpg,0
pcam_379,./ml_datasets/images/pcam_379.jpg,0
pcam_380,./ml_datasets/images/pcam_380.jpg,0
pcam_381,./ml_datasets/images/pcam_381.jpg,0
pcam_382,./ml_datasets/images/pcam_382.jpg,0
pcam_383,./ml_datasets/images/pcam_383.jpg,0
pcam_384,./ml_datasets/images/pcam_384.jpg,0
pcam_385,./ml_datasets/images/pcam_385.jpg,0
pcam_386,./ml_datasets/images/pcam_386.jpg,0
pcam_387,./ml_datasets/images/pcam_387.jpg,0
pcam_388,./ml_datasets/images/pcam_388.jpg,0
pcam_389,./ml_datasets/images/pcam_389.jpg,0
pcam_390,./ml_datasets/images/pcam_390.jpg,0
pcam_391,./ml_datasets/images/pcam_391.jpg,0
pcam_392,./ml_datasets/images/pcam_392.jpg,0
pcam_393,./ml_datasets/images/pcam_393.jpg,0
pcam_394,./ml_datasets/images/pcam_394.jpg,0
pcam_395,./ml_datasets/images/pcam_395.jpg,0
pcam_396,./ml_datasets/images/pcam_396.jpg,0
pcam_397,./ml_datasets/images/pcam_397.jpg,0
pcam_398,./ml_datasets/images/pcam_398.jpg,0
pcam_399,./ml_datasets/images/pcam_399.jpg,0
pcam_400,./ml_datasets/images/pcam_400.jpg,0
pcam_401,./ml_datasets/images/pcam_401.jpg,0
pcam_402,./ml_datasets/images/pcam_402.jpg,0
pcam_403,./ml_datasets/images/pcam_403.jpg,0
pcam_404,./ml_datasets/images/pcam_404.jpg,0
pcam_405,./ml_datasets/images/pcam_405.jpg,0
pcam_406,./ml_datasets/images/pcam_406.jpg,0
pcam_407,./ml_datasets/images/pcam_407.jpg,0
pcam_408,./ml_datasets/images/pcam_408.jpg,0
pcam_409,./ml_datasets/images/pcam_409.jpg,0
pcam_410,./ml_datasets/images/pcam_410.jpg,0
pcam_411,./ml_datasets/images/pcam_411.jpg,0
pcam_412,./ml_datasets/images/pcam_412.jpg,0
pcam_413,./ml_datasets/images/pcam_413.jpg,0
pcam_414,./ml_datasets/images/pcam_414.jpg,0
pcam_415,./ml_datasets/images/pcam_415.jpg,0
pcam_416,./ml_datasets/images/pcam_416.jpg,0
pcam_417,./ml_datasets/images/pcam_417.jpg,0
pcam_418,./ml_datasets/images/pcam_418.jpg,0
pcam_419,./ml_datasets/images/pcam_419.jpg,0
pcam_420,./ml_datasets/images/pcam_420.jpg,0
pcam_421,./ml_datasets/images/pcam_421.jpg,0
pcam_422,./ml_datasets/images/pcam_422.jpg,0
pcam_423,./ml_datasets/images/pcam_423.jpg,0
pcam_424,./ml_datasets/images/pcam_424.jpg,0
pcam_425,./ml_datasets/images/pcam_425.jpg,0
pcam_426,./ml_datasets/images/pcam_426.jpg,0
pcam_427,./ml_datasets/images/pcam_427.jpg,0
pcam_428,./ml_datasets/images/pcam_428.jpg,0
pcam_429,./ml_datasets/images/pcam_429.jpg,0
pcam_430,./ml_datasets/images/pcam_430.jpg,0
pcam_431,./ml_datasets/images/pcam_431.jpg,0
pcam_432,./ml_datasets/images/pcam_432.jpg,0
pcam_433,./ml_datasets/images/pcam_433.jpg,0
pcam_434,./ml_datasets/images/pcam_434.jpg,0
pcam_435,./ml_datasets/images/pcam_435.jpg,0
pcam_436,./ml_datasets/images/pcam_436.jpg,0
pcam_437,./ml_datasets/images/pcam_437.jpg,0
pcam_438,./ml_datasets/images/pcam_438.jpg,0
pcam_439,./ml_datasets/images/pcam_439.jpg,0
pcam_440,./ml_datasets/images/pcam_440.jpg,0
pcam_441,./ml_datasets/images/pcam_441.jpg,0
pcam_442,./ml_datasets/images/pcam_442.jpg,0
pcam_443,./ml_datasets/images/pcam_443.jpg,0
pcam_444,./ml_datasets/images/pcam_444.jpg,0
pcam_445,./ml_datasets/images/pcam_445.jpg,0
pcam_446,./ml_datasets/images/pcam_446.jpg,0
pcam_447,./ml_datasets/images/pcam_447.jpg,0
pcam_448,./ml_datasets/images/pcam_448.jpg,0
pcam_449,./ml_datasets/images/pcam_449.jpg,0
pcam_450,./ml_datasets/images/pcam_450.jpg,0
pcam_451,./ml_datasets/images/pcam_451.jpg,0
pcam_452,./ml_datasets/images/pcam_452.jpg,0
pcam_453,./ml_datasets/images/pcam_453.jpg,0
pcam_454,./ml_datasets/images/pcam_454.jpg,0
pcam_455,./ml_datasets/images/pcam_455.jpg,0
pcam_456,./ml_datasets/images/pcam_456.jpg,0
pcam_457,./ml_datasets/images/pcam_457.jpg,0
pcam_458,./ml_datasets/images/pcam_458.jpg,0
pcam_459,./ml_datasets/images/pcam_459.jpg,0
pcam_460,./ml_datasets/images/pcam_460.jpg,0
pcam_461,./ml_datasets/images/pcam_461.jpg,0
pcam_462,./ml_datasets/images/pcam_462.jpg,0
pcam_463,./ml_datasets/images/pcam_463.jpg,0
pcam_464,./ml_datasets/images/pcam_464.jpg,0
pcam_465,./ml_datasets/images/pcam_465.jpg,0
pcam_466,./ml_datasets/images/pcam_466.jpg,0
pcam_467,./ml_datasets/images/pcam_467.jpg,0
pcam_468,./ml_datasets/images/pcam_468.jpg,0
pcam_469,./ml_datasets/images/pcam_469.jpg,0
pcam_470,./ml_datasets/images/pcam_470.jpg,0
pcam_471,./ml_datasets/images/pcam_471.jpg,0
pcam_472,./ml_datasets/images/pcam_472.jpg,0
pcam_473,./ml_datasets/images/pcam_473.jpg,0
pcam_474,./ml_datasets/images/pcam_474.jpg,0
pcam_475,./ml_datasets/images/pcam_475.jpg,0
pcam_476,./ml_datasets/images/pcam_476.jpg,0
pcam_477,./ml_datasets/images/pcam_477.jpg,0
pcam_478,./ml_datasets/images/pcam_478.jpg,0
pcam_479,./ml_datasets/images/pcam_479.jpg,0
pcam_480,./ml_datasets/images/pcam_480.jpg,0
pcam_481,./ml_datasets/images/pcam_481.jpg,0
pcam_482,./ml_datasets/images/pcam_482.jpg,0
pcam_483,./ml_datasets/images/pcam_483.jpg,0
pcam_484,./ml_datasets/images/pcam_484.jpg,0
pcam_485,./ml_datasets/images/pcam_485.jpg,0
pcam_486,./ml_datasets/images/pcam_486.jpg,0
pcam_487,./ml_datasets/images/pcam_487.jpg,0
pcam_488,./ml_datasets/images/pcam_488.jpg,0
pcam_489,./ml_datasets/images/pcam_489.jpg,0
pcam_490,./ml_datasets/images/pcam_490.jpg,0
pcam_491,./ml_datasets/images/pcam_491.jpg,0
pcam_492,./ml_datasets/images/pcam_492.jpg,0
pcam_493,./ml_datasets/images/pcam_493.jpg,0
pcam_494,./ml_datasets/images/pcam_494.jpg,0
pcam_495,./ml_datasets/images/pcam_495.jpg,0
pcam_496,./ml_datasets/images/pcam_496.jpg,0
pcam_497,./ml_datasets/images/pcam_497.jpg,0
pcam_498,./ml_datasets/images/pcam_498.jpg,0
pcam_499,./ml_datasets/images/pcam_499.jpg,0
pcam_500,./ml_datasets/images/pcam_500.jpg,0
pcam_501,./ml_datasets/images/pcam_501.jpg,0
pcam_502,./ml_datasets/images/pcam_502.jpg,0
pcam_503,./ml_datasets/images/pcam_503.jpg,0
pcam_504,./ml_datasets/images/pcam_504.jpg,0
pcam_505,./ml_datasets/images/pcam_505.jpg,0
pcam_506,./ml_datasets/images/pcam_506.jpg,0
pcam_507,./ml_datasets/images/pcam_507.jpg,0
pcam_508,./ml_datasets/images/pcam_508.jpg,0
pcam_509,./ml_datasets/images/pcam_509.jpg,0
pcam_510,./ml_datasets/images/pcam_510.jpg,0
pcam_511,./ml_datasets/images/pcam_511.jpg,0
pcam_512,./ml_datasets/images/pcam_512.jpg,0
pcam_513,./ml_datasets/images/pcam_513.jpg,0
pcam_514,./ml_datasets/images/pcam_514.jpg,0
pcam_515,./ml_datasets/images/pcam_515.jpg,0
pcam_516,./ml_datasets/images/pcam_516.jpg,0
pcam_517,./ml_datasets/images/pcam_517.jpg,0
pcam_518,./ml_datasets/images/pcam_518.jpg,0
pcam_519,./ml_datasets/images/pcam_519.jpg,0
pcam_520,./ml_datasets/images/pcam_520.jpg,0
pcam_521,./ml_datasets/images/pcam_521.jpg,0
pcam_522,./ml_datasets/images/pcam_522.jpg,0
pcam_523,./ml_datasets/images/pcam_523.jpg,0
pcam_524,./ml_datasets/images/pcam_524.jpg,0
pcam_525,./ml_datasets/images/pcam_525.jpg,0
pcam_526,./ml_datasets/images/pcam_526.jpg,0
pcam_527,./ml_datasets/images/pcam_527.jpg,0
pcam_528,./ml_datasets/images/pcam_528.jpg,0
pcam_529,./ml_datasets/images/pcam_529.jpg,0
pcam_530,./ml_datasets/images/pcam_530.jpg,0
pcam_531,./ml_datasets/images/pcam_531.jpg,0
pcam_532,./ml_datasets/images/pcam_532.jpg,0
pcam_533,./ml_datasets/images/pcam_533.jpg,0
pcam_534,./ml_datasets/images/pcam_534.jpg,0
pcam_535,./ml_datasets/images/pcam_535.jpg,0
pcam_536,./ml_datasets/images/pcam_536.jpg,0
pcam_537,./ml_datasets/images/pcam_537.jpg,0
pcam_538,./ml_datasets/images/pcam_538.jpg,0
pcam_539,./ml_datasets/images/pcam_539.jpg,0
pcam_540,./ml_datasets/images/pcam_540.jpg,0
pcam_541,./ml_datasets/images/pcam_541.jpg,0
pcam_542,./ml_datasets/images/pcam_542.jpg,0
pcam_543,./ml_datasets/images/pcam_543.jpg,0
pcam_544,./ml_datasets/images/pcam_544.jpg,0
pcam_545,./ml_datasets/images/pcam_545.jpg,0
pcam_546,./ml_datasets/images/pcam_546.jpg,0
pcam_547,./ml_datasets/images/pcam_547.jpg,0
pcam_548,./ml_datasets/images/pcam_548.jpg,0
pcam_549,./ml_datasets/images/pcam_549.jpg,0
pcam_550,./ml_datasets/images/pcam_550.jpg,0
pcam_551,./ml_datasets/images/pcam_551.jpg,0
pcam_552,./ml_datasets/images/pcam_552.jpg,0
pcam_553,./ml_datasets/images/pcam_553.jpg,0
pcam_554,./ml_datasets/images/pcam_554.jpg,0
pcam_555,./ml_datasets/images/pcam_555.jpg,0
pcam_556,./ml_datasets/images/pcam_556.jpg,0
pcam_557,./ml_datasets/images/pcam_557.jpg,0
pcam_558,./ml_datasets/images/pcam_558.jpg,0
pcam_559,./ml_datasets/images/pcam_559.jpg,0
pcam_560,./ml_datasets/images/pcam_560.jpg,0
pcam_561,./ml_datasets/images/pcam_561.jpg,0
pcam_562,./ml_datasets/images/pcam_562.jpg,0
pcam_563,./ml_datasets/images/pcam_563.jpg,0
pcam_564,./ml_datasets/images/pcam_564.jpg,0
pcam_565,./ml_datasets/images/pcam_565.jpg,0
pcam_566,./ml_datasets/images/pcam_566.jpg,0
pcam_567,./ml_datasets/images/pcam_567.jpg,0
pcam_568,./ml_datasets/images/pcam_568.jpg,0
pcam_569,./ml_datasets/images/pcam_569.jpg,0
pcam_570,./ml_datasets/images/pcam_570.jpg,0
pcam_571,./ml_datasets/images/pcam_571.jpg,0
pcam_572,./ml_datasets/images/pcam_572.jpg,0
pcam_573,./ml_datasets/images/pcam_573.jpg,0
pcam_574,./ml_datasets/images/pcam_574.jpg,0
pcam_575,./ml_datasets/images/pcam_575.jpg,0
pcam_576,./ml_datasets/images/pcam_576.jpg,0
pcam_577,./ml_datasets/images/pcam_577.jpg,0
pcam_578,./ml_datasets/images/pcam_578.jpg,0
pcam_579,./ml_datasets/images/pcam_579.jpg,0
pcam_580,./ml_datasets/images/pcam_580.jpg,0
pcam_581,./ml_datasets/images/pcam_581.jpg,0
pcam_582,./ml_datasets/images/pcam_582.jpg,0
pcam_583,./ml_datasets/images/pcam_583.jpg,0
pcam_584,./ml_datasets/images/pcam_584.jpg,0
pcam_585,./ml_datasets/images/pcam_585.jpg,0
pcam_586,./ml_datasets/images/pcam_586.jpg,0
pcam_587,./ml_datasets/images/pcam_587.jpg,0
pcam_588,./ml_datasets/images/pcam_588.jpg,0
pcam_589,./ml_datasets/images/pcam_589.jpg,0
pcam_590,./ml_datasets/images/pcam_590.jpg,0
pcam_591,./ml_datasets/images/pcam_591.jpg,0
pcam_592,./ml_datasets/images/pcam_592.jpg,0
pcam_593,./ml_datasets/images/pcam_593.jpg,0
pcam_594,./ml_datasets/images/pcam_594.jpg,0
pcam_595,./ml_datasets/images/pcam_595.jpg,0
pcam_596,./ml_datasets/images/pcam_596.jpg,0
pcam_597,./ml_datasets/images/pcam_597.jpg,0
pcam_598,./ml_datasets/images/pcam_598.jpg,0
pcam_599,./ml_datasets/images/pcam_599.jpg,0
pcam_600,./ml_datasets/images/pcam_600.jpg,0
pcam_601,./ml_datasets/images/pcam_601.jpg,0
pcam_602,./ml_datasets/images/pcam_602.jpg,0
pcam_603,./ml_datasets/images/pcam_603.jpg,0
pcam_604,./ml_datasets/images/pcam_604.jpg,0
pcam_605,./ml_datasets/images/pcam_605.jpg,0
pcam_606,./ml_datasets/images/pcam_606.jpg,0
pcam_607,./ml_datasets/images/pcam_607.jpg,0
pcam_608,./ml_datasets/images/pcam_608.jpg,0
pcam_609,./ml_datasets/images/pcam_609.jpg,0
pcam_610,./ml_datasets/images/pcam_610.jpg,0
pcam_611,./ml_datasets/images/pcam_611.jpg,0
pcam_612,./ml_datasets/images/pcam_612.jpg,0
pcam_613,./ml_datasets/images/pcam_613.jpg,0
pcam_614,./ml_datasets/images/pcam_614.jpg,0
pcam_615,./ml_datasets/images/pcam_615.jpg,0
pcam_616,./ml_datasets/images/pcam_616.jpg,0
pcam_617,./ml_datasets/images/pcam_617.jpg,0
pcam_618,./ml_datasets/images/pcam_618.jpg,0
pcam_619,./ml_datasets/images/pcam_619.jpg,0
pcam_620,./ml_datasets/images/pcam_620.jpg,0
pcam_621,./ml_datasets/images/pcam_621.jpg,0
pcam_622,./ml_datasets/images/pcam_622.jpg,0
pcam_623,./ml_datasets/images/pcam_623.jpg,0
pcam_624,./ml_datasets/images/pcam_624.jpg,0
pcam_625,./ml_datasets/images/pcam_625.jpg,0
pcam_626,./ml_datasets/images/pcam_626.jpg,0
pcam_627,./ml_datasets/images/pcam_627.jpg,0
pcam_628,./ml_datasets/images/pcam_628.jpg,0
pcam_629,./ml_datasets/images/pcam_629.jpg,0
pcam_630,./ml_datasets/images/pcam_630.jpg,0
pcam_631,./ml_datasets/images/pcam_631.jpg,0
pcam_632,./ml_datasets/images/pcam_632.jpg,0
pcam_633,./ml_datasets/images/pcam_633.jpg,0
pcam_634,./ml_datasets/images/pcam_634.jpg,0
pcam_635,./ml_datasets/images/pcam_635.jpg,0
pcam_636,./ml_datasets/images/pcam_636.jpg,0
pcam_637,./ml_datasets/images/pcam_637.jpg,0
pcam_638,./ml_datasets/images/pcam_638.jpg,0
pcam_639,./ml_datasets/images/pcam_639.jpg,0
pcam_640,./ml_datasets/images/pcam_640.jpg,0
pcam_641,./ml_datasets/images/pcam_641.jpg,0
pcam_642,./ml_datasets/images/pcam_642.jpg,0
pcam_643,./ml_datasets/images/pcam_643.jpg,0
pcam_644,./ml_datasets/images/pcam_644.jpg,0
pcam_645,./ml_datasets/images/pcam_645.jpg,0
pcam_646,./ml_datasets/images/pcam_646.jpg,0
pcam_647,./ml_datasets/images/pcam_647.jpg,0
pcam_648,./ml_datasets/images/pcam_648.jpg,0
pcam_649,./ml_datasets/images/pcam_649.jpg,0
pcam_650,./ml_datasets/images/pcam_650.jpg,0
pcam_651,./ml_datasets/images/pcam_651.jpg,0
pcam_652,./ml_datasets/images/pcam_652.jpg,0
pcam_653,./ml_datasets/images/pcam_653.jpg,0
pcam_654,./ml_datasets/images/pcam_654.jpg,0
pcam_655,./ml_datasets/images/pcam_655.jpg,0
pcam_656,./ml_datasets/images/pcam_656.jpg,0
pcam_657,./ml_datasets/images/pcam_657.jpg,0
pcam_658,./ml_datasets/images/pcam_658.jpg,0
pcam_659,./ml_datasets/images/pcam_659.jpg,0
pcam_660,./ml_datasets/images/pcam_660.jpg,0
pcam_661,./ml_datasets/images/pcam_661.jpg,0
pcam_662,./ml_datasets/images/pcam_662.jpg,0
pcam_663,./ml_datasets/images/pcam_663.jpg,0
pcam_664,./ml_datasets/images/pcam_664.jpg,0
pcam_665,./ml_datasets/images/pcam_665.jpg,0
pcam_666,./ml_datasets/images/pcam_666.jpg,0
pcam_667,./ml_datasets/images/pcam_667.jpg,0
pcam_668,./ml_datasets/images/pcam_668.jpg,0
pcam_669,./ml_datasets/images/pcam_669.jpg,0
pcam_670,./ml_datasets/images/pcam_670.jpg,0
pcam_671,./ml_datasets/images/pcam_671.jpg,0
pcam_672,./ml_datasets/images/pcam_672.jpg,0
pcam_673,./ml_datasets/images/pcam_673.jpg,0
pcam_674,./ml_datasets/images/pcam_674.jpg,0
pcam_675,./ml_datasets/images/pcam_675.jpg,0
pcam_676,./ml_datasets/images/pcam_676.jpg,0
pcam_677,./ml_datasets/images/pcam_677.jpg,0
pcam_678,./ml_datasets/images/pcam_678.jpg,0
pcam_679,./ml_datasets/images/pcam_679.jpg,0
pcam_680,./ml_datasets/images/pcam_680.jpg,0
pcam_681,./ml_datasets/images/pcam_681.jpg,0
pcam_682,./ml_datasets/images/pcam_682.jpg,0
pcam_683,./ml_datasets/images/pcam_683.jpg,0
pcam_684,./ml_datasets/images/pcam_684.jpg,0
pcam_685,./ml_datasets/images/pcam_685.jpg,0
pcam_686,./ml_datasets/images/pcam_686.jpg,0
pcam_687,./ml_datasets/images/pcam_687.jpg,0
pcam_688,./ml_datasets/images/pcam_688.jpg,0
pcam_689,./ml_datasets/images/pcam_689.jpg,0
pcam_690,./ml_datasets/images/pcam_690.jpg,0
pcam_691,./ml_datasets/images/pcam_691.jpg,0
pcam_692,./ml_datasets/images/pcam_692.jpg,0
pcam_693,./ml_datasets/images/pcam_693.jpg,0
pcam_694,./ml_datasets/images/pcam_694.jpg,0
pcam_695,./ml_datasets/images/pcam_695.jpg,0
pcam_696,./ml_datasets/images/pcam_696.jpg,0
pcam_697,./ml_datasets/images/pcam_697.jpg,0
pcam_698,./ml_datasets/images/pcam_698.jpg,0
pcam_699,./ml_datasets/images/pcam_699.jpg,0
pcam_700,./ml_datasets/images/pcam_700.jpg,0
pcam_701,./ml_datasets/images/pcam_701.jpg,0
pcam_702,./ml_datasets/images/pcam_702.jpg,0
pcam_703,./ml_datasets/images/pcam_703.jpg,0
pcam_704,./ml_datasets/images/pcam_704.jpg,0
pcam_705,./ml_datasets/images/pcam_705.jpg,0
pcam_706,./ml_datasets/images/pcam_706.jpg,0
pcam_707,./ml_datasets/images/pcam_707.jpg,0
pcam_708,./ml_datasets/images/pcam_708.jpg,0
pcam_709,./ml_datasets/images/pcam_709.jpg,0
pcam_710,./ml_datasets/images/pcam_710.jpg,0
pcam_711,./ml_datasets/images/pcam_711.jpg,0
pcam_712,./ml_datasets/images/pcam_712.jpg,0
pcam_713,./ml_datasets/images/pcam_713.jpg,0
pcam_714,./ml_datasets/images/pcam_714.jpg,0
pcam_715,./ml_datasets/images/pcam_715.jpg,0
pcam_716,./ml_datasets/images/pcam_716.jpg,0
pcam_717,./ml_datasets/images/pcam_717.jpg,0
pcam_718,./ml_datasets/images/pcam_718.jpg,0
pcam_719,./ml_datasets/images/pcam_719.jpg,0
pcam_720,./ml_datasets/images/pcam_720.jpg,0
pcam_721,./ml_datasets/images/pcam_721.jpg,0
pcam_722,./ml_datasets/images/pcam_722.jpg,0
pcam_723,./ml_datasets/images/pcam_723.jpg,0
pcam_724,./ml_datasets/images/pcam_724.jpg,0
pcam_725,./ml_datasets/images/pcam_725.jpg,0
pcam_726,./ml_datasets/images/pcam_726.jpg,0
pcam_727,./ml_datasets/images/pcam_727.jpg,0
pcam_728,./ml_datasets/images/pcam_728.jpg,0
pcam_729,./ml_datasets/images/pcam_729.jpg,0
pcam_730,./ml_datasets/images/pcam_730.jpg,0
pcam_731,./ml_datasets/images/pcam_731.jpg,0
pcam_732,./ml_datasets/images/pcam_732.jpg,0
pcam_733,./ml_datasets/images/pcam_733.jpg,0
pcam_734,./ml_datasets/images/pcam_734.jpg,0
pcam_735,./ml_datasets/images/pcam_735.jpg,0
pcam_736,./ml_datasets/images/pcam_736.jpg,0
pcam_737,./ml_datasets/images/pcam_737.jpg,0
pcam_738,./ml_datasets/images/pcam_738.jpg,0
pcam_739,./ml_datasets/images/pcam_739.jpg,0
pcam_740,./ml_datasets/images/pcam_740.jpg,0
pcam_741,./ml_datasets/images/pcam_741.jpg,0
pcam_742,./ml_datasets/images/pcam_742.jpg,0
pcam_743,./ml_datasets/images/pcam_743.jpg,0
pcam_744,./ml_datasets/images/pcam_744.jpg,0
pcam_745,./ml_datasets/images/pcam_745.jpg,0
pcam_746,./ml_datasets/images/pcam_746.jpg,0
pcam_747,./ml_datasets/images/pcam_747.jpg,0
pcam_748,./ml_datasets/images/pcam_748.jpg,0
pcam_749,./ml_datasets/images/pcam_749.jpg,0
pcam_750,./ml_datasets/images/pcam_750.jpg,0
pcam_751,./ml_datasets/images/pcam_751.jpg,0
pcam_752,./ml_datasets/images/pcam_752.jpg,0
pcam_753,./ml_datasets/images/pcam_753.jpg,0
pcam_754,./ml_datasets/images/pcam_754.jpg,0
pcam_755,./ml_datasets/images/pcam_755.jpg,0
pcam_756,./ml_datasets/images/pcam_756.jpg,0
pcam_757,./ml_datasets/images/pcam_757.jpg,0
pcam_758,./ml_datasets/images/pcam_758.jpg,0
pcam_759,./ml_datasets/images/pcam_759.jpg,0
pcam_760,./ml_datasets/images/pcam_760.jpg,0
pcam_761,./ml_datasets/images/pcam_761.jpg,0
pcam_762,./ml_datasets/images/pcam_762.jpg,0
pcam_763,./ml_datasets/images/pcam_763.jpg,0
pcam_764,./ml_datasets/images/pcam_764.jpg,0
pcam_765,./ml_datasets/images/pcam_765.jpg,0
pcam_766,./ml_datasets/images/pcam_766.jpg,0
pcam_767,./ml_datasets/images/pcam_767.jpg,0
pcam_768,./ml_datasets/images/pcam_768.jpg,0
pcam_769,./ml_datasets/images/pcam_769.jpg,0
pcam_770,./ml_datasets/images/pcam_770.jpg,0
pcam_771,./ml_datasets/images/pcam_771.jpg,0
pcam_772,./ml_datasets/images/pcam_772.jpg,0
pcam_773,./ml_datasets/images/pcam_773.jpg,0
pcam_774,./ml_datasets/images/pcam_774.jpg,0
pcam_775,./ml_datasets/images/pcam_775.jpg,0
pcam_776,./ml_datasets/images/pcam_776.jpg,0
pcam_777,./ml_datasets/images/pcam_777.jpg,0
pcam_778,./ml_datasets/images/pcam_778.jpg,0
pcam_779,./ml_datasets/images/pcam_779.jpg,0
pcam_780,./ml_datasets/images/pcam_780.jpg,0
pcam_781,./ml_datasets/images/pcam_781.jpg,0
pcam_782,./ml_datasets/images/pcam_782.jpg,0
pcam_783,./ml_datasets/images/pcam_783.jpg,0
pcam_784,./ml_datasets/images/pcam_784.jpg,0
pcam_785,./ml_datasets/images/pcam_785.jpg,0
pcam_786,./ml_datasets/images/pcam_786.jpg,0
pcam_787,./ml_datasets/images/pcam_787.jpg,0
pcam_788,./ml_datasets/images/pcam_788.jpg,0
pcam_789,./ml_datasets/images/pcam_789.jpg,0
pcam_790,./ml_datasets/images/pcam_790.jpg,0
pcam_791,./ml_datasets/images/pcam_791.jpg,0
pcam_792,./ml_datasets/images/pcam_792.jpg,0
pcam_793,./ml_datasets/images/pcam_793.jpg,0
pcam_794,./ml_datasets/images/pcam_794.jpg,0
pcam_795,./ml_datasets/images/pcam_795.jpg,0
pcam_796,./ml_datasets/images/pcam_796.jpg,0
pcam_797,./ml_datasets/images/pcam_797.jpg,0
pcam_798,./ml_datasets/images/pcam_798.jpg,0
pcam_799,./ml_datasets/images/pcam_799.jpg,0
pcam_800,./ml_datasets/images/pcam_800.jpg,0
pcam_801,./ml_datasets/images/pcam_801.jpg,0
pcam_802,./ml_datasets/images/pcam_802.jpg,0
pcam_803,./ml_datasets/images/pcam_803.jpg,0
pcam_804,./ml_datasets/images/pcam_804.jpg,0
pcam_805,./ml_datasets/images/pcam_805.jpg,0
pcam_806,./ml_datasets/images/pcam_806.jpg,0
pcam_807,./ml_datasets/images/pcam_807.jpg,0
pcam_808,./ml_datasets/images/pcam_808.jpg,0
pcam_809,./ml_datasets/images/pcam_809.jpg,0
pcam_810,./ml_datasets/images/pcam_810.jpg,0
pcam_811,./ml_datasets/images/pcam_811.jpg,0
pcam_812,./ml_datasets/images/pcam_812.jpg,0
pcam_813,./ml_datasets/images/pcam_813.jpg,0
pcam_814,./ml_datasets/images/pcam_814.jpg,0
pcam_815,./ml_datasets/images/pcam_815.jpg,0
pcam_816,./ml_datasets/images/pcam_816.jpg,0
pcam_817,./ml_datasets/images/pcam_817.jpg,0
pcam_818,./ml_datasets/images/pcam_818.jpg,0
pcam_819,./ml_datasets/images/pcam_819.jpg,0
pcam_820,./ml_datasets/images/pcam_820.jpg,0
pcam_821,./ml_datasets/images/pcam_821.jpg,0
pcam_822,./ml_datasets/images/pcam_822.jpg,0
pcam_823,./ml_datasets/images/pcam_823.jpg,0
pcam_824,./ml_datasets/images/pcam_824.jpg,0
pcam_825,./ml_datasets/images/pcam_825.jpg,0
pcam_826,./ml_datasets/images/pcam_826.jpg,0
pcam_827,./ml_datasets/images/pcam_827.jpg,0
pcam_828,./ml_datasets/images/pcam_828.jpg,0
pcam_829,./ml_datasets/images/pcam_829.jpg,0
pcam_830,./ml_datasets/images/pcam_830.jpg,0
pcam_831,./ml_datasets/images/pcam_831.jpg,0
pcam_832,./ml_datasets/images/pcam_832.jpg,0
pcam_833,./ml_datasets/images/pcam_833.jpg,0
pcam_834,./ml_datasets/images/pcam_834.jpg,0
pcam_835,./ml_datasets/images/pcam_835.jpg,0
pcam_836,./ml_datasets/images/pcam_836.jpg,0
pcam_837,./ml_datasets/images/pcam_837.jpg,0
pcam_838,./ml_datasets/images/pcam_838.jpg,0
pcam_839,./ml_datasets/images/pcam_839.jpg,0
pcam_840,./ml_datasets/images/pcam_840.jpg,0
pcam_841,./ml_datasets/images/pcam_841.jpg,0
pcam_842,./ml_datasets/images/pcam_842.jpg,0
pcam_843,./ml_datasets/images/pcam_843.jpg,0
pcam_844,./ml_datasets/images/pcam_844.jpg,0
pcam_845,./ml_datasets/images/pcam_845.jpg,0
pcam_846,./ml_datasets/images/pcam_846.jpg,0
pcam_847,./ml_datasets/images/pcam_847.jpg,0
pcam_848,./ml_datasets/images/pcam_848.jpg,0
pcam_849,./ml_datasets/images/pcam_849.jpg,0
pcam_850,./ml_datasets/images/pcam_850.jpg,0
pcam_851,./ml_datasets/images/pcam_851.jpg,0
pcam_852,./ml_datasets/images/pcam_852.jpg,0
pcam_853,./ml_datasets/images/pcam_853.jpg,0
pcam_854,./ml_datasets/images/pcam_854.jpg,0
pcam_855,./ml_datasets/images/pcam_855.jpg,0
pcam_856,./ml_datasets/images/pcam_856.jpg,0
pcam_857,./ml_datasets/images/pcam_857.jpg,0
pcam_858,./ml_datasets/images/pcam_858.jpg,0
pcam_859,./ml_datasets/images/pcam_859.jpg,0
pcam_860,./ml_datasets/images/pcam_860.jpg,0
pcam_861,./ml_datasets/images/pcam_861.jpg,0
pcam_862,./ml_datasets/images/pcam_862.jpg,0
pcam_863,./ml_datasets/images/pcam_863.jpg,0
pcam_864,./ml_datasets/images/pcam_864.jpg,0
pcam_865,./ml_datasets/images/pcam_865.jpg,0
pcam_866,./ml_datasets/images/pcam_866.jpg,0
pcam_867,./ml_datasets/images/pcam_867.jpg,0
pcam_868,./ml_datasets/images/pcam_868.jpg,0
pcam_869,./ml_datasets/images/pcam_869.jpg,0
pcam_870,./ml_datasets/images/pcam_870.jpg,0
pcam_871,./ml_datasets/images/pcam_871.jpg,0
pcam_872,./ml_datasets/images/pcam_872.jpg,0
pcam_873,./ml_datasets/images/pcam_873.jpg,0
pcam_874,./ml_datasets/images/pcam_874.jpg,0
pcam_875,./ml_datasets/images/pcam_875.jpg,0
pcam_876,./ml_datasets/images/pcam_876.jpg,0
pcam_877,./ml_datasets/images/pcam_877.jpg,0
pcam_878,./ml_datasets/images/pcam_878.jpg,0
pcam_879,./ml_datasets/images/pcam_879.jpg,0
pcam_880,./ml_datasets/images/pcam_880.jpg,0
pcam_881,./ml_datasets/images/pcam_881.jpg,0
pcam_882,./ml_datasets/images/pcam_882.jpg,0
pcam_883,./ml_datasets/images/pcam_883.jpg,0
pcam_884,./ml_datasets/images/pcam_884.jpg,0
pcam_885,./ml_datasets/images/pcam_885.jpg,0
pcam_886,./ml_datasets/images/pcam_886.jpg,0
pcam_887,./ml_datasets/images/pcam_887.jpg,0
pcam_888,./ml_datasets/images/pcam_888.jpg,0
pcam_889,./ml_datasets/images/pcam_889.jpg,0
pcam_890,./ml_datasets/images/pcam_890.jpg,0
pcam_891,./ml_datasets/images/pcam_891.jpg,0
pcam_892,./ml_datasets/images/pcam_892.jpg,0
pcam_893,./ml_datasets/images/pcam_893.jpg,0
pcam_894,./ml_datasets/images/pcam_894.jpg,0
pcam_895,./ml_datasets/images/pcam_895.jpg,0
pcam_896,./ml_datasets/images/pcam_896.jpg,0
pcam_897,./ml_datasets/images/pcam_897.jpg,0
pcam_898,./ml_datasets/images/pcam_898.jpg,0
pcam_899,./ml_datasets/images/pcam_899.jpg,0
pcam_900,./ml_datasets/images/pcam_900.jpg,0
pcam_901,./ml_datasets/images/pcam_901.jpg,0
pcam_902,./ml_datasets/images/pcam_902.jpg,0
pcam_903,./ml_datasets/images/pcam_903.jpg,0
pcam_904,./ml_datasets/images/pcam_904.jpg,0
pcam_905,./ml_datasets/images/pcam_905.jpg,0
pcam_906,./ml_datasets/images/pcam_906.jpg,0
pcam_907,./ml_datasets/images/pcam_907.jpg,0
pcam_908,./ml_datasets/images/pcam_908.jpg,0
pcam_909,./ml_datasets/images/pcam_909.jpg,0
pcam_910,./ml_datasets/images/pcam_910.jpg,0
pcam_911,./ml_datasets/images/pcam_911.jpg,0
pcam_912,./ml_datasets/images/pcam_912.jpg,0
pcam_913,./ml_datasets/images/pcam_913.jpg,0
pcam_914,./ml_datasets/images/pcam_914.jpg,0
pcam_915,./ml_datasets/images/pcam_915.jpg,0
pcam_916,./ml_datasets/images/pcam_916.jpg,0
pcam_917,./ml_datasets/images/pcam_917.jpg,0
pcam_918,./ml_datasets/images/pcam_918.jpg,0
pcam_919,./ml_datasets/images/pcam_919.jpg,0
pcam_920,./ml_datasets/images/pcam_920.jpg,0
pcam_921,./ml_datasets/images/pcam_921.jpg,0
pcam_922,./ml_datasets/images/pcam_922.jpg,0
pcam_923,./ml_datasets/images/pcam_923.jpg,0
pcam_924,./ml_datasets/images/pcam_924.jpg,0
pcam_925,./ml_datasets/images/pcam_925.jpg,0
pcam_926,./ml_datasets/images/pcam_926.jpg,0
pcam_927,./ml_datasets/images/pcam_927.jpg,0
pcam_928,./ml_datasets/images/pcam_928.jpg,0
pcam_929,./ml_datasets/images/pcam_929.jpg,0
pcam_930,./ml_datasets/images/pcam_930.jpg,0
pcam_931,./ml_datasets/images/pcam_931.jpg,0
pcam_932,./ml_datasets/images/pcam_932.jpg,0
pcam_933,./ml_datasets/images/pcam_933.jpg,0
pcam_934,./ml_datasets/images/pcam_934.jpg,0
pcam_935,./ml_datasets/images/pcam_935.jpg,0
pcam_936,./ml_datasets/images/pcam_936.jpg,0
pcam_937,./ml_datasets/images/pcam_937.jpg,0
pcam_938,./ml_datasets/images/pcam_938.jpg,0
pcam_939,./ml_datasets/images/pcam_939.jpg,0
pcam_940,./ml_datasets/images/pcam_940.jpg,0
pcam_941,./ml_datasets/images/pcam_941.jpg,0
pcam_942,./ml_datasets/images/pcam_942.jpg,0
pcam_943,./ml_datasets/images/pcam_943.jpg,0
pcam_944,./ml_datasets/images/pcam_944.jpg,0
pcam_945,./ml_datasets/images/pcam_945.jpg,0
pcam_946,./ml_datasets/images/pcam_946.jpg,0
pcam_947,./ml_datasets/images/pcam_947.jpg,0
pcam_948,./ml_datasets/images/pcam_948.jpg,0
pcam_949,./ml_datasets/images/pcam_949.jpg,0
pcam_950,./ml_datasets/images/pcam_950.jpg,0
pcam_951,./ml_datasets/images/pcam_951.jpg,0
pcam_952,./ml_datasets/images/pcam_952.jpg,0
pcam_953,./ml_datasets/images/pcam_953.jpg,0
pcam_954,./ml_datasets/images/pcam_954.jpg,0
pcam_955,./ml_datasets/images/pcam_955.jpg,0
pcam_956,./ml_datasets/images/pcam_956.jpg,0
pcam_957,./ml_datasets/images/pcam_957.jpg,0
pcam_958,./ml_datasets/images/pcam_958.jpg,0
pcam_959,./ml_datasets/images/pcam_959.jpg,0
pcam_960,./ml_datasets/images/pcam_960.jpg,0
pcam_961,./ml_datasets/images/pcam_961.jpg,0
pcam_962,./ml_datasets/images/pcam_962.jpg,0
pcam_963,./ml_datasets/images/pcam_963.jpg,0
pcam_964,./ml_datasets/images/pcam_964.jpg,0
pcam_965,./ml_datasets/images/pcam_965.jpg,0
pcam_966,./ml_datasets/images/pcam_966.jpg,0
pcam_967,./ml_datasets/images/pcam_967.jpg,0
pcam_968,./ml_datasets/images/pcam_968.jpg,0
pcam_969,./ml_datasets/images/pcam_969.jpg,0
pcam_970,./ml_datasets/images/pcam_970.jpg,0
pcam_971,./ml_datasets/images/pcam_971.jpg,0
pcam_972,./ml_datasets/images/pcam_972.jpg,0
pcam_973,./ml_datasets/images/pcam_973.jpg,0
pcam_974,./ml_datasets/images/pcam_974.jpg,0
pcam_975,./ml_datasets/images/pcam_975.jpg,0
pcam_976,./ml_datasets/images/pcam_976.jpg,0
pcam_977,./ml_datasets/images/pcam_977.jpg,0
pcam_978,./ml_datasets/images/pcam_978.jpg,0
pcam_979,./ml_datasets/images/pcam_979.jpg,0
pcam_980,./ml_datasets/images/pcam_980.jpg,0
pcam_981,./ml_datasets/images/pcam_981.jpg,0
pcam_982,./ml_datasets/images/pcam_982.jpg,0
pcam_983,./ml_datasets/images/pcam_983.jpg,0
pcam_984,./ml_datasets/images/pcam_984.jpg,0
pcam_985,./ml_datasets/images/pcam_985.jpg,0
pcam_986,./ml_datasets/images/pcam_986.jpg,0
pcam_987,./ml_datasets/images/pcam_987.jpg,0
pcam_988,./ml_datasets/images/pcam_988.jpg,0
pcam_989,./ml_datasets/images/pcam_989.jpg,0
pcam_990,./ml_datasets/images/pcam_990.jpg,0
pcam_991,./ml_datasets/images/pcam_991.jpg,0
pcam_992,./ml_datasets/images/pcam_992.jpg,0
pcam_993,./ml_datasets/images/pcam_993.jpg,0
pcam_994,./ml_datasets/images/pcam_994.jpg,0
pcam_995,./ml_datasets/images/pcam_995.jpg,0
pcam_996,./ml_datasets/images/pcam_996.jpg,0
pcam_997,./ml_datasets/images/pcam_997.jpg,0
pcam_998,./ml_datasets/images/pcam_998.jpg,0
pcam_999,./ml_datasets/images/pcam_999.jpg,0
pcam_1000,./ml_datasets/images/pcam_1000.jpg,0
pcam_1001,./ml_datasets/images/pcam_1001.jpg,0
pcam_1002,./ml_datasets/images/pcam_1002.jpg,0
pcam_1003,./ml_datasets/images/pcam_1003.jpg,0
pcam_1004,./ml_datasets/images/pcam_1004.jpg,0
pcam_1005,./ml_datasets/images/pcam_1005.jpg,0
pcam_1006,./ml_datasets/images/pcam_1006.jpg,0
pcam_1007,./ml_datasets/images/pcam_1007.jpg,0
pcam_1008,./ml_datasets/images/pcam_1008.jpg,0
pcam_1009,./ml_datasets/images/pcam_1009.jpg,0
pcam_1010,./ml_datasets/images/pcam_1010.jpg,0
pcam_1011,./ml_datasets/images/pcam_1011.jpg,0
pcam_1012,./ml_datasets/images/pcam_1012.jpg,0
pcam_1013,./ml_datasets/images/pcam_1013.jpg,0
pcam_1014,./ml_datasets/images/pcam_1014.jpg,0
pcam_1015,./ml_datasets/images/pcam_1015.jpg,0
pcam_1016,./ml_datasets/images/pcam_1016.jpg,0
pcam_1017,./ml_datasets/images/pcam_1017.jpg,0
pcam_1018,./ml_datasets/images/pcam_1018.jpg,0
pcam_1019,./ml_datasets/images/pcam_1019.jpg,0
pcam_1020,./ml_datasets/images/pcam_1020.jpg,0
pcam_1021,./ml_datasets/images/pcam_1021.jpg,0
pcam_1022,./ml_datasets/images/pcam_1022.jpg,0
pcam_1023,./ml_datasets/images/pcam_1023.jpg,0
pcam_1024,./ml_datasets/images/pcam_1024.jpg,0
pcam_1025,./ml_datasets/images/pcam_1025.jpg,0
pcam_1026,./ml_datasets/images/pcam_1026.jpg,0
pcam_1027,./ml_datasets/images/pcam_1027.jpg,0
pcam_1028,./ml_datasets/images/pcam_1028.jpg,0
pcam_1029,./ml_datasets/images/pcam_1029.jpg,0
pcam_1030,./ml_datasets/images/pcam_1030.jpg,0
pcam_1031,./ml_datasets/images/pcam_1031.jpg,0
pcam_1032,./ml_datasets/images/pcam_1032.jpg,0
pcam_1033,./ml_datasets/images/pcam_1033.jpg,0
pcam_1034,./ml_datasets/images/pcam_1034.jpg,0
pcam_1035,./ml_datasets/images/pcam_1035.jpg,0
pcam_1036,./ml_datasets/images/pcam_1036.jpg,0
pcam_1037,./ml_datasets/images/pcam_1037.jpg,0
pcam_1038,./ml_datasets/images/pcam_1038.jpg,0
pcam_1039,./ml_datasets/images/pcam_1039.jpg,0
pcam_1040,./ml_datasets/images/pcam_1040.jpg,0
pcam_1041,./ml_datasets/images/pcam_1041.jpg,0
pcam_1042,./ml_datasets/images/pcam_1042.jpg,0
pcam_1043,./ml_datasets/images/pcam_1043.jpg,0
pcam_1044,./ml_datasets/images/pcam_1044.jpg,0
pcam_1045,./ml_datasets/images/pcam_1045.jpg,0
pcam_1046,./ml_datasets/images/pcam_1046.jpg,0
pcam_1047,./ml_datasets/images/pcam_1047.jpg,0
pcam_1048,./ml_datasets/images/pcam_1048.jpg,0
pcam_1049,./ml_datasets/images/pcam_1049.jpg,0
pcam_1050,./ml_datasets/images/pcam_1050.jpg,0
pcam_1051,./ml_datasets/images/pcam_1051.jpg,0
pcam_1052,./ml_datasets/images/pcam_1052.jpg,0
pcam_1053,./ml_datasets/images/pcam_1053.jpg,0
pcam_1054,./ml_datasets/images/pcam_1054.jpg,0
pcam_1055,./ml_datasets/images/pcam_1055.jpg,0
pcam_1056,./ml_datasets/images/pcam_1056.jpg,0
pcam_1057,./ml_datasets/images/pcam_1057.jpg,0
pcam_1058,./ml_datasets/images/pcam_1058.jpg,0
pcam_1059,./ml_datasets/images/pcam_1059.jpg,0
pcam_1060,./ml_datasets/images/pcam_1060.jpg,0
pcam_1061,./ml_datasets/images/pcam_1061.jpg,0
pcam_1062,./ml_datasets/images/pcam_1062.jpg,0
pcam_1063,./ml_datasets/images/pcam_1063.jpg,0
pcam_1064,./ml_datasets/images/pcam_1064.jpg,0
pcam_1065,./ml_datasets/images/pcam_1065.jpg,0
pcam_1066,./ml_datasets/images/pcam_1066.jpg,0
pcam_1067,./ml_datasets/images/pcam_1067.jpg,0
pcam_1068,./ml_datasets/images/pcam_1068.jpg,0
pcam_1069,./ml_datasets/images/pcam_1069.jpg,0
pcam_1070,./ml_datasets/images/pcam_1070.jpg,0
pcam_1071,./ml_datasets/images/pcam_1071.jpg,0
pcam_1072,./ml_datasets/images/pcam_1072.jpg,0
pcam_1073,./ml_datasets/images/pcam_1073.jpg,0
pcam_1074,./ml_datasets/images/pcam_1074.jpg,0
pcam_1075,./ml_datasets/images/pcam_1075.jpg,0
pcam_1076,./ml_datasets/images/pcam_1076.jpg,0
pcam_1077,./ml_datasets/images/pcam_1077.jpg,0
pcam_1078,./ml_datasets/images/pcam_1078.jpg,0
pcam_1079,./ml_datasets/images/pcam_1079.jpg,0
pcam_1080,./ml_datasets/images/pcam_1080.jpg,0
pcam_1081,./ml_datasets/images/pcam_1081.jpg,0
pcam_1082,./ml_datasets/images/pcam_1082.jpg,0
pcam_1083,./ml_datasets/images/pcam_1083.jpg,0
pcam_1084,./ml_datasets/images/pcam_1084.jpg,0
pcam_1085,./ml_datasets/images/pcam_1085.jpg,0
pcam_1086,./ml_datasets/images/pcam_1086.jpg,0
pcam_1087,./ml_datasets/images/pcam_1087.jpg,0
pcam_1088,./ml_datasets/images/pcam_1088.jpg,0
pcam_1089,./ml_datasets/images/pcam_1089.jpg,0
pcam_1090,./ml_datasets/images/pcam_1090.jpg,0
pcam_1091,./ml_datasets/images/pcam_1091.jpg,0
pcam_1092,./ml_datasets/images/pcam_1092.jpg,0
pcam_1093,./ml_datasets/images/pcam_1093.jpg,0
pcam_1094,./ml_datasets/images/pcam_1094.jpg,0
pcam_1095,./ml_datasets/images/pcam_1095.jpg,0
pcam_1096,./ml_datasets/images/pcam_1096.jpg,0
pcam_1097,./ml_datasets/images/pcam_1097.jpg,0
pcam_1098,./ml_datasets/images/pcam_1098.jpg,0
pcam_1099,./ml_datasets/images/pcam_1099.jpg,0
pcam_1100,./ml_datasets/images/pcam_1100.jpg,0
pcam_1101,./ml_datasets/images/pcam_1101.jpg,0
pcam_1102,./ml_datasets/images/pcam_1102.jpg,0
pcam_1103,./ml_datasets/images/pcam_1103.jpg,0
pcam_1104,./ml_datasets/images/pcam_1104.jpg,0
pcam_1105,./ml_datasets/images/pcam_1105.jpg,0
pcam_1106,./ml_datasets/images/pcam_1106.jpg,0
pcam_1107,./ml_datasets/images/pcam_1107.jpg,0
pcam_1108,./ml_datasets/images/pcam_1108.jpg,0
pcam_1109,./ml_datasets/images/pcam_1109.jpg,0
pcam_1110,./ml_datasets/images/pcam_1110.jpg,0
pcam_1111,./ml_datasets/images/pcam_1111.jpg,0
pcam_1112,./ml_datasets/images/pcam_1112.jpg,0
pcam_1113,./ml_datasets/images/pcam_1113.jpg,0
pcam_1114,./ml_datasets/images/pcam_1114.jpg,0
pcam_1115,./ml_datasets/images/pcam_1115.jpg,0
pcam_1116,./ml_datasets/images/pcam_1116.jpg,0
pcam_1117,./ml_datasets/images/pcam_1117.jpg,0
pcam_1118,./ml_datasets/images/pcam_1118.jpg,0
pcam_1119,./ml_datasets/images/pcam_1119.jpg,0
pcam_1120,./ml_datasets/images/pcam_1120.jpg,0
pcam_1121,./ml_datasets/images/pcam_1121.jpg,0
pcam_1122,./ml_datasets/images/pcam_1122.jpg,0
pcam_1123,./ml_datasets/images/pcam_1123.jpg,0
pcam_1124,./ml_datasets/images/pcam_1124.jpg,0
pcam_1125,./ml_datasets/images/pcam_1125.jpg,0
pcam_1126,./ml_datasets/images/pcam_1126.jpg,0
pcam_1127,./ml_datasets/images/pcam_1127.jpg,0
pcam_1128,./ml_datasets/images/pcam_1128.jpg,0
pcam_1129,./ml_datasets/images/pcam_1129.jpg,0
pcam_1130,./ml_datasets/images/pcam_1130.jpg,0
pcam_1131,./ml_datasets/images/pcam_1131.jpg,0
pcam_1132,./ml_datasets/images/pcam_1132.jpg,0
pcam_1133,./ml_datasets/images/pcam_1133.jpg,0
pcam_1134,./ml_datasets/images/pcam_1134.jpg,0
pcam_1135,./ml_datasets/images/pcam_1135.jpg,0
pcam_1136,./ml_datasets/images/pcam_1136.jpg,0
pcam_1137,./ml_datasets/images/pcam_1137.jpg,0
pcam_1138,./ml_datasets/images/pcam_1138.jpg,0
pcam_1139,./ml_datasets/images/pcam_1139.jpg,0
pcam_1140,./ml_datasets/images/pcam_1140.jpg,0
pcam_1141,./ml_datasets/images/pcam_1141.jpg,0
pcam_1142,./ml_datasets/images/pcam_1142.jpg,0
pcam_1143,./ml_datasets/images/pcam_1143.jpg,0
pcam_1144,./ml_datasets/images/pcam_1144.jpg,0
pcam_1145,./ml_datasets/images/pcam_1145.jpg,0
pcam_1146,./ml_datasets/images/pcam_1146.jpg,0
pcam_1147,./ml_datasets/images/pcam_1147.jpg,0
pcam_1148,./ml_datasets/images/pcam_1148.jpg,0
pcam_1149,./ml_datasets/images/pcam_1149.jpg,0
pcam_1150,./ml_datasets/images/pcam_1150.jpg,0
pcam_1151,./ml_datasets/images/pcam_1151.jpg,0
pcam_1152,./ml_datasets/images/pcam_1152.jpg,0
pcam_1153,./ml_datasets/images/pcam_1153.jpg,0
pcam_1154,./ml_datasets/images/pcam_1154.jpg,0
pcam_1155,./ml_datasets/images/pcam_1155.jpg,0
pcam_1156,./ml_datasets/images/pcam_1156.jpg,0
pcam_1157,./ml_datasets/images/pcam_1157.jpg,0
pcam_1158,./ml_datasets/images/pcam_1158.jpg,0
pcam_1159,./ml_datasets/images/pcam_1159.jpg,0
pcam_1160,./ml_datasets/images/pcam_1160.jpg,0
pcam_1161,./ml_datasets/images/pcam_1161.jpg,0
pcam_1162,./ml_datasets/images/pcam_1162.jpg,0
pcam_1163,./ml_datasets/images/pcam_1163.jpg,0
pcam_1164,./ml_datasets/images/pcam_1164.jpg,0
pcam_1165,./ml_datasets/images/pcam_1165.jpg,0
pcam_1166,./ml_datasets/images/pcam_1166.jpg,0
pcam_1167,./ml_datasets/images/pcam_1167.jpg,0
pcam_1168,./ml_datasets/images/pcam_1168.jpg,0
pcam_1169,./ml_datasets/images/pcam_1169.jpg,0
pcam_1170,./ml_datasets/images/pcam_1170.jpg,0
pcam_1171,./ml_datasets/images/pcam_1171.jpg,0
pcam_1172,./ml_datasets/images/pcam_1172.jpg,0
pcam_1173,./ml_datasets/images/pcam_1173.jpg,0
pcam_1174,./ml_datasets/images/pcam_1174.jpg,0
pcam_1175,./ml_datasets/images/pcam_1175.jpg,0
pcam_1176,./ml_datasets/images/pcam_1176.jpg,0
pcam_1177,./ml_datasets/images/pcam_1177.jpg,0
pcam_1178,./ml_datasets/images/pcam_1178.jpg,0
pcam_1179,./ml_datasets/images/pcam_1179.jpg,0
pcam_1180,./ml_datasets/images/pcam_1180.jpg,0
pcam_1181,./ml_datasets/images/pcam_1181.jpg,0
pcam_1182,./ml_datasets/images/pcam_1182.jpg,0
pcam_1183,./ml_datasets/images/pcam_1183.jpg,0
pcam_1184,./ml_datasets/images/pcam_1184.jpg,0
pcam_1185,./ml_datasets/images/pcam_1185.jpg,0
pcam_1186,./ml_datasets/images/pcam_1186.jpg,0
pcam_1187,./ml_datasets/images/pcam_1187.jpg,0
pcam_1188,./ml_datasets/images/pcam_1188.jpg,0
pcam_1189,./ml_datasets/images/pcam_1189.jpg,0
pcam_1190,./ml_datasets/images/pcam_1190.jpg,0
pcam_1191,./ml_datasets/images/pcam_1191.jpg,0
pcam_1192,./ml_datasets/images/pcam_1192.jpg,0
pcam_1193,./ml_datasets/images/pcam_1193.jpg,0
pcam_1194,./ml_datasets/images/pcam_1194.jpg,0
pcam_1195,./ml_datasets/images/pcam_1195.jpg,0
pcam_1196,./ml_datasets/images/pcam_1196.jpg,0
pcam_1197,./ml_datasets/images/pcam_1197.jpg,0
pcam_1198,./ml_datasets/images/pcam_1198.jpg,0
pcam_1199,./ml_datasets/images/pcam_1199.jpg,0
pcam_1200,./ml_datasets/images/pcam_1200.jpg,0
pcam_1201,./ml_datasets/images/pcam_1201.jpg,0
pcam_1202,./ml_datasets/images/pcam_1202.jpg,0
pcam_1203,./ml_datasets/images/pcam_1203.jpg,0
pcam_1204,./ml_datasets/images/pcam_1204.jpg,0
pcam_1205,./ml_datasets/images/pcam_1205.jpg,0
pcam_1206,./ml_datasets/images/pcam_1206.jpg,0
pcam_1207,./ml_datasets/images/pcam_1207.jpg,0
pcam_1208,./ml_datasets/images/pcam_1208.jpg,0
pcam_1209,./ml_datasets/images/pcam_1209.jpg,0
pcam_1210,./ml_datasets/images/pcam_1210.jpg,0
pcam_1211,./ml_datasets/images/pcam_1211.jpg,0
pcam_1212,./ml_datasets/images/pcam_1212.jpg,0
pcam_1213,./ml_datasets/images/pcam_1213.jpg,0
pcam_1214,./ml_datasets/images/pcam_1214.jpg,0
pcam_1215,./ml_datasets/images/pcam_1215.jpg,0
pcam_1216,./ml_datasets/images/pcam_1216.jpg,0
pcam_1217,./ml_datasets/images/pcam_1217.jpg,0
pcam_1218,./ml_datasets/images/pcam_1218.jpg,0
pcam_1219,./ml_datasets/images/pcam_1219.jpg,0
pcam_1220,./ml_datasets/images/pcam_1220.jpg,0
pcam_1221,./ml_datasets/images/pcam_1221.jpg,0
pcam_1222,./ml_datasets/images/pcam_1222.jpg,0
pcam_1223,./ml_datasets/images/pcam_1223.jpg,0
pcam_1224,./ml_datasets/images/pcam_1224.jpg,0
pcam_1225,./ml_datasets/images/pcam_1225.jpg,0
pcam_1226,./ml_datasets/images/pcam_1226.jpg,0
pcam_1227,./ml_datasets/images/pcam_1227.jpg,0
pcam_1228,./ml_datasets/images/pcam_1228.jpg,0
pcam_1229,./ml_datasets/images/pcam_1229.jpg,0
pcam_1230,./ml_datasets/images/pcam_1230.jpg,0
pcam_1231,./ml_datasets/images/pcam_1231.jpg,0
pcam_1232,./ml_datasets/images/pcam_1232.jpg,0
pcam_1233,./ml_datasets/images/pcam_1233.jpg,0
pcam_1234,./ml_datasets/images/pcam_1234.jpg,0
pcam_1235,./ml_datasets/images/pcam_1235.jpg,0
pcam_1236,./ml_datasets/images/pcam_1236.jpg,0
pcam_1237,./ml_datasets/images/pcam_1237.jpg,0
pcam_1238,./ml_datasets/images/pcam_1238.jpg,0
pcam_1239,./ml_datasets/images/pcam_1239.jpg,0
pcam_1240,./ml_datasets/images/pcam_1240.jpg,0
pcam_1241,./ml_datasets/images/pcam_1241.jpg,0
pcam_1242,./ml_datasets/images/pcam_1242.jpg,0
pcam_1243,./ml_datasets/images/pcam_1243.jpg,0
pcam_1244,./ml_datasets/images/pcam_1244.jpg,0
pcam_1245,./ml_datasets/images/pcam_1245.jpg,0
pcam_1246,./ml_datasets/images/pcam_1246.jpg,0
pcam_1247,./ml_datasets/images/pcam_1247.jpg,0
pcam_1248,./ml_datasets/images/pcam_1248.jpg,0
pcam_1249,./ml_datasets/images/pcam_1249.jpg,0
pcam_1250,./ml_datasets/images/pcam_1250.jpg,0
pcam_1251,./ml_datasets/images/pcam_1251.jpg,0
pcam_1252,./ml_datasets/images/pcam_1252.jpg,0
pcam_1253,./ml_datasets/images/pcam_1253.jpg,0
pcam_1254,./ml_datasets/images/pcam_1254.jpg,0
pcam_1255,./ml_datasets/images/pcam_1255.jpg,0
pcam_1256,./ml_datasets/images/pcam_1256.jpg,0
pcam_1257,./ml_datasets/images/pcam_1257.jpg,0
pcam_1258,./ml_datasets/images/pcam_1258.jpg,0
pcam_1259,./ml_datasets/images/pcam_1259.jpg,0
pcam_1260,./ml_datasets/images/pcam_1260.jpg,0
pcam_1261,./ml_datasets/images/pcam_1261.jpg,0
pcam_1262,./ml_datasets/images/pcam_1262.jpg,0
pcam_1263,./ml_datasets/images/pcam_1263.jpg,0
pcam_1264,./ml_datasets/images/pcam_1264.jpg,0
pcam_1265,./ml_datasets/images/pcam_1265.jpg,0
pcam_1266,./ml_datasets/images/pcam_1266.jpg,0
pcam_1267,./ml_datasets/images/pcam_1267.jpg,0
pcam_1268,./ml_datasets/images/pcam_1268.jpg,0
pcam_1269,./ml_datasets/images/pcam_1269.jpg,0
pcam_1270,./ml_datasets/images/pcam_1270.jpg,0
pcam_1271,./ml_datasets/images/pcam_1271.jpg,0
pcam_1272,./ml_datasets/images/pcam_1272.jpg,0
pcam_1273,./ml_datasets/images/pcam_1273.jpg,0
pcam_1274,./ml_datasets/images/pcam_1274.jpg,0
pcam_1275,./ml_datasets/images/pcam_1275.jpg,0
pcam_1276,./ml_datasets/images/pcam_1276.jpg,0
pcam_1277,./ml_datasets/images/pcam_1277.jpg,0
pcam_1278,./ml_datasets/images/pcam_1278.jpg,0
pcam_1279,./ml_datasets/images/pcam_1279.jpg,0
pcam_1280,./ml_datasets/images/pcam_1280.jpg,0
pcam_1281,./ml_datasets/images/pcam_1281.jpg,0
pcam_1282,./ml_datasets/images/pcam_1282.jpg,0
pcam_1283,./ml_datasets/images/pcam_1283.jpg,0
pcam_1284,./ml_datasets/images/pcam_1284.jpg,0
pcam_1285,./ml_datasets/images/pcam_1285.jpg,0
pcam_1286,./ml_datasets/images/pcam_1286.jpg,0
pcam_1287,./ml_datasets/images/pcam_1287.jpg,0
pcam_1288,./ml_datasets/images/pcam_1288.jpg,0
pcam_1289,./ml_datasets/images/pcam_1289.jpg,0
pcam_1290,./ml_datasets/images/pcam_1290.jpg,0
pcam_1291,./ml_datasets/images/pcam_1291.jpg,0
pcam_1292,./ml_datasets/images/pcam_1292.jpg,0
pcam_1293,./ml_datasets/images/pcam_1293.jpg,0
pcam_1294,./ml_datasets/images/pcam_1294.jpg,0
pcam_1295,./ml_datasets/images/pcam_1295.jpg,0
pcam_1296,./ml_datasets/images/pcam_1296.jpg,0
pcam_1297,./ml_datasets/images/pcam_1297.jpg,0
pcam_1298,./ml_datasets/images/pcam_1298.jpg,0
pcam_1299,./ml_datasets/images/pcam_1299.jpg,0
pcam_1300,./ml_datasets/images/pcam_1300.jpg,0
pcam_1301,./ml_datasets/images/pcam_1301.jpg,0
pcam_1302,./ml_datasets/images/pcam_1302.jpg,0
pcam_1303,./ml_datasets/images/pcam_1303.jpg,0
pcam_1304,./ml_datasets/images/pcam_1304.jpg,0
pcam_1305,./ml_datasets/images/pcam_1305.jpg,0
pcam_1306,./ml_datasets/images/pcam_1306.jpg,0
pcam_1307,./ml_datasets/images/pcam_1307.jpg,0
pcam_1308,./ml_datasets/images/pcam_1308.jpg,0
pcam_1309,./ml_datasets/images/pcam_1309.jpg,0
pcam_1310,./ml_datasets/images/pcam_1310.jpg,0
pcam_1311,./ml_datasets/images/pcam_1311.jpg,0
pcam_1312,./ml_datasets/images/pcam_1312.jpg,0
pcam_1313,./ml_datasets/images/pcam_1313.jpg,0
pcam_1314,./ml_datasets/images/pcam_1314.jpg,0
pcam_1315,./ml_datasets/images/pcam_1315.jpg,0
pcam_1316,./ml_datasets/images/pcam_1316.jpg,0
pcam_1317,./ml_datasets/images/pcam_1317.jpg,0
pcam_1318,./ml_datasets/images/pcam_1318.jpg,0
pcam_1319,./ml_datasets/images/pcam_1319.jpg,0
pcam_1320,./ml_datasets/images/pcam_1320.jpg,0
pcam_1321,./ml_datasets/images/pcam_1321.jpg,0
pcam_1322,./ml_datasets/images/pcam_1322.jpg,0
pcam_1323,./ml_datasets/images/pcam_1323.jpg,0
pcam_1324,./ml_datasets/images/pcam_1324.jpg,0
pcam_1325,./ml_datasets/images/pcam_1325.jpg,0
pcam_1326,./ml_datasets/images/pcam_1326.jpg,0
pcam_1327,./ml_datasets/images/pcam_1327.jpg,0
pcam_1328,./ml_datasets/images/pcam_1328.jpg,0
pcam_1329,./ml_datasets/images/pcam_1329.jpg,0
pcam_1330,./ml_datasets/images/pcam_1330.jpg,0
pcam_1331,./ml_datasets/images/pcam_1331.jpg,0
pcam_1332,./ml_datasets/images/pcam_1332.jpg,0
pcam_1333,./ml_datasets/images/pcam_1333.jpg,0
pcam_1334,./ml_datasets/images/pcam_1334.jpg,0
pcam_1335,./ml_datasets/images/pcam_1335.jpg,0
pcam_1336,./ml_datasets/images/pcam_1336.jpg,0
pcam_1337,./ml_datasets/images/pcam_1337.jpg,0
pcam_1338,./ml_datasets/images/pcam_1338.jpg,0
pcam_1339,./ml_datasets/images/pcam_1339.jpg,0
pcam_1340,./ml_datasets/images/pcam_1340.jpg,0
pcam_1341,./ml_datasets/images/pcam_1341.jpg,0
pcam_1342,./ml_datasets/images/pcam_1342.jpg,0
pcam_1343,./ml_datasets/images/pcam_1343.jpg,0
pcam_1344,./ml_datasets/images/pcam_1344.jpg,0
pcam_1345,./ml_datasets/images/pcam_1345.jpg,0
pcam_1346,./ml_datasets/images/pcam_1346.jpg,0
pcam_1347,./ml_datasets/images/pcam_1347.jpg,0
pcam_1348,./ml_datasets/images/pcam_1348.jpg,0
pcam_1349,./ml_datasets/images/pcam_1349.jpg,0
pcam_1350,./ml_datasets/images/pcam_1350.jpg,0
pcam_1351,./ml_datasets/images/pcam_1351.jpg,0
pcam_1352,./ml_datasets/images/pcam_1352.jpg,0
pcam_1353,./ml_datasets/images/pcam_1353.jpg,0
pcam_1354,./ml_datasets/images/pcam_1354.jpg,0
pcam_1355,./ml_datasets/images/pcam_1355.jpg,0
pcam_1356,./ml_datasets/images/pcam_1356.jpg,0
pcam_1357,./ml_datasets/images/pcam_1357.jpg,0
pcam_1358,./ml_datasets/images/pcam_1358.jpg,0
pcam_1359,./ml_datasets/images/pcam_1359.jpg,0
pcam_1360,./ml_datasets/images/pcam_1360.jpg,0
pcam_1361,./ml_datasets/images/pcam_1361.jpg,0
pcam_1362,./ml_datasets/images/pcam_1362.jpg,0
pcam_1363,./ml_datasets/images/pcam_1363.jpg,0
pcam_1364,./ml_datasets/images/pcam_1364.jpg,0
pcam_1365,./ml_datasets/images/pcam_1365.jpg,0
pcam_1366,./ml_datasets/images/pcam_1366.jpg,0
pcam_1367,./ml_datasets/images/pcam_1367.jpg,0
pcam_1368,./ml_datasets/images/pcam_1368.jpg,0
pcam_1369,./ml_datasets/images/pcam_1369.jpg,0
pcam_1370,./ml_datasets/images/pcam_1370.jpg,0
pcam_1371,./ml_datasets/images/pcam_1371.jpg,0
pcam_1372,./ml_datasets/images/pcam_1372.jpg,0
pcam_1373,./ml_datasets/images/pcam_1373.jpg,0
pcam_1374,./ml_datasets/images/pcam_1374.jpg,0
pcam_1375,./ml_datasets/images/pcam_1375.jpg,0
pcam_1376,./ml_datasets/images/pcam_1376.jpg,0
pcam_1377,./ml_datasets/images/pcam_1377.jpg,0
pcam_1378,./ml_datasets/images/pcam_1378.jpg,0
pcam_1379,./ml_datasets/images/pcam_1379.jpg,0
pcam_1380,./ml_datasets/images/pcam_1380.jpg,0
pcam_1381,./ml_datasets/images/pcam_1381.jpg,0
pcam_1382,./ml_datasets/images/pcam_1382.jpg,0
pcam_1383,./ml_datasets/images/pcam_1383.jpg,0
pcam_1384,./ml_datasets/images/pcam_1384.jpg,0
pcam_1385,./ml_datasets/images/pcam_1385.jpg,0
pcam_1386,./ml_datasets/images/pcam_1386.jpg,0
pcam_1387,./ml_datasets/images/pcam_1387.jpg,0
pcam_1388,./ml_datasets/images/pcam_1388.jpg,0
pcam_1389,./ml_datasets/images/pcam_1389.jpg,0
pcam_1390,./ml_datasets/images/pcam_1390.jpg,0
pcam_1391,./ml_datasets/images/pcam_1391.jpg,0
pcam_1392,./ml_datasets/images/pcam_1392.jpg,0
pcam_1393,./ml_datasets/images/pcam_1393.jpg,0
pcam_1394,./ml_datasets/images/pcam_1394.jpg,0
pcam_1395,./ml_datasets/images/pcam_1395.jpg,0
pcam_1396,./ml_datasets/images/pcam_1396.jpg,0
pcam_1397,./ml_datasets/images/pcam_1397.jpg,0
pcam_1398,./ml_datasets/images/pcam_1398.jpg,0
pcam_1399,./ml_datasets/images/pcam_1399.jpg,0
pcam_1400,./ml_datasets/images/pcam_1400.jpg,0
pcam_1401,./ml_datasets/images/pcam_1401.jpg,0
pcam_1402,./ml_datasets/images/pcam_1402.jpg,0
pcam_1403,./ml_datasets/images/pcam_1403.jpg,0
pcam_1404,./ml_datasets/images/pcam_1404.jpg,0
pcam_1405,./ml_datasets/images/pcam_1405.jpg,0
pcam_1406,./ml_datasets/images/pcam_1406.jpg,0
pcam_1407,./ml_datasets/images/pcam_1407.jpg,0
pcam_1408,./ml_datasets/images/pcam_1408.jpg,0
pcam_1409,./ml_datasets/images/pcam_1409.jpg,0
pcam_1410,./ml_datasets/images/pcam_1410.jpg,0
pcam_1411,./ml_datasets/images/pcam_1411.jpg,0
pcam_1412,./ml_datasets/images/pcam_1412.jpg,0
pcam_1413,./ml_datasets/images/pcam_1413.jpg,0
pcam_1414,./ml_datasets/images/pcam_1414.jpg,0
pcam_1415,./ml_datasets/images/pcam_1415.jpg,0
pcam_1416,./ml_datasets/images/pcam_1416.jpg,0
pcam_1417,./ml_datasets/images/pcam_1417.jpg,0
pcam_1418,./ml_datasets/images/pcam_1418.jpg,0
pcam_1419,./ml_datasets/images/pcam_1419.jpg,0
pcam_1420,./ml_datasets/images/pcam_1420.jpg,0
pcam_1421,./ml_datasets/images/pcam_1421.jpg,0
pcam_1422,./ml_datasets/images/pcam_1422.jpg,0
pcam_1423,./ml_datasets/images/pcam_1423.jpg,0
pcam_1424,./ml_datasets/images/pcam_1424.jpg,0
pcam_1425,./ml_datasets/images/pcam_1425.jpg,0
pcam_1426,./ml_datasets/images/pcam_1426.jpg,0
pcam_1427,./ml_datasets/images/pcam_1427.jpg,0
pcam_1428,./ml_datasets/images/pcam_1428.jpg,0
pcam_1429,./ml_datasets/images/pcam_1429.jpg,0
pcam_1430,./ml_datasets/images/pcam_1430.jpg,0
pcam_1431,./ml_datasets/images/pcam_1431.jpg,0
pcam_1432,./ml_datasets/images/pcam_1432.jpg,0
pcam_1433,./ml_datasets/images/pcam_1433.jpg,0
pcam_1434,./ml_datasets/images/pcam_1434.jpg,0
pcam_1435,./ml_datasets/images/pcam_1435.jpg,0
pcam_1436,./ml_datasets/images/pcam_1436.jpg,0
pcam_1437,./ml_datasets/images/pcam_1437.jpg,0
pcam_1438,./ml_datasets/images/pcam_1438.jpg,0
pcam_1439,./ml_datasets/images/pcam_1439.jpg,0
pcam_1440,./ml_datasets/images/pcam_1440.jpg,0
pcam_1441,./ml_datasets/images/pcam_1441.jpg,0
pcam_1442,./ml_datasets/images/pcam_1442.jpg,0
pcam_1443,./ml_datasets/images/pcam_1443.jpg,0
pcam_1444,./ml_datasets/images/pcam_1444.jpg,0
pcam_1445,./ml_datasets/images/pcam_1445.jpg,0
pcam_1446,./ml_datasets/images/pcam_1446.jpg,0
pcam_1447,./ml_datasets/images/pcam_1447.jpg,0
pcam_1448,./ml_datasets/images/pcam_1448.jpg,0
pcam_1449,./ml_datasets/images/pcam_1449.jpg,0
pcam_1450,./ml_datasets/images/pcam_1450.jpg,0
pcam_1451,./ml_datasets/images/pcam_1451.jpg,0
pcam_1452,./ml_datasets/images/pcam_1452.jpg,0
pcam_1453,./ml_datasets/images/pcam_1453.jpg,0
pcam_1454,./ml_datasets/images/pcam_1454.jpg,0
pcam_1455,./ml_datasets/images/pcam_1455.jpg,0
pcam_1456,./ml_datasets/images/pcam_1456.jpg,0
pcam_1457,./ml_datasets/images/pcam_1457.jpg,0
pcam_1458,./ml_datasets/images/pcam_1458.jpg,0
pcam_1459,./ml_datasets/images/pcam_1459.jpg,0
pcam_1460,./ml_datasets/images/pcam_1460.jpg,0
pcam_1461,./ml_datasets/images/pcam_1461.jpg,0
pcam_1462,./ml_datasets/images/pcam_1462.jpg,0
pcam_1463,./ml_datasets/images/pcam_1463.jpg,0
pcam_1464,./ml_datasets/images/pcam_1464.jpg,0
pcam_1465,./ml_datasets/images/pcam_1465.jpg,0
pcam_1466,./ml_datasets/images/pcam_1466.jpg,0
pcam_1467,./ml_datasets/images/pcam_1467.jpg,0
pcam_1468,./ml_datasets/images/pcam_1468.jpg,0
pcam_1469,./ml_datasets/images/pcam_1469.jpg,0
pcam_1470,./ml_datasets/images/pcam_1470.jpg,0
pcam_1471,./ml_datasets/images/pcam_1471.jpg,0
pcam_1472,./ml_datasets/images/pcam_1472.jpg,0
pcam_1473,./ml_datasets/images/pcam_1473.jpg,0
pcam_1474,./ml_datasets/images/pcam_1474.jpg,0
pcam_1475,./ml_datasets/images/pcam_1475.jpg,0
pcam_1476,./ml_datasets/images/pcam_1476.jpg,0
pcam_1477,./ml_datasets/images/pcam_1477.jpg,0
pcam_1478,./ml_datasets/images/pcam_1478.jpg,0
pcam_1479,./ml_datasets/images/pcam_1479.jpg,0
pcam_1480,./ml_datasets/images/pcam_1480.jpg,0
pcam_1481,./ml_datasets/images/pcam_1481.jpg,0
pcam_1482,./ml_datasets/images/pcam_1482.jpg,0
pcam_1483,./ml_datasets/images/pcam_1483.jpg,0
pcam_1484,./ml_datasets/images/pcam_1484.jpg,0
pcam_1485,./ml_datasets/images/pcam_1485.jpg,0
pcam_1486,./ml_datasets/images/pcam_1486.jpg,0
pcam_1487,./ml_datasets/images/pcam_1487.jpg,0
pcam_1488,./ml_datasets/images/pcam_1488.jpg,0
pcam_1489,./ml_datasets/images/pcam_1489.jpg,0
pcam_1490,./ml_datasets/images/pcam_1490.jpg,0
pcam_1491,./ml_datasets/images/pcam_1491.jpg,0
pcam_1492,./ml_datasets/images/pcam_1492.jpg,0
pcam_1493,./ml_datasets/images/pcam_1493.jpg,0
pcam_1494,./ml_datasets/images/pcam_1494.jpg,0
pcam_1495,./ml_datasets/images/pcam_1495.jpg,0
pcam_1496,./ml_datasets/images/pcam_1496.jpg,0
pcam_1497,./ml_datasets/images/pcam_1497.jpg,0
pcam_1498,./ml_datasets/images/pcam_1498.jpg,0
pcam_1499,./ml_datasets/images/pcam_1499.jpg,0
pcam_1500,./ml_datasets/images/pcam_1500.jpg,0
pcam_1501,./ml_datasets/images/pcam_1501.jpg,0
pcam_1502,./ml_datasets/images/pcam_1502.jpg,0
pcam_1503,./ml_datasets/images/pcam_1503.jpg,0
pcam_1504,./ml_datasets/images/pcam_1504.jpg,0
pcam_1505,./ml_datasets/images/pcam_1505.jpg,0
pcam_1506,./ml_datasets/images/pcam_1506.jpg,0
pcam_1507,./ml_datasets/images/pcam_1507.jpg,0
pcam_1508,./ml_datasets/images/pcam_1508.jpg,0
pcam_1509,./ml_datasets/images/pcam_1509.jpg,0
pcam_1510,./ml_datasets/images/pcam_1510.jpg,0
pcam_1511,./ml_datasets/images/pcam_1511.jpg,0
pcam_1512,./ml_datasets/images/pcam_1512.jpg,0
pcam_1513,./ml_datasets/images/pcam_1513.jpg,0
pcam_1514,./ml_datasets/images/pcam_1514.jpg,0
pcam_1515,./ml_datasets/images/pcam_1515.jpg,0
pcam_1516,./ml_datasets/images/pcam_1516.jpg,0
pcam_1517,./ml_datasets/images/pcam_1517.jpg,0
pcam_1518,./ml_datasets/images/pcam_1518.jpg,0
pcam_1519,./ml_datasets/images/pcam_1519.jpg,0
pcam_1520,./ml_datasets/images/pcam_1520.jpg,0
pcam_1521,./ml_datasets/images/pcam_1521.jpg,0
pcam_1522,./ml_datasets/images/pcam_1522.jpg,0
pcam_1523,./ml_datasets/images/pcam_1523.jpg,0
pcam_1524,./ml_datasets/images/pcam_1524.jpg,0
pcam_1525,./ml_datasets/images/pcam_1525.jpg,0
pcam_1526,./ml_datasets/images/pcam_1526.jpg,0
pcam_1527,./ml_datasets/images/pcam_1527.jpg,0
pcam_1528,./ml_datasets/images/pcam_1528.jpg,0
pcam_1529,./ml_datasets/images/pcam_1529.jpg,0
pcam_1530,./ml_datasets/images/pcam_1530.jpg,0
pcam_1531,./ml_datasets/images/pcam_1531.jpg,0
pcam_1532,./ml_datasets/images/pcam_1532.jpg,0
pcam_1533,./ml_datasets/images/pcam_1533.jpg,0
pcam_1534,./ml_datasets/images/pcam_1534.jpg,0
pcam_1535,./ml_datasets/images/pcam_1535.jpg,0
pcam_1536,./ml_datasets/images/pcam_1536.jpg,0
pcam_1537,./ml_datasets/images/pcam_1537.jpg,0
pcam_1538,./ml_datasets/images/pcam_1538.jpg,0
pcam_1539,./ml_datasets/images/pcam_1539.jpg,0
pcam_1540,./ml_datasets/images/pcam_1540.jpg,0
pcam_1541,./ml_datasets/images/pcam_1541.jpg,0
pcam_1542,./ml_datasets/images/pcam_1542.jpg,0
pcam_1543,./ml_datasets/images/pcam_1543.jpg,0
pcam_1544,./ml_datasets/images/pcam_1544.jpg,0
pcam_1545,./ml_datasets/images/pcam_1545.jpg,0
pcam_1546,./ml_datasets/images/pcam_1546.jpg,0
pcam_1547,./ml_datasets/images/pcam_1547.jpg,0
pcam_1548,./ml_datasets/images/pcam_1548.jpg,0
pcam_1549,./ml_datasets/images/pcam_1549.jpg,0
pcam_1550,./ml_datasets/images/pcam_1550.jpg,0
pcam_1551,./ml_datasets/images/pcam_1551.jpg,0
pcam_1552,./ml_datasets/images/pcam_1552.jpg,0
pcam_1553,./ml_datasets/images/pcam_1553.jpg,0
pcam_1554,./ml_datasets/images/pcam_1554.jpg,0
pcam_1555,./ml_datasets/images/pcam_1555.jpg,0
pcam_1556,./ml_datasets/images/pcam_1556.jpg,0
pcam_1557,./ml_datasets/images/pcam_1557.jpg,0
pcam_1558,./ml_datasets/images/pcam_1558.jpg,0
pcam_1559,./ml_datasets/images/pcam_1559.jpg,0
pcam_1560,./ml_datasets/images/pcam_1560.jpg,0
pcam_1561,./ml_datasets/images/pcam_1561.jpg,0
pcam_1562,./ml_datasets/images/pcam_1562.jpg,0
pcam_1563,./ml_datasets/images/pcam_1563.jpg,0
pcam_1564,./ml_datasets/images/pcam_1564.jpg,0
pcam_1565,./ml_datasets/images/pcam_1565.jpg,0
pcam_1566,./ml_datasets/images/pcam_1566.jpg,0
pcam_1567,./ml_datasets/images/pcam_1567.jpg,0
pcam_1568,./ml_datasets/images/pcam_1568.jpg,0
pcam_1569,./ml_datasets/images/pcam_1569.jpg,0
pcam_1570,./ml_datasets/images/pcam_1570.jpg,0
pcam_1571,./ml_datasets/images/pcam_1571.jpg,0
pcam_1572,./ml_datasets/images/pcam_1572.jpg,0
pcam_1573,./ml_datasets/images/pcam_1573.jpg,0
pcam_1574,./ml_datasets/images/pcam_1574.jpg,0
pcam_1575,./ml_datasets/images/pcam_1575.jpg,0
pcam_1576,./ml_datasets/images/pcam_1576.jpg,0
pcam_1577,./ml_datasets/images/pcam_1577.jpg,0
pcam_1578,./ml_datasets/images/pcam_1578.jpg,0
pcam_1579,./ml_datasets/images/pcam_1579.jpg,0
pcam_1580,./ml_datasets/images/pcam_1580.jpg,0
pcam_1581,./ml_datasets/images/pcam_1581.jpg,0
pcam_1582,./ml_datasets/images/pcam_1582.jpg,0
pcam_1583,./ml_datasets/images/pcam_1583.jpg,0
pcam_1584,./ml_datasets/images/pcam_1584.jpg,0
pcam_1585,./ml_datasets/images/pcam_1585.jpg,0
pcam_1586,./ml_datasets/images/pcam_1586.jpg,0
pcam_1587,./ml_datasets/images/pcam_1587.jpg,0
pcam_1588,./ml_datasets/images/pcam_1588.jpg,0
pcam_1589,./ml_datasets/images/pcam_1589.jpg,0
pcam_1590,./ml_datasets/images/pcam_1590.jpg,0
pcam_1591,./ml_datasets/images/pcam_1591.jpg,0
pcam_1592,./ml_datasets/images/pcam_1592.jpg,0
pcam_1593,./ml_datasets/images/pcam_1593.jpg,0
pcam_1594,./ml_datasets/images/pcam_1594.jpg,0
pcam_1595,./ml_datasets/images/pcam_1595.jpg,0
pcam_1596,./ml_datasets/images/pcam_1596.jpg,0
pcam_1597,./ml_datasets/images/pcam_1597.jpg,0
pcam_1598,./ml_datasets/images/pcam_1598.jpg,0
pcam_1599,./ml_datasets/images/pcam_1599.jpg,0
pcam_1600,./ml_datasets/images/pcam_1600.jpg,0
pcam_1601,./ml_datasets/images/pcam_1601.jpg,0
pcam_1602,./ml_datasets/images/pcam_1602.jpg,0
pcam_1603,./ml_datasets/images/pcam_1603.jpg,0
pcam_1604,./ml_datasets/images/pcam_1604.jpg,0
pcam_1605,./ml_datasets/images/pcam_1605.jpg,0
pcam_1606,./ml_datasets/images/pcam_1606.jpg,0
pcam_1607,./ml_datasets/images/pcam_1607.jpg,0
pcam_1608,./ml_datasets/images/pcam_1608.jpg,0
pcam_1609,./ml_datasets/images/pcam_1609.jpg,0
pcam_1610,./ml_datasets/images/pcam_1610.jpg,0
pcam_1611,./ml_datasets/images/pcam_1611.jpg,0
pcam_1612,./ml_datasets/images/pcam_1612.jpg,0
pcam_1613,./ml_datasets/images/pcam_1613.jpg,0
pcam_1614,./ml_datasets/images/pcam_1614.jpg,0
pcam_1615,./ml_datasets/images/pcam_1615.jpg,0
pcam_1616,./ml_datasets/images/pcam_1616.jpg,0
pcam_1617,./ml_datasets/images/pcam_1617.jpg,0
pcam_1618,./ml_datasets/images/pcam_1618.jpg,0
pcam_1619,./ml_datasets/images/pcam_1619.jpg,0
pcam_1620,./ml_datasets/images/pcam_1620.jpg,0
pcam_1621,./ml_datasets/images/pcam_1621.jpg,0
pcam_1622,./ml_datasets/images/pcam_1622.jpg,0
pcam_1623,./ml_datasets/images/pcam_1623.jpg,0
pcam_1624,./ml_datasets/images/pcam_1624.jpg,0
pcam_1625,./ml_datasets/images/pcam_1625.jpg,0
pcam_1626,./ml_datasets/images/pcam_1626.jpg,0
pcam_1627,./ml_datasets/images/pcam_1627.jpg,0
pcam_1628,./ml_datasets/images/pcam_1628.jpg,0
pcam_1629,./ml_datasets/images/pcam_1629.jpg,0
pcam_1630,./ml_datasets/images/pcam_1630.jpg,0
pcam_1631,./ml_datasets/images/pcam_1631.jpg,0
pcam_1632,./ml_datasets/images/pcam_1632.jpg,0
pcam_1633,./ml_datasets/images/pcam_1633.jpg,0
pcam_1634,./ml_datasets/images/pcam_1634.jpg,0
pcam_1635,./ml_datasets/images/pcam_1635.jpg,0
pcam_1636,./ml_datasets/images/pcam_1636.jpg,0
pcam_1637,./ml_datasets/images/pcam_1637.jpg,0
pcam_1638,./ml_datasets/images/pcam_1638.jpg,0
pcam_1639,./ml_datasets/images/pcam_1639.jpg,0
pcam_1640,./ml_datasets/images/pcam_1640.jpg,0
pcam_1641,./ml_datasets/images/pcam_1641.jpg,0
pcam_1642,./ml_datasets/images/pcam_1642.jpg,0
pcam_1643,./ml_datasets/images/pcam_1643.jpg,0
pcam_1644,./ml_datasets/images/pcam_1644.jpg,0
pcam_1645,./ml_datasets/images/pcam_1645.jpg,0
pcam_1646,./ml_datasets/images/pcam_1646.jpg,0
pcam_1647,./ml_datasets/images/pcam_1647.jpg,0
pcam_1648,./ml_datasets/images/pcam_1648.jpg,0
pcam_1649,./ml_datasets/images/pcam_1649.jpg,0
pcam_1650,./ml_datasets/images/pcam_1650.jpg,0
pcam_1651,./ml_datasets/images/pcam_1651.jpg,0
pcam_1652,./ml_datasets/images/pcam_1652.jpg,0
pcam_1653,./ml_datasets/images/pcam_1653.jpg,0
pcam_1654,./ml_datasets/images/pcam_1654.jpg,0
pcam_1655,./ml_datasets/images/pcam_1655.jpg,0
pcam_1656,./ml_datasets/images/pcam_1656.jpg,0
pcam_1657,./ml_datasets/images/pcam_1657.jpg,0
pcam_1658,./ml_datasets/images/pcam_1658.jpg,0
pcam_1659,./ml_datasets/images/pcam_1659.jpg,0
pcam_1660,./ml_datasets/images/pcam_1660.jpg,0
pcam_1661,./ml_datasets/images/pcam_1661.jpg,0
pcam_1662,./ml_datasets/images/pcam_1662.jpg,0
pcam_1663,./ml_datasets/images/pcam_1663.jpg,0
pcam_1664,./ml_datasets/images/pcam_1664.jpg,0
pcam_1665,./ml_datasets/images/pcam_1665.jpg,0
pcam_1666,./ml_datasets/images/pcam_1666.jpg,0
pcam_1667,./ml_datasets/images/pcam_1667.jpg,0
pcam_1668,./ml_datasets/images/pcam_1668.jpg,0
pcam_1669,./ml_datasets/images/pcam_1669.jpg,0
pcam_1670,./ml_datasets/images/pcam_1670.jpg,0
pcam_1671,./ml_datasets/images/pcam_1671.jpg,0
pcam_1672,./ml_datasets/images/pcam_1672.jpg,0
pcam_1673,./ml_datasets/images/pcam_1673.jpg,0
pcam_1674,./ml_datasets/images/pcam_1674.jpg,0
pcam_1675,./ml_datasets/images/pcam_1675.jpg,0
pcam_1676,./ml_datasets/images/pcam_1676.jpg,0
pcam_1677,./ml_datasets/images/pcam_1677.jpg,0
pcam_1678,./ml_datasets/images/pcam_1678.jpg,0
pcam_1679,./ml_datasets/images/pcam_1679.jpg,0
pcam_1680,./ml_datasets/images/pcam_1680.jpg,0
pcam_1681,./ml_datasets/images/pcam_1681.jpg,0
pcam_1682,./ml_datasets/images/pcam_1682.jpg,0
pcam_1683,./ml_datasets/images/pcam_1683.jpg,0
pcam_1684,./ml_datasets/images/pcam_1684.jpg,0
pcam_1685,./ml_datasets/images/pcam_1685.jpg,0
pcam_1686,./ml_datasets/images/pcam_1686.jpg,0
pcam_1687,./ml_datasets/images/pcam_1687.jpg,0
pcam_1688,./ml_datasets/images/pcam_1688.jpg,0
pcam_1689,./ml_datasets/images/pcam_1689.jpg,0
pcam_1690,./ml_datasets/images/pcam_1690.jpg,0
pcam_1691,./ml_datasets/images/pcam_1691.jpg,0
pcam_1692,./ml_datasets/images/pcam_1692.jpg,0
pcam_1693,./ml_datasets/images/pcam_1693.jpg,0
pcam_1694,./ml_datasets/images/pcam_1694.jpg,0
pcam_1695,./ml_datasets/images/pcam_1695.jpg,0
pcam_1696,./ml_datasets/images/pcam_1696.jpg,0
pcam_1697,./ml_datasets/images/pcam_1697.jpg,0
pcam_1698,./ml_datasets/images/pcam_1698.jpg,0
pcam_1699,./ml_datasets/images/pcam_1699.jpg,0
pcam_1700,./ml_datasets/images/pcam_1700.jpg,0
pcam_1701,./ml_datasets/images/pcam_1701.jpg,0
pcam_1702,./ml_datasets/images/pcam_1702.jpg,0
pcam_1703,./ml_datasets/images/pcam_1703.jpg,0
pcam_1704,./ml_datasets/images/pcam_1704.jpg,0
pcam_1705,./ml_datasets/images/pcam_1705.jpg,0
pcam_1706,./ml_datasets/images/pcam_1706.jpg,0
pcam_1707,./ml_datasets/images/pcam_1707.jpg,0
pcam_1708,./ml_datasets/images/pcam_1708.jpg,0
pcam_1709,./ml_datasets/images/pcam_1709.jpg,0
pcam_1710,./ml_datasets/images/pcam_1710.jpg,0
pcam_1711,./ml_datasets/images/pcam_1711.jpg,0
pcam_1712,./ml_datasets/images/pcam_1712.jpg,0
pcam_1713,./ml_datasets/images/pcam_1713.jpg,0
pcam_1714,./ml_datasets/images/pcam_1714.jpg,0
pcam_1715,./ml_datasets/images/pcam_1715.jpg,0
pcam_1716,./ml_datasets/images/pcam_1716.jpg,0
pcam_1717,./ml_datasets/images/pcam_1717.jpg,0
pcam_1718,./ml_datasets/images/pcam_1718.jpg,0
pcam_1719,./ml_datasets/images/pcam_1719.jpg,0
pcam_1720,./ml_datasets/images/pcam_1720.jpg,0
pcam_1721,./ml_datasets/images/pcam_1721.jpg,0
pcam_1722,./ml_datasets/images/pcam_1722.jpg,0
pcam_1723,./ml_datasets/images/pcam_1723.jpg,0
pcam_1724,./ml_datasets/images/pcam_1724.jpg,0
pcam_1725,./ml_datasets/images/pcam_1725.jpg,0
pcam_1726,./ml_datasets/images/pcam_1726.jpg,0
pcam_1727,./ml_datasets/images/pcam_1727.jpg,0
pcam_1728,./ml_datasets/images/pcam_1728.jpg,0
pcam_1729,./ml_datasets/images/pcam_1729.jpg,0
pcam_1730,./ml_datasets/images/pcam_1730.jpg,0
pcam_1731,./ml_datasets/images/pcam_1731.jpg,0
pcam_1732,./ml_datasets/images/pcam_1732.jpg,0
pcam_1733,./ml_datasets/images/pcam_1733.jpg,0
pcam_1734,./ml_datasets/images/pcam_1734.jpg,0
pcam_1735,./ml_datasets/images/pcam_1735.jpg,0
pcam_1736,./ml_datasets/images/pcam_1736.jpg,0
pcam_1737,./ml_datasets/images/pcam_1737.jpg,0
pcam_1738,./ml_datasets/images/pcam_1738.jpg,0
pcam_1739,./ml_datasets/images/pcam_1739.jpg,0
pcam_1740,./ml_datasets/images/pcam_1740.jpg,0
pcam_1741,./ml_datasets/images/pcam_1741.jpg,0
pcam_1742,./ml_datasets/images/pcam_1742.jpg,0
pcam_1743,./ml_datasets/images/pcam_1743.jpg,0
pcam_1744,./ml_datasets/images/pcam_1744.jpg,0
pcam_1745,./ml_datasets/images/pcam_1745.jpg,0
pcam_1746,./ml_datasets/images/pcam_1746.jpg,0
pcam_1747,./ml_datasets/images/pcam_1747.jpg,0
pcam_1748,./ml_datasets/images/pcam_1748.jpg,0
pcam_1749,./ml_datasets/images/pcam_1749.jpg,0
pcam_1750,./ml_datasets/images/pcam_1750.jpg,0
pcam_1751,./ml_datasets/images/pcam_1751.jpg,0
pcam_1752,./ml_datasets/images/pcam_1752.jpg,0
pcam_1753,./ml_datasets/images/pcam_1753.jpg,0
pcam_1754,./ml_datasets/images/pcam_1754.jpg,0
pcam_1755,./ml_datasets/images/pcam_1755.jpg,0
pcam_1756,./ml_datasets/images/pcam_1756.jpg,0
pcam_1757,./ml_datasets/images/pcam_1757.jpg,0
pcam_1758,./ml_datasets/images/pcam_1758.jpg,0
pcam_1759,./ml_datasets/images/pcam_1759.jpg,0
pcam_1760,./ml_datasets/images/pcam_1760.jpg,0
pcam_1761,./ml_datasets/images/pcam_1761.jpg,0
pcam_1762,./ml_datasets/images/pcam_1762.jpg,0
pcam_1763,./ml_datasets/images/pcam_1763.jpg,0
pcam_1764,./ml_datasets/images/pcam_1764.jpg,0
pcam_1765,./ml_datasets/images/pcam_1765.jpg,0
pcam_1766,./ml_datasets/images/pcam_1766.jpg,0
pcam_1767,./ml_datasets/images/pcam_1767.jpg,0
pcam_1768,./ml_datasets/images/pcam_1768.jpg,0
pcam_1769,./ml_datasets/images/pcam_1769.jpg,0
pcam_1770,./ml_datasets/images/pcam_1770.jpg,0
pcam_1771,./ml_datasets/images/pcam_1771.jpg,0
pcam_1772,./ml_datasets/images/pcam_1772.jpg,0
pcam_1773,./ml_datasets/images/pcam_1773.jpg,0
pcam_1774,./ml_datasets/images/pcam_1774.jpg,0
pcam_1775,./ml_datasets/images/pcam_1775.jpg,0
pcam_1776,./ml_datasets/images/pcam_1776.jpg,0
pcam_1777,./ml_datasets/images/pcam_1777.jpg,0
pcam_1778,./ml_datasets/images/pcam_1778.jpg,0
pcam_1779,./ml_datasets/images/pcam_1779.jpg,0
pcam_1780,./ml_datasets/images/pcam_1780.jpg,0
pcam_1781,./ml_datasets/images/pcam_1781.jpg,0
pcam_1782,./ml_datasets/images/pcam_1782.jpg,0
pcam_1783,./ml_datasets/images/pcam_1783.jpg,0
pcam_1784,./ml_datasets/images/pcam_1784.jpg,0
pcam_1785,./ml_datasets/images/pcam_1785.jpg,0
pcam_1786,./ml_datasets/images/pcam_1786.jpg,0
pcam_1787,./ml_datasets/images/pcam_1787.jpg,0
pcam_1788,./ml_datasets/images/pcam_1788.jpg,0
pcam_1789,./ml_datasets/images/pcam_1789.jpg,0
pcam_1790,./ml_datasets/images/pcam_1790.jpg,0
pcam_1791,./ml_datasets/images/pcam_1791.jpg,0
pcam_1792,./ml_datasets/images/pcam_1792.jpg,0
pcam_1793,./ml_datasets/images/pcam_1793.jpg,0
pcam_1794,./ml_datasets/images/pcam_1794.jpg,0
pcam_1795,./ml_datasets/images/pcam_1795.jpg,0
pcam_1796,./ml_datasets/images/pcam_1796.jpg,0
pcam_1797,./ml_datasets/images/pcam_1797.jpg,0
pcam_1798,./ml_datasets/images/pcam_1798.jpg,0
pcam_1799,./ml_datasets/images/pcam_1799.jpg,0
pcam_1800,./ml_datasets/images/pcam_1800.jpg,0
pcam_1801,./ml_datasets/images/pcam_1801.jpg,0
pcam_1802,./ml_datasets/images/pcam_1802.jpg,0
pcam_1803,./ml_datasets/images/pcam_1803.jpg,0
pcam_1804,./ml_datasets/images/pcam_1804.jpg,0
pcam_1805,./ml_datasets/images/pcam_1805.jpg,0
pcam_1806,./ml_datasets/images/pcam_1806.jpg,0
pcam_1807,./ml_datasets/images/pcam_1807.jpg,0
pcam_1808,./ml_datasets/images/pcam_1808.jpg,0
pcam_1809,./ml_datasets/images/pcam_1809.jpg,0
pcam_1810,./ml_datasets/images/pcam_1810.jpg,0
pcam_1811,./ml_datasets/images/pcam_1811.jpg,0
pcam_1812,./ml_datasets/images/pcam_1812.jpg,0
pcam_1813,./ml_datasets/images/pcam_1813.jpg,0
pcam_1814,./ml_datasets/images/pcam_1814.jpg,0
pcam_1815,./ml_datasets/images/pcam_1815.jpg,0
pcam_1816,./ml_datasets/images/pcam_1816.jpg,0
pcam_1817,./ml_datasets/images/pcam_1817.jpg,0
pcam_1818,./ml_datasets/images/pcam_1818.jpg,0
pcam_1819,./ml_datasets/images/pcam_1819.jpg,0
pcam_1820,./ml_datasets/images/pcam_1820.jpg,0
pcam_1821,./ml_datasets/images/pcam_1821.jpg,0
pcam_1822,./ml_datasets/images/pcam_1822.jpg,0
pcam_1823,./ml_datasets/images/pcam_1823.jpg,0
pcam_1824,./ml_datasets/images/pcam_1824.jpg,0
pcam_1825,./ml_datasets/images/pcam_1825.jpg,0
pcam_1826,./ml_datasets/images/pcam_1826.jpg,0
pcam_1827,./ml_datasets/images/pcam_1827.jpg,0
pcam_1828,./ml_datasets/images/pcam_1828.jpg,0
pcam_1829,./ml_datasets/images/pcam_1829.jpg,0
pcam_1830,./ml_datasets/images/pcam_1830.jpg,0
pcam_1831,./ml_datasets/images/pcam_1831.jpg,0
pcam_1832,./ml_datasets/images/pcam_1832.jpg,0
pcam_1833,./ml_datasets/images/pcam_1833.jpg,0
pcam_1834,./ml_datasets/images/pcam_1834.jpg,0
pcam_1835,./ml_datasets/images/pcam_1835.jpg,0
pcam_1836,./ml_datasets/images/pcam_1836.jpg,0
pcam_1837,./ml_datasets/images/pcam_1837.jpg,0
pcam_1838,./ml_datasets/images/pcam_1838.jpg,0
pcam_1839,./ml_datasets/images/pcam_1839.jpg,0
pcam_1840,./ml_datasets/images/pcam_1840.jpg,0
pcam_1841,./ml_datasets/images/pcam_1841.jpg,0
pcam_1842,./ml_datasets/images/pcam_1842.jpg,0
pcam_1843,./ml_datasets/images/pcam_1843.jpg,0
pcam_1844,./ml_datasets/images/pcam_1844.jpg,0
pcam_1845,./ml_datasets/images/pcam_1845.jpg,0
pcam_1846,./ml_datasets/images/pcam_1846.jpg,0
pcam_1847,./ml_datasets/images/pcam_1847.jpg,0
pcam_1848,./ml_datasets/images/pcam_1848.jpg,0
pcam_1849,./ml_datasets/images/pcam_1849.jpg,0
pcam_1850,./ml_datasets/images/pcam_1850.jpg,0
pcam_1851,./ml_datasets/images/pcam_1851.jpg,0
pcam_1852,./ml_datasets/images/pcam_1852.jpg,0
pcam_1853,./ml_datasets/images/pcam_1853.jpg,0
pcam_1854,./ml_datasets/images/pcam_1854.jpg,0
pcam_1855,./ml_datasets/images/pcam_1855.jpg,0
pcam_1856,./ml_datasets/images/pcam_1856.jpg,0
pcam_1857,./ml_datasets/images/pcam_1857.jpg,0
pcam_1858,./ml_datasets/images/pcam_1858.jpg,0
pcam_1859,./ml_datasets/images/pcam_1859.jpg,0
pcam_1860,./ml_datasets/images/pcam_1860.jpg,0
pcam_1861,./ml_datasets/images/pcam_1861.jpg,0
pcam_1862,./ml_datasets/images/pcam_1862.jpg,0
pcam_1863,./ml_datasets/images/pcam_1863.jpg,0
pcam_1864,./ml_datasets/images/pcam_1864.jpg,0
pcam_1865,./ml_datasets/images/pcam_1865.jpg,0
pcam_1866,./ml_datasets/images/pcam_1866.jpg,0
pcam_1867,./ml_datasets/images/pcam_1867.jpg,0
pcam_1868,./ml_datasets/images/pcam_1868.jpg,0
pcam_1869,./ml_datasets/images/pcam_1869.jpg,0
pcam_1870,./ml_datasets/images/pcam_1870.jpg,0
pcam_1871,./ml_datasets/images/pcam_1871.jpg,0
pcam_1872,./ml_datasets/images/pcam_1872.jpg,0
pcam_1873,./ml_datasets/images/pcam_1873.jpg,0
pcam_1874,./ml_datasets/images/pcam_1874.jpg,0
pcam_1875,./ml_datasets/images/pcam_1875.jpg,0
pcam_1876,./ml_datasets/images/pcam_1876.jpg,0
pcam_1877,./ml_datasets/images/pcam_1877.jpg,0
pcam_1878,./ml_datasets/images/pcam_1878.jpg,0
pcam_1879,./ml_datasets/images/pcam_1879.jpg,0
pcam_1880,./ml_datasets/images/pcam_1880.jpg,0
pcam_1881,./ml_datasets/images/pcam_1881.jpg,0
pcam_1882,./ml_datasets/images/pcam_1882.jpg,0
pcam_1883,./ml_datasets/images/pcam_1883.jpg,0
pcam_1884,./ml_datasets/images/pcam_1884.jpg,0
pcam_1885,./ml_datasets/images/pcam_1885.jpg,0
pcam_1886,./ml_datasets/images/pcam_1886.jpg,0
pcam_1887,./ml_datasets/images/pcam_1887.jpg,0
pcam_1888,./ml_datasets/images/pcam_1888.jpg,0
pcam_1889,./ml_datasets/images/pcam_1889.jpg,0
pcam_1890,./ml_datasets/images/pcam_1890.jpg,0
pcam_1891,./ml_datasets/images/pcam_1891.jpg,0
pcam_1892,./ml_datasets/images/pcam_1892.jpg,0
pcam_1893,./ml_datasets/images/pcam_1893.jpg,0
pcam_1894,./ml_datasets/images/pcam_1894.jpg,0
pcam_1895,./ml_datasets/images/pcam_1895.jpg,0
pcam_1896,./ml_datasets/images/pcam_1896.jpg,0
pcam_1897,./ml_datasets/images/pcam_1897.jpg,0
pcam_1898,./ml_datasets/images/pcam_1898.jpg,0
pcam_1899,./ml_datasets/images/pcam_1899.jpg,0
pcam_1900,./ml_datasets/images/pcam_1900.jpg,0
pcam_1901,./ml_datasets/images/pcam_1901.jpg,0
pcam_1902,./ml_datasets/images/pcam_1902.jpg,0
pcam_1903,./ml_datasets/images/pcam_1903.jpg,0
pcam_1904,./ml_datasets/images/pcam_1904.jpg,0
pcam_1905,./ml_datasets/images/pcam_1905.jpg,0
pcam_1906,./ml_datasets/images/pcam_1906.jpg,0
pcam_1907,./ml_datasets/images/pcam_1907.jpg,0
pcam_1908,./ml_datasets/images/pcam_1908.jpg,0
pcam_1909,./ml_datasets/images/pcam_1909.jpg,0
pcam_1910,./ml_datasets/images/pcam_1910.jpg,0
pcam_1911,./ml_datasets/images/pcam_1911.jpg,0
pcam_1912,./ml_datasets/images/pcam_1912.jpg,0
pcam_1913,./ml_datasets/images/pcam_1913.jpg,0
pcam_1914,./ml_datasets/images/pcam_1914.jpg,0
pcam_1915,./ml_datasets/images/pcam_1915.jpg,0
pcam_1916,./ml_datasets/images/pcam_1916.jpg,0
pcam_1917,./ml_datasets/images/pcam_1917.jpg,0
pcam_1918,./ml_datasets/images/pcam_1918.jpg,0
pcam_1919,./ml_datasets/images/pcam_1919.jpg,0
pcam_1920,./ml_datasets/images/pcam_1920.jpg,0
pcam_1921,./ml_datasets/images/pcam_1921.jpg,0
pcam_1922,./ml_datasets/images/pcam_1922.jpg,0
pcam_1923,./ml_datasets/images/pcam_1923.jpg,0
pcam_1924,./ml_datasets/images/pcam_1924.jpg,0
pcam_1925,./ml_datasets/images/pcam_1925.jpg,0
pcam_1926,./ml_datasets/images/pcam_1926.jpg,0
pcam_1927,./ml_datasets/images/pcam_1927.jpg,0
pcam_1928,./ml_datasets/images/pcam_1928.jpg,0
pcam_1929,./ml_datasets/images/pcam_1929.jpg,0
pcam_1930,./ml_datasets/images/pcam_1930.jpg,0
pcam_1931,./ml_datasets/images/pcam_1931.jpg,0
pcam_1932,./ml_datasets/images/pcam_1932.jpg,0
pcam_1933,./ml_datasets/images/pcam_1933.jpg,0
pcam_1934,./ml_datasets/images/pcam_1934.jpg,0
pcam_1935,./ml_datasets/images/pcam_1935.jpg,0
pcam_1936,./ml_datasets/images/pcam_1936.jpg,0
pcam_1937,./ml_datasets/images/pcam_1937.jpg,0
pcam_1938,./ml_datasets/images/pcam_1938.jpg,0
pcam_1939,./ml_datasets/images/pcam_1939.jpg,0
pcam_1940,./ml_datasets/images/pcam_1940.jpg,0
pcam_1941,./ml_datasets/images/pcam_1941.jpg,0
pcam_1942,./ml_datasets/images/pcam_1942.jpg,0
pcam_1943,./ml_datasets/images/pcam_1943.jpg,0
pcam_1944,./ml_datasets/images/pcam_1944.jpg,0
pcam_1945,./ml_datasets/images/pcam_1945.jpg,0
pcam_1946,./ml_datasets/images/pcam_1946.jpg,0
pcam_1947,./ml_datasets/images/pcam_1947.jpg,0
pcam_1948,./ml_datasets/images/pcam_1948.jpg,0
pcam_1949,./ml_datasets/images/pcam_1949.jpg,0
pcam_1950,./ml_datasets/images/pcam_1950.jpg,0
pcam_1951,./ml_datasets/images/pcam_1951.jpg,0
pcam_1952,./ml_datasets/images/pcam_1952.jpg,0
pcam_1953,./ml_datasets/images/pcam_1953.jpg,0
pcam_1954,./ml_datasets/images/pcam_1954.jpg,0
pcam_1955,./ml_datasets/images/pcam_1955.jpg,0
pcam_1956,./ml_datasets/images/pcam_1956.jpg,0
pcam_1957,./ml_datasets/images/pcam_1957.jpg,0
pcam_1958,./ml_datasets/images/pcam_1958.jpg,0
pcam_1959,./ml_datasets/images/pcam_1959.jpg,0
pcam_1960,./ml_datasets/images/pcam_1960.jpg,0
pcam_1961,./ml_datasets/images/pcam_1961.jpg,0
pcam_1962,./ml_datasets/images/pcam_1962.jpg,0
pcam_1963,./ml_datasets/images/pcam_1963.jpg,0
pcam_1964,./ml_datasets/images/pcam_1964.jpg,0
pcam_1965,./ml_datasets/images/pcam_1965.jpg,0
pcam_1966,./ml_datasets/images/pcam_1966.jpg,0
pcam_1967,./ml_datasets/images/pcam_1967.jpg,0
pcam_1968,./ml_datasets/images/pcam_1968.jpg,0
pcam_1969,./ml_datasets/images/pcam_1969.jpg,0
pcam_1970,./ml_datasets/images/pcam_1970.jpg,0
pcam_1971,./ml_datasets/images/pcam_1971.jpg,0
pcam_1972,./ml_datasets/images/pcam_1972.jpg,0
pcam_1973,./ml_datasets/images/pcam_1973.jpg,0
pcam_1974,./ml_datasets/images/pcam_1974.jpg,0
pcam_1975,./ml_datasets/images/pcam_1975.jpg,0
pcam_1976,./ml_datasets/images/pcam_1976.jpg,0
pcam_1977,./ml_datasets/images/pcam_1977.jpg,0
pcam_1978,./ml_datasets/images/pcam_1978.jpg,0
pcam_1979,./ml_datasets/images/pcam_1979.jpg,0
pcam_1980,./ml_datasets/images/pcam_1980.jpg,0
pcam_1981,./ml_datasets/images/pcam_1981.jpg,0
pcam_1982,./ml_datasets/images/pcam_1982.jpg,0
pcam_1983,./ml_datasets/images/pcam_1983.jpg,0
pcam_1984,./ml_datasets/images/pcam_1984.jpg,0
pcam_1985,./ml_datasets/images/pcam_1985.jpg,0
pcam_1986,./ml_datasets/images/pcam_1986.jpg,0
pcam_1987,./ml_datasets/images/pcam_1987.jpg,0
pcam_1988,./ml_datasets/images/pcam_1988.jpg,0
pcam_1989,./ml_datasets/images/pcam_1989.jpg,0
pcam_1990,./ml_datasets/images/pcam_1990.jpg,0
pcam_1991,./ml_datasets/images/pcam_1991.jpg,0
pcam_1992,./ml_datasets/images/pcam_1992.jpg,0
pcam_1993,./ml_datasets/images/pcam_1993.jpg,0
pcam_1994,./ml_datasets/images/pcam_1994.jpg,0
pcam_1995,./ml_datasets/images/pcam_1995.jpg,0
pcam_1996,./ml_datasets/images/pcam_1996.jpg,0
pcam_1997,./ml_datasets/images/pcam_1997.jpg,0
pcam_1998,./ml_datasets/images/pcam_1998.jpg,0
pcam_1999,./ml_datasets/images/pcam_1999.jpg,0
pcam_2000,./ml_datasets/images/pcam_2000.jpg,0
pcam_2001,./ml_datasets/images/pcam_2001.jpg,0
pcam_2002,./ml_datasets/images/pcam_2002.jpg,0
pcam_2003,./ml_datasets/images/pcam_2003.jpg,0
pcam_2004,./ml_datasets/images/pcam_2004.jpg,0
pcam_2005,./ml_datasets/images/pcam_2005.jpg,0
pcam_2006,./ml_datasets/images/pcam_2006.jpg,0
pcam_2007,./ml_datasets/images/pcam_2007.jpg,0
pcam_2008,./ml_datasets/images/pcam_2008.jpg,0
pcam_2009,./ml_datasets/images/pcam_2009.jpg,0
pcam_2010,./ml_datasets/images/pcam_2010.jpg,0
pcam_2011,./ml_datasets/images/pcam_2011.jpg,0
pcam_2012,./ml_datasets/images/pcam_2012.jpg,0
pcam_2013,./ml_datasets/images/pcam_2013.jpg,0
pcam_2014,./ml_datasets/images/pcam_2014.jpg,0
pcam_2015,./ml_datasets/images/pcam_2015.jpg,0
pcam_2016,./ml_datasets/images/pcam_2016.jpg,0
pcam_2017,./ml_datasets/images/pcam_2017.jpg,0
pcam_2018,./ml_datasets/images/pcam_2018.jpg,0
pcam_2019,./ml_datasets/images/pcam_2019.jpg,0
pcam_2020,./ml_datasets/images/pcam_2020.jpg,0
pcam_2021,./ml_datasets/images/pcam_2021.jpg,0
pcam_2022,./ml_datasets/images/pcam_2022.jpg,0
pcam_2023,./ml_datasets/images/pcam_2023.jpg,0
pcam_2024,./ml_datasets/images/pcam_2024.jpg,0
pcam_2025,./ml_datasets/images/pcam_2025.jpg,0
pcam_2026,./ml_datasets/images/pcam_2026.jpg,0
pcam_2027,./ml_datasets/images/pcam_2027.jpg,0
pcam_2028,./ml_datasets/images/pcam_2028.jpg,0
pcam_2029,./ml_datasets/images/pcam_2029.jpg,0
pcam_2030,./ml_datasets/images/pcam_2030.jpg,0
pcam_2031,./ml_datasets/images/pcam_2031.jpg,0
pcam_2032,./ml_datasets/images/pcam_2032.jpg,0
pcam_2033,./ml_datasets/images/pcam_2033.jpg,0
pcam_2034,./ml_datasets/images/pcam_2034.jpg,0
pcam_2035,./ml_datasets/images/pcam_2035.jpg,0
pcam_2036,./ml_datasets/images/pcam_2036.jpg,0
pcam_2037,./ml_datasets/images/pcam_2037.jpg,0
pcam_2038,./ml_datasets/images/pcam_2038.jpg,0
pcam_2039,./ml_datasets/images/pcam_2039.jpg,0
pcam_2040,./ml_datasets/images/pcam_2040.jpg,0
pcam_2041,./ml_datasets/images/pcam_2041.jpg,0
pcam_2042,./ml_datasets/images/pcam_2042.jpg,0
pcam_2043,./ml_datasets/images/pcam_2043.jpg,0
pcam_2044,./ml_datasets/images/pcam_2044.jpg,0
pcam_2045,./ml_datasets/images/pcam_2045.jpg,0
pcam_2046,./ml_datasets/images/pcam_2046.jpg,0
pcam_2047,./ml_datasets/images/pcam_2047.jpg,0
pcam_2048,./ml_datasets/images/pcam_2048.jpg,0
pcam_2049,./ml_datasets/images/pcam_2049.jpg,0
pcam_2050,./ml_datasets/images/pcam_2050.jpg,0
pcam_2051,./ml_datasets/images/pcam_2051.jpg,0
pcam_2052,./ml_datasets/images/pcam_2052.jpg,0
pcam_2053,./ml_datasets/images/pcam_2053.jpg,0
pcam_2054,./ml_datasets/images/pcam_2054.jpg,0
pcam_2055,./ml_datasets/images/pcam_2055.jpg,0
pcam_2056,./ml_datasets/images/pcam_2056.jpg,0
pcam_2057,./ml_datasets/images/pcam_2057.jpg,0
pcam_2058,./ml_datasets/images/pcam_2058.jpg,0
pcam_2059,./ml_datasets/images/pcam_2059.jpg,0
pcam_2060,./ml_datasets/images/pcam_2060.jpg,0
pcam_2061,./ml_datasets/images/pcam_2061.jpg,0
pcam_2062,./ml_datasets/images/pcam_2062.jpg,0
pcam_2063,./ml_datasets/images/pcam_2063.jpg,0
pcam_2064,./ml_datasets/images/pcam_2064.jpg,0
pcam_2065,./ml_datasets/images/pcam_2065.jpg,0
pcam_2066,./ml_datasets/images/pcam_2066.jpg,0
pcam_2067,./ml_datasets/images/pcam_2067.jpg,0
pcam_2068,./ml_datasets/images/pcam_2068.jpg,0
pcam_2069,./ml_datasets/images/pcam_2069.jpg,0
pcam_2070,./ml_datasets/images/pcam_2070.jpg,0
pcam_2071,./ml_datasets/images/pcam_2071.jpg,0
pcam_2072,./ml_datasets/images/pcam_2072.jpg,0
pcam_2073,./ml_datasets/images/pcam_2073.jpg,0
pcam_2074,./ml_datasets/images/pcam_2074.jpg,0
pcam_2075,./ml_datasets/images/pcam_2075.jpg,0
pcam_2076,./ml_datasets/images/pcam_2076.jpg,0
pcam_2077,./ml_datasets/images/pcam_2077.jpg,0
pcam_2078,./ml_datasets/images/pcam_2078.jpg,0
pcam_2079,./ml_datasets/images/pcam_2079.jpg,0
pcam_2080,./ml_datasets/images/pcam_2080.jpg,0
pcam_2081,./ml_datasets/images/pcam_2081.jpg,0
pcam_2082,./ml_datasets/images/pcam_2082.jpg,0
pcam_2083,./ml_datasets/images/pcam_2083.jpg,0
pcam_2084,./ml_datasets/images/pcam_2084.jpg,0
pcam_2085,./ml_datasets/images/pcam_2085.jpg,0
pcam_2086,./ml_datasets/images/pcam_2086.jpg,0
pcam_2087,./ml_datasets/images/pcam_2087.jpg,0
pcam_2088,./ml_datasets/images/pcam_2088.jpg,0
pcam_2089,./ml_datasets/images/pcam_2089.jpg,0
pcam_2090,./ml_datasets/images/pcam_2090.jpg,0
pcam_2091,./ml_datasets/images/pcam_2091.jpg,0
pcam_2092,./ml_datasets/images/pcam_2092.jpg,0
pcam_2093,./ml_datasets/images/pcam_2093.jpg,0
pcam_2094,./ml_datasets/images/pcam_2094.jpg,0
pcam_2095,./ml_datasets/images/pcam_2095.jpg,0
pcam_2096,./ml_datasets/images/pcam_2096.jpg,0
pcam_2097,./ml_datasets/images/pcam_2097.jpg,0
pcam_2098,./ml_datasets/images/pcam_2098.jpg,0
pcam_2099,./ml_datasets/images/pcam_2099.jpg,0
pcam_2100,./ml_datasets/images/pcam_2100.jpg,0
pcam_2101,./ml_datasets/images/pcam_2101.jpg,0
pcam_2102,./ml_datasets/images/pcam_2102.jpg,0
pcam_2103,./ml_datasets/images/pcam_2103.jpg,0
pcam_2104,./ml_datasets/images/pcam_2104.jpg,0
pcam_2105,./ml_datasets/images/pcam_2105.jpg,0
pcam_2106,./ml_datasets/images/pcam_2106.jpg,0
pcam_2107,./ml_datasets/images/pcam_2107.jpg,0
pcam_2108,./ml_datasets/images/pcam_2108.jpg,0
pcam_2109,./ml_datasets/images/pcam_2109.jpg,0
pcam_2110,./ml_datasets/images/pcam_2110.jpg,0
pcam_2111,./ml_datasets/images/pcam_2111.jpg,0
pcam_2112,./ml_datasets/images/pcam_2112.jpg,0
pcam_2113,./ml_datasets/images/pcam_2113.jpg,0
pcam_2114,./ml_datasets/images/pcam_2114.jpg,0
pcam_2115,./ml_datasets/images/pcam_2115.jpg,0
pcam_2116,./ml_datasets/images/pcam_2116.jpg,0
pcam_2117,./ml_datasets/images/pcam_2117.jpg,0
pcam_2118,./ml_datasets/images/pcam_2118.jpg,0
pcam_2119,./ml_datasets/images/pcam_2119.jpg,0
pcam_2120,./ml_datasets/images/pcam_2120.jpg,0
pcam_2121,./ml_datasets/images/pcam_2121.jpg,0
pcam_2122,./ml_datasets/images/pcam_2122.jpg,0
pcam_2123,./ml_datasets/images/pcam_2123.jpg,0
pcam_2124,./ml_datasets/images/pcam_2124.jpg,0
pcam_2125,./ml_datasets/images/pcam_2125.jpg,0
pcam_2126,./ml_datasets/images/pcam_2126.jpg,0
pcam_2127,./ml_datasets/images/pcam_2127.jpg,0
pcam_2128,./ml_datasets/images/pcam_2128.jpg,0
pcam_2129,./ml_datasets/images/pcam_2129.jpg,0
pcam_2130,./ml_datasets/images/pcam_2130.jpg,0
pcam_2131,./ml_datasets/images/pcam_2131.jpg,0
pcam_2132,./ml_datasets/images/pcam_2132.jpg,0
pcam_2133,./ml_datasets/images/pcam_2133.jpg,0
pcam_2134,./ml_datasets/images/pcam_2134.jpg,0
pcam_2135,./ml_datasets/images/pcam_2135.jpg,0
pcam_2136,./ml_datasets/images/pcam_2136.jpg,0
pcam_2137,./ml_datasets/images/pcam_2137.jpg,0
pcam_2138,./ml_datasets/images/pcam_2138.jpg,0
pcam_2139,./ml_datasets/images/pcam_2139.jpg,0
pcam_2140,./ml_datasets/images/pcam_2140.jpg,0
pcam_2141,./ml_datasets/images/pcam_2141.jpg,0
pcam_2142,./ml_datasets/images/pcam_2142.jpg,0
pcam_2143,./ml_datasets/images/pcam_2143.jpg,0
pcam_2144,./ml_datasets/images/pcam_2144.jpg,0
pcam_2145,./ml_datasets/images/pcam_2145.jpg,0
pcam_2146,./ml_datasets/images/pcam_2146.jpg,0
pcam_2147,./ml_datasets/images/pcam_2147.jpg,0
pcam_2148,./ml_datasets/images/pcam_2148.jpg,0
pcam_2149,./ml_datasets/images/pcam_2149.jpg,0
pcam_2150,./ml_datasets/images/pcam_2150.jpg,0
pcam_2151,./ml_datasets/images/pcam_2151.jpg,0
pcam_2152,./ml_datasets/images/pcam_2152.jpg,0
pcam_2153,./ml_datasets/images/pcam_2153.jpg,0
pcam_2154,./ml_datasets/images/pcam_2154.jpg,0
pcam_2155,./ml_datasets/images/pcam_2155.jpg,0
pcam_2156,./ml_datasets/images/pcam_2156.jpg,0
pcam_2157,./ml_datasets/images/pcam_2157.jpg,0
pcam_2158,./ml_datasets/images/pcam_2158.jpg,0
pcam_2159,./ml_datasets/images/pcam_2159.jpg,0
pcam_2160,./ml_datasets/images/pcam_2160.jpg,0
pcam_2161,./ml_datasets/images/pcam_2161.jpg,0
pcam_2162,./ml_datasets/images/pcam_2162.jpg,0
pcam_2163,./ml_datasets/images/pcam_2163.jpg,0
pcam_2164,./ml_datasets/images/pcam_2164.jpg,0
pcam_2165,./ml_datasets/images/pcam_2165.jpg,0
pcam_2166,./ml_datasets/images/pcam_2166.jpg,0
pcam_2167,./ml_datasets/images/pcam_2167.jpg,0
pcam_2168,./ml_datasets/images/pcam_2168.jpg,0
pcam_2169,./ml_datasets/images/pcam_2169.jpg,0
pcam_2170,./ml_datasets/images/pcam_2170.jpg,0
pcam_2171,./ml_datasets/images/pcam_2171.jpg,0
pcam_2172,./ml_datasets/images/pcam_2172.jpg,0
pcam_2173,./ml_datasets/images/pcam_2173.jpg,0
pcam_2174,./ml_datasets/images/pcam_2174.jpg,0
pcam_2175,./ml_datasets/images/pcam_2175.jpg,0
pcam_2176,./ml_datasets/images/pcam_2176.jpg,0
pcam_2177,./ml_datasets/images/pcam_2177.jpg,0
pcam_2178,./ml_datasets/images/pcam_2178.jpg,0
pcam_2179,./ml_datasets/images/pcam_2179.jpg,0
pcam_2180,./ml_datasets/images/pcam_2180.jpg,0
pcam_2181,./ml_datasets/images/pcam_2181.jpg,0
pcam_2182,./ml_datasets/images/pcam_2182.jpg,0
pcam_2183,./ml_datasets/images/pcam_2183.jpg,0
pcam_2184,./ml_datasets/images/pcam_2184.jpg,0
pcam_2185,./ml_datasets/images/pcam_2185.jpg,0
pcam_2186,./ml_datasets/images/pcam_2186.jpg,0
pcam_2187,./ml_datasets/images/pcam_2187.jpg,0
pcam_2188,./ml_datasets/images/pcam_2188.jpg,0
pcam_2189,./ml_datasets/images/pcam_2189.jpg,0
pcam_2190,./ml_datasets/images/pcam_2190.jpg,0
pcam_2191,./ml_datasets/images/pcam_2191.jpg,0
pcam_2192,./ml_datasets/images/pcam_2192.jpg,0
pcam_2193,./ml_datasets/images/pcam_2193.jpg,0
pcam_2194,./ml_datasets/images/pcam_2194.jpg,0
pcam_2195,./ml_datasets/images/pcam_2195.jpg,0
pcam_2196,./ml_datasets/images/pcam_2196.jpg,0
pcam_2197,./ml_datasets/images/pcam_2197.jpg,0
pcam_2198,./ml_datasets/images/pcam_2198.jpg,0
pcam_2199,./ml_datasets/images/pcam_2199.jpg,0
pcam_2200,./ml_datasets/images/pcam_2200.jpg,0
pcam_2201,./ml_datasets/images/pcam_2201.jpg,0
pcam_2202,./ml_datasets/images/pcam_2202.jpg,0
pcam_2203,./ml_datasets/images/pcam_2203.jpg,0
pcam_2204,./ml_datasets/images/pcam_2204.jpg,0
pcam_2205,./ml_datasets/images/pcam_2205.jpg,0
pcam_2206,./ml_datasets/images/pcam_2206.jpg,0
pcam_2207,./ml_datasets/images/pcam_2207.jpg,0
pcam_2208,./ml_datasets/images/pcam_2208.jpg,0
pcam_2209,./ml_datasets/images/pcam_2209.jpg,0
pcam_2210,./ml_datasets/images/pcam_2210.jpg,0
pcam_2211,./ml_datasets/images/pcam_2211.jpg,0
pcam_2212,./ml_datasets/images/pcam_2212.jpg,0
pcam_2213,./ml_datasets/images/pcam_2213.jpg,0
pcam_2214,./ml_datasets/images/pcam_2214.jpg,0
pcam_2215,./ml_datasets/images/pcam_2215.jpg,0
pcam_2216,./ml_datasets/images/pcam_2216.jpg,0
pcam_2217,./ml_datasets/images/pcam_2217.jpg,0
pcam_2218,./ml_datasets/images/pcam_2218.jpg,0
pcam_2219,./ml_datasets/images/pcam_2219.jpg,0
pcam_2220,./ml_datasets/images/pcam_2220.jpg,0
pcam_2221,./ml_datasets/images/pcam_2221.jpg,0
pcam_2222,./ml_datasets/images/pcam_2222.jpg,0
pcam_2223,./ml_datasets/images/pcam_2223.jpg,0
pcam_2224,./ml_datasets/images/pcam_2224.jpg,0
pcam_2225,./ml_datasets/images/pcam_2225.jpg,0
pcam_2226,./ml_datasets/images/pcam_2226.jpg,0
pcam_2227,./ml_datasets/images/pcam_2227.jpg,0
pcam_2228,./ml_datasets/images/pcam_2228.jpg,0
pcam_2229,./ml_datasets/images/pcam_2229.jpg,0
pcam_2230,./ml_datasets/images/pcam_2230.jpg,0
pcam_2231,./ml_datasets/images/pcam_2231.jpg,0
pcam_2232,./ml_datasets/images/pcam_2232.jpg,0
pcam_2233,./ml_datasets/images/pcam_2233.jpg,0
pcam_2234,./ml_datasets/images/pcam_2234.jpg,0
pcam_2235,./ml_datasets/images/pcam_2235.jpg,0
pcam_2236,./ml_datasets/images/pcam_2236.jpg,0
pcam_2237,./ml_datasets/images/pcam_2237.jpg,0
pcam_2238,./ml_datasets/images/pcam_2238.jpg,0
pcam_2239,./ml_datasets/images/pcam_2239.jpg,0
pcam_2240,./ml_datasets/images/pcam_2240.jpg,0
pcam_2241,./ml_datasets/images/pcam_2241.jpg,0
pcam_2242,./ml_datasets/images/pcam_2242.jpg,0
pcam_2243,./ml_datasets/images/pcam_2243.jpg,0
pcam_2244,./ml_datasets/images/pcam_2244.jpg,0
pcam_2245,./ml_datasets/images/pcam_2245.jpg,0
pcam_2246,./ml_datasets/images/pcam_2246.jpg,0
pcam_2247,./ml_datasets/images/pcam_2247.jpg,0
pcam_2248,./ml_datasets/images/pcam_2248.jpg,0
pcam_2249,./ml_datasets/images/pcam_2249.jpg,0
pcam_2250,./ml_datasets/images/pcam_2250.jpg,0
pcam_2251,./ml_datasets/images/pcam_2251.jpg,0
pcam_2252,./ml_datasets/images/pcam_2252.jpg,0
pcam_2253,./ml_datasets/images/pcam_2253.jpg,0
pcam_2254,./ml_datasets/images/pcam_2254.jpg,0
pcam_2255,./ml_datasets/images/pcam_2255.jpg,0
pcam_2256,./ml_datasets/images/pcam_2256.jpg,0
pcam_2257,./ml_datasets/images/pcam_2257.jpg,0
pcam_2258,./ml_datasets/images/pcam_2258.jpg,0
pcam_2259,./ml_datasets/images/pcam_2259.jpg,0
pcam_2260,./ml_datasets/images/pcam_2260.jpg,0
pcam_2261,./ml_datasets/images/pcam_2261.jpg,0
pcam_2262,./ml_datasets/images/pcam_2262.jpg,0
pcam_2263,./ml_datasets/images/pcam_2263.jpg,0
pcam_2264,./ml_datasets/images/pcam_2264.jpg,0
pcam_2265,./ml_datasets/images/pcam_2265.jpg,0
pcam_2266,./ml_datasets/images/pcam_2266.jpg,0
pcam_2267,./ml_datasets/images/pcam_2267.jpg,0
pcam_2268,./ml_datasets/images/pcam_2268.jpg,0
pcam_2269,./ml_datasets/images/pcam_2269.jpg,0
pcam_2270,./ml_datasets/images/pcam_2270.jpg,0
pcam_2271,./ml_datasets/images/pcam_2271.jpg,0
pcam_2272,./ml_datasets/images/pcam_2272.jpg,0
pcam_2273,./ml_datasets/images/pcam_2273.jpg,0
pcam_2274,./ml_datasets/images/pcam_2274.jpg,0
pcam_2275,./ml_datasets/images/pcam_2275.jpg,0
pcam_2276,./ml_datasets/images/pcam_2276.jpg,0
pcam_2277,./ml_datasets/images/pcam_2277.jpg,0
pcam_2278,./ml_datasets/images/pcam_2278.jpg,0
pcam_2279,./ml_datasets/images/pcam_2279.jpg,0
pcam_2280,./ml_datasets/images/pcam_2280.jpg,0
pcam_2281,./ml_datasets/images/pcam_2281.jpg,0
pcam_2282,./ml_datasets/images/pcam_2282.jpg,0
pcam_2283,./ml_datasets/images/pcam_2283.jpg,0
pcam_2284,./ml_datasets/images/pcam_2284.jpg,0
pcam_2285,./ml_datasets/images/pcam_2285.jpg,0
pcam_2286,./ml_datasets/images/pcam_2286.jpg,0
pcam_2287,./ml_datasets/images/pcam_2287.jpg,0
pcam_2288,./ml_datasets/images/pcam_2288.jpg,0
pcam_2289,./ml_datasets/images/pcam_2289.jpg,0
pcam_2290,./ml_datasets/images/pcam_2290.jpg,0
pcam_2291,./ml_datasets/images/pcam_2291.jpg,0
pcam_2292,./ml_datasets/images/pcam_2292.jpg,0
pcam_2293,./ml_datasets/images/pcam_2293.jpg,0
pcam_2294,./ml_datasets/images/pcam_2294.jpg,0
pcam_2295,./ml_datasets/images/pcam_2295.jpg,0
pcam_2296,./ml_datasets/images/pcam_2296.jpg,0
pcam_2297,./ml_datasets/images/pcam_2297.jpg,0
pcam_2298,./ml_datasets/images/pcam_2298.jpg,0
pcam_2299,./ml_datasets/images/pcam_2299.jpg,0
pcam_2300,./ml_datasets/images/pcam_2300.jpg,0
pcam_2301,./ml_datasets/images/pcam_2301.jpg,0
pcam_2302,./ml_datasets/images/pcam_2302.jpg,0
pcam_2303,./ml_datasets/images/pcam_2303.jpg,0
pcam_2304,./ml_datasets/images/pcam_2304.jpg,0
pcam_2305,./ml_datasets/images/pcam_2305.jpg,0
pcam_2306,./ml_datasets/images/pcam_2306.jpg,0
pcam_2307,./ml_datasets/images/pcam_2307.jpg,0
pcam_2308,./ml_datasets/images/pcam_2308.jpg,0
pcam_2309,./ml_datasets/images/pcam_2309.jpg,0
pcam_2310,./ml_datasets/images/pcam_2310.jpg,0
pcam_2311,./ml_datasets/images/pcam_2311.jpg,0
pcam_2312,./ml_datasets/images/pcam_2312.jpg,0
pcam_2313,./ml_datasets/images/pcam_2313.jpg,0
pcam_2314,./ml_datasets/images/pcam_2314.jpg,0
pcam_2315,./ml_datasets/images/pcam_2315.jpg,0
pcam_2316,./ml_datasets/images/pcam_2316.jpg,0
pcam_2317,./ml_datasets/images/pcam_2317.jpg,0
pcam_2318,./ml_datasets/images/pcam_2318.jpg,0
pcam_2319,./ml_datasets/images/pcam_2319.jpg,0
pcam_2320,./ml_datasets/images/pcam_2320.jpg,0
pcam_2321,./ml_datasets/images/pcam_2321.jpg,0
pcam_2322,./ml_datasets/images/pcam_2322.jpg,0
pcam_2323,./ml_datasets/images/pcam_2323.jpg,0
pcam_2324,./ml_datasets/images/pcam_2324.jpg,0
pcam_2325,./ml_datasets/images/pcam_2325.jpg,0
pcam_2326,./ml_datasets/images/pcam_2326.jpg,0
pcam_2327,./ml_datasets/images/pcam_2327.jpg,0
pcam_2328,./ml_datasets/images/pcam_2328.jpg,0
pcam_2329,./ml_datasets/images/pcam_2329.jpg,0
pcam_2330,./ml_datasets/images/pcam_2330.jpg,0
pcam_2331,./ml_datasets/images/pcam_2331.jpg,0
pcam_2332,./ml_datasets/images/pcam_2332.jpg,0
pcam_2333,./ml_datasets/images/pcam_2333.jpg,0
pcam_2334,./ml_datasets/images/pcam_2334.jpg,0
pcam_2335,./ml_datasets/images/pcam_2335.jpg,0
pcam_2336,./ml_datasets/images/pcam_2336.jpg,0
pcam_2337,./ml_datasets/images/pcam_2337.jpg,0
pcam_2338,./ml_datasets/images/pcam_2338.jpg,0
pcam_2339,./ml_datasets/images/pcam_2339.jpg,0
pcam_2340,./ml_datasets/images/pcam_2340.jpg,0
pcam_2341,./ml_datasets/images/pcam_2341.jpg,0
pcam_2342,./ml_datasets/images/pcam_2342.jpg,0
pcam_2343,./ml_datasets/images/pcam_2343.jpg,0
pcam_2344,./ml_datasets/images/pcam_2344.jpg,0
pcam_2345,./ml_datasets/images/pcam_2345.jpg,0
pcam_2346,./ml_datasets/images/pcam_2346.jpg,0
pcam_2347,./ml_datasets/images/pcam_2347.jpg,0
pcam_2348,./ml_datasets/images/pcam_2348.jpg,0
pcam_2349,./ml_datasets/images/pcam_2349.jpg,0
pcam_2350,./ml_datasets/images/pcam_2350.jpg,0
pcam_2351,./ml_datasets/images/pcam_2351.jpg,0
pcam_2352,./ml_datasets/images/pcam_2352.jpg,0
pcam_2353,./ml_datasets/images/pcam_2353.jpg,0
pcam_2354,./ml_datasets/images/pcam_2354.jpg,0
pcam_2355,./ml_datasets/images/pcam_2355.jpg,0
pcam_2356,./ml_datasets/images/pcam_2356.jpg,0
pcam_2357,./ml_datasets/images/pcam_2357.jpg,0
pcam_2358,./ml_datasets/images/pcam_2358.jpg,0
pcam_2359,./ml_datasets/images/pcam_2359.jpg,0
pcam_2360,./ml_datasets/images/pcam_2360.jpg,0
pcam_2361,./ml_datasets/images/pcam_2361.jpg,0
pcam_2362,./ml_datasets/images/pcam_2362.jpg,0
pcam_2363,./ml_datasets/images/pcam_2363.jpg,0
pcam_2364,./ml_datasets/images/pcam_2364.jpg,0
pcam_2365,./ml_datasets/images/pcam_2365.jpg,0
pcam_2366,./ml_datasets/images/pcam_2366.jpg,0
pcam_2367,./ml_datasets/images/pcam_2367.jpg,0
pcam_2368,./ml_datasets/images/pcam_2368.jpg,0
pcam_2369,./ml_datasets/images/pcam_2369.jpg,0
pcam_2370,./ml_datasets/images/pcam_2370.jpg,0
pcam_2371,./ml_datasets/images/pcam_2371.jpg,0
pcam_2372,./ml_datasets/images/pcam_2372.jpg,0
pcam_2373,./ml_datasets/images/pcam_2373.jpg,0
pcam_2374,./ml_datasets/images/pcam_2374.jpg,0
pcam_2375,./ml_datasets/images/pcam_2375.jpg,0
pcam_2376,./ml_datasets/images/pcam_2376.jpg,0
pcam_2377,./ml_datasets/images/pcam_2377.jpg,0
pcam_2378,./ml_datasets/images/pcam_2378.jpg,0
pcam_2379,./ml_datasets/images/pcam_2379.jpg,0
pcam_2380,./ml_datasets/images/pcam_2380.jpg,0
pcam_2381,./ml_datasets/images/pcam_2381.jpg,0
pcam_2382,./ml_datasets/images/pcam_2382.jpg,0
pcam_2383,./ml_datasets/images/pcam_2383.jpg,0
pcam_2384,./ml_datasets/images/pcam_2384.jpg,0
pcam_2385,./ml_datasets/images/pcam_2385.jpg,0
pcam_2386,./ml_datasets/images/pcam_2386.jpg,0
pcam_2387,./ml_datasets/images/pcam_2387.jpg,0
pcam_2388,./ml_datasets/images/pcam_2388.jpg,0
pcam_2389,./ml_datasets/images/pcam_2389.jpg,0
pcam_2390,./ml_datasets/images/pcam_2390.jpg,0
pcam_2391,./ml_datasets/images/pcam_2391.jpg,0
pcam_2392,./ml_datasets/images/pcam_2392.jpg,0
pcam_2393,./ml_datasets/images/pcam_2393.jpg,0
pcam_2394,./ml_datasets/images/pcam_2394.jpg,0
pcam_2395,./ml_datasets/images/pcam_2395.jpg,0
pcam_2396,./ml_datasets/images/pcam_2396.jpg,0
pcam_2397,./ml_datasets/images/pcam_2397.jpg,0
pcam_2398,./ml_datasets/images/pcam_2398.jpg,0
pcam_2399,./ml_datasets/images/pcam_2399.jpg,0
pcam_2400,./ml_datasets/images/pcam_2400.jpg,0
pcam_2401,./ml_datasets/images/pcam_2401.jpg,0
pcam_2402,./ml_datasets/images/pcam_2402.jpg,0
pcam_2403,./ml_datasets/images/pcam_2403.jpg,0
pcam_2404,./ml_datasets/images/pcam_2404.jpg,0
pcam_2405,./ml_datasets/images/pcam_2405.jpg,0
pcam_2406,./ml_datasets/images/pcam_2406.jpg,0
pcam_2407,./ml_datasets/images/pcam_2407.jpg,0
pcam_2408,./ml_datasets/images/pcam_2408.jpg,0
pcam_2409,./ml_datasets/images/pcam_2409.jpg,0
pcam_2410,./ml_datasets/images/pcam_2410.jpg,0
pcam_2411,./ml_datasets/images/pcam_2411.jpg,0
pcam_2412,./ml_datasets/images/pcam_2412.jpg,0
pcam_2413,./ml_datasets/images/pcam_2413.jpg,0
pcam_2414,./ml_datasets/images/pcam_2414.jpg,0
pcam_2415,./ml_datasets/images/pcam_2415.jpg,0
pcam_2416,./ml_datasets/images/pcam_2416.jpg,0
pcam_2417,./ml_datasets/images/pcam_2417.jpg,0
pcam_2418,./ml_datasets/images/pcam_2418.jpg,0
pcam_2419,./ml_datasets/images/pcam_2419.jpg,0
pcam_2420,./ml_datasets/images/pcam_2420.jpg,0
pcam_2421,./ml_datasets/images/pcam_2421.jpg,0
pcam_2422,./ml_datasets/images/pcam_2422.jpg,0
pcam_2423,./ml_datasets/images/pcam_2423.jpg,0
pcam_2424,./ml_datasets/images/pcam_2424.jpg,0
pcam_2425,./ml_datasets/images/pcam_2425.jpg,0
pcam_2426,./ml_datasets/images/pcam_2426.jpg,0
pcam_2427,./ml_datasets/images/pcam_2427.jpg,0
pcam_2428,./ml_datasets/images/pcam_2428.jpg,0
pcam_2429,./ml_datasets/images/pcam_2429.jpg,0
pcam_2430,./ml_datasets/images/pcam_2430.jpg,0
pcam_2431,./ml_datasets/images/pcam_2431.jpg,0
pcam_2432,./ml_datasets/images/pcam_2432.jpg,0
pcam_2433,./ml_datasets/images/pcam_2433.jpg,0
pcam_2434,./ml_datasets/images/pcam_2434.jpg,0
pcam_2435,./ml_datasets/images/pcam_2435.jpg,0
pcam_2436,./ml_datasets/images/pcam_2436.jpg,0
pcam_2437,./ml_datasets/images/pcam_2437.jpg,0
pcam_2438,./ml_datasets/images/pcam_2438.jpg,0
pcam_2439,./ml_datasets/images/pcam_2439.jpg,0
pcam_2440,./ml_datasets/images/pcam_2440.jpg,0
pcam_2441,./ml_datasets/images/pcam_2441.jpg,0
pcam_2442,./ml_datasets/images/pcam_2442.jpg,0
pcam_2443,./ml_datasets/images/pcam_2443.jpg,0
pcam_2444,./ml_datasets/images/pcam_2444.jpg,0
pcam_2445,./ml_datasets/images/pcam_2445.jpg,0
pcam_2446,./ml_datasets/images/pcam_2446.jpg,0
pcam_2447,./ml_datasets/images/pcam_2447.jpg,0
pcam_2448,./ml_datasets/images/pcam_2448.jpg,0
pcam_2449,./ml_datasets/images/pcam_2449.jpg,0
pcam_2450,./ml_datasets/images/pcam_2450.jpg,0
pcam_2451,./ml_datasets/images/pcam_2451.jpg,0
pcam_2452,./ml_datasets/images/pcam_2452.jpg,0
pcam_2453,./ml_datasets/images/pcam_2453.jpg,0
pcam_2454,./ml_datasets/images/pcam_2454.jpg,0
pcam_2455,./ml_datasets/images/pcam_2455.jpg,0
pcam_2456,./ml_datasets/images/pcam_2456.jpg,0
pcam_2457,./ml_datasets/images/pcam_2457.jpg,0
pcam_2458,./ml_datasets/images/pcam_2458.jpg,0
pcam_2459,./ml_datasets/images/pcam_2459.jpg,0
pcam_2460,./ml_datasets/images/pcam_2460.jpg,0
pcam_2461,./ml_datasets/images/pcam_2461.jpg,0
pcam_2462,./ml_datasets/images/pcam_2462.jpg,0
pcam_2463,./ml_datasets/images/pcam_2463.jpg,0
pcam_2464,./ml_datasets/images/pcam_2464.jpg,0
pcam_2465,./ml_datasets/images/pcam_2465.jpg,0
pcam_2466,./ml_datasets/images/pcam_2466.jpg,0
pcam_2467,./ml_datasets/images/pcam_2467.jpg,0
pcam_2468,./ml_datasets/images/pcam_2468.jpg,0
pcam_2469,./ml_datasets/images/pcam_2469.jpg,0
pcam_2470,./ml_datasets/images/pcam_2470.jpg,0
pcam_2471,./ml_datasets/images/pcam_2471.jpg,0
pcam_2472,./ml_datasets/images/pcam_2472.jpg,0
pcam_2473,./ml_datasets/images/pcam_2473.jpg,0
pcam_2474,./ml_datasets/images/pcam_2474.jpg,0
pcam_2475,./ml_datasets/images/pcam_2475.jpg,0
pcam_2476,./ml_datasets/images/pcam_2476.jpg,0
pcam_2477,./ml_datasets/images/pcam_2477.jpg,0
pcam_2478,./ml_datasets/images/pcam_2478.jpg,0
pcam_2479,./ml_datasets/images/pcam_2479.jpg,0
pcam_2480,./ml_datasets/images/pcam_2480.jpg,0
pcam_2481,./ml_datasets/images/pcam_2481.jpg,0
pcam_2482,./ml_datasets/images/pcam_2482.jpg,0
pcam_2483,./ml_datasets/images/pcam_2483.jpg,0
pcam_2484,./ml_datasets/images/pcam_2484.jpg,0
pcam_2485,./ml_datasets/images/pcam_2485.jpg,0
pcam_2486,./ml_datasets/images/pcam_2486.jpg,0
pcam_2487,./ml_datasets/images/pcam_2487.jpg,0
pcam_2488,./ml_datasets/images/pcam_2488.jpg,0
pcam_2489,./ml_datasets/images/pcam_2489.jpg,0
pcam_2490,./ml_datasets/images/pcam_2490.jpg,0
pcam_2491,./ml_datasets/images/pcam_2491.jpg,0
pcam_2492,./ml_datasets/images/pcam_2492.jpg,0
pcam_2493,./ml_datasets/images/pcam_2493.jpg,0
pcam_2494,./ml_datasets/images/pcam_2494.jpg,0
pcam_2495,./ml_datasets/images/pcam_2495.jpg,0
pcam_2496,./ml_datasets/images/pcam_2496.jpg,0
pcam_2497,./ml_datasets/images/pcam_2497.jpg,0
pcam_2498,./ml_datasets/images/pcam_2498.jpg,0
pcam_2499,./ml_datasets/images/pcam_2499.jpg,0
pcam_2500,./ml_datasets/images/pcam_2500.jpg,0
pcam_2501,./ml_datasets/images/pcam_2501.jpg,0
pcam_2502,./ml_datasets/images/pcam_2502.jpg,0
pcam_2503,./ml_datasets/images/pcam_2503.jpg,0
pcam_2504,./ml_datasets/images/pcam_2504.jpg,0
pcam_2505,./ml_datasets/images/pcam_2505.jpg,0
pcam_2506,./ml_datasets/images/pcam_2506.jpg,0
pcam_2507,./ml_datasets/images/pcam_2507.jpg,0
pcam_2508,./ml_datasets/images/pcam_2508.jpg,0
pcam_2509,./ml_datasets/images/pcam_2509.jpg,0
pcam_2510,./ml_datasets/images/pcam_2510.jpg,0
pcam_2511,./ml_datasets/images/pcam_2511.jpg,0
pcam_2512,./ml_datasets/images/pcam_2512.jpg,0
pcam_2513,./ml_datasets/images/pcam_2513.jpg,0
pcam_2514,./ml_datasets/images/pcam_2514.jpg,0
pcam_2515,./ml_datasets/images/pcam_2515.jpg,0
pcam_2516,./ml_datasets/images/pcam_2516.jpg,0
pcam_2517,./ml_datasets/images/pcam_2517.jpg,0
pcam_2518,./ml_datasets/images/pcam_2518.jpg,0
pcam_2519,./ml_datasets/images/pcam_2519.jpg,0
pcam_2520,./ml_datasets/images/pcam_2520.jpg,0
pcam_2521,./ml_datasets/images/pcam_2521.jpg,0
pcam_2522,./ml_datasets/images/pcam_2522.jpg,0
pcam_2523,./ml_datasets/images/pcam_2523.jpg,0
pcam_2524,./ml_datasets/images/pcam_2524.jpg,0
pcam_2525,./ml_datasets/images/pcam_2525.jpg,0
pcam_2526,./ml_datasets/images/pcam_2526.jpg,0
pcam_2527,./ml_datasets/images/pcam_2527.jpg,0
pcam_2528,./ml_datasets/images/pcam_2528.jpg,0
pcam_2529,./ml_datasets/images/pcam_2529.jpg,0
pcam_2530,./ml_datasets/images/pcam_2530.jpg,0
pcam_2531,./ml_datasets/images/pcam_2531.jpg,0
pcam_2532,./ml_datasets/images/pcam_2532.jpg,0
pcam_2533,./ml_datasets/images/pcam_2533.jpg,0
pcam_2534,./ml_datasets/images/pcam_2534.jpg,0
pcam_2535,./ml_datasets/images/pcam_2535.jpg,0
pcam_2536,./ml_datasets/images/pcam_2536.jpg,0
pcam_2537,./ml_datasets/images/pcam_2537.jpg,0
pcam_2538,./ml_datasets/images/pcam_2538.jpg,0
pcam_2539,./ml_datasets/images/pcam_2539.jpg,0
pcam_2540,./ml_datasets/images/pcam_2540.jpg,0
pcam_2541,./ml_datasets/images/pcam_2541.jpg,0
pcam_2542,./ml_datasets/images/pcam_2542.jpg,0
pcam_2543,./ml_datasets/images/pcam_2543.jpg,0
pcam_2544,./ml_datasets/images/pcam_2544.jpg,0
pcam_2545,./ml_datasets/images/pcam_2545.jpg,0
pcam_2546,./ml_datasets/images/pcam_2546.jpg,0
pcam_2547,./ml_datasets/images/pcam_2547.jpg,0
pcam_2548,./ml_datasets/images/pcam_2548.jpg,0
pcam_2549,./ml_datasets/images/pcam_2549.jpg,0
pcam_2550,./ml_datasets/images/pcam_2550.jpg,0
pcam_2551,./ml_datasets/images/pcam_2551.jpg,0
pcam_2552,./ml_datasets/images/pcam_2552.jpg,0
pcam_2553,./ml_datasets/images/pcam_2553.jpg,0
pcam_2554,./ml_datasets/images/pcam_2554.jpg,0
pcam_2555,./ml_datasets/images/pcam_2555.jpg,0
pcam_2556,./ml_datasets/images/pcam_2556.jpg,0
pcam_2557,./ml_datasets/images/pcam_2557.jpg,0
pcam_2558,./ml_datasets/images/pcam_2558.jpg,0
pcam_2559,./ml_datasets/images/pcam_2559.jpg,0
pcam_2560,./ml_datasets/images/pcam_2560.jpg,0
pcam_2561,./ml_datasets/images/pcam_2561.jpg,0
pcam_2562,./ml_datasets/images/pcam_2562.jpg,0
pcam_2563,./ml_datasets/images/pcam_2563.jpg,0
pcam_2564,./ml_datasets/images/pcam_2564.jpg,0
pcam_2565,./ml_datasets/images/pcam_2565.jpg,0
pcam_2566,./ml_datasets/images/pcam_2566.jpg,0
pcam_2567,./ml_datasets/images/pcam_2567.jpg,0
pcam_2568,./ml_datasets/images/pcam_2568.jpg,0
pcam_2569,./ml_datasets/images/pcam_2569.jpg,0
pcam_2570,./ml_datasets/images/pcam_2570.jpg,0
pcam_2571,./ml_datasets/images/pcam_2571.jpg,0
pcam_2572,./ml_datasets/images/pcam_2572.jpg,0
pcam_2573,./ml_datasets/images/pcam_2573.jpg,0
pcam_2574,./ml_datasets/images/pcam_2574.jpg,0
pcam_2575,./ml_datasets/images/pcam_2575.jpg,0
pcam_2576,./ml_datasets/images/pcam_2576.jpg,0
pcam_2577,./ml_datasets/images/pcam_2577.jpg,0
pcam_2578,./ml_datasets/images/pcam_2578.jpg,0
pcam_2579,./ml_datasets/images/pcam_2579.jpg,0
pcam_2580,./ml_datasets/images/pcam_2580.jpg,0
pcam_2581,./ml_datasets/images/pcam_2581.jpg,0
pcam_2582,./ml_datasets/images/pcam_2582.jpg,0
pcam_2583,./ml_datasets/images/pcam_2583.jpg,0
pcam_2584,./ml_datasets/images/pcam_2584.jpg,0
pcam_2585,./ml_datasets/images/pcam_2585.jpg,0
pcam_2586,./ml_datasets/images/pcam_2586.jpg,0
pcam_2587,./ml_datasets/images/pcam_2587.jpg,0
pcam_2588,./ml_datasets/images/pcam_2588.jpg,0
pcam_2589,./ml_datasets/images/pcam_2589.jpg,0
pcam_2590,./ml_datasets/images/pcam_2590.jpg,0
pcam_2591,./ml_datasets/images/pcam_2591.jpg,0
pcam_2592,./ml_datasets/images/pcam_2592.jpg,0
pcam_2593,./ml_datasets/images/pcam_2593.jpg,0
pcam_2594,./ml_datasets/images/pcam_2594.jpg,0
pcam_2595,./ml_datasets/images/pcam_2595.jpg,0
pcam_2596,./ml_datasets/images/pcam_2596.jpg,0
pcam_2597,./ml_datasets/images/pcam_2597.jpg,0
pcam_2598,./ml_datasets/images/pcam_2598.jpg,0
pcam_2599,./ml_datasets/images/pcam_2599.jpg,0
pcam_2600,./ml_datasets/images/pcam_2600.jpg,0
pcam_2601,./ml_datasets/images/pcam_2601.jpg,0
pcam_2602,./ml_datasets/images/pcam_2602.jpg,0
pcam_2603,./ml_datasets/images/pcam_2603.jpg,0
pcam_2604,./ml_datasets/images/pcam_2604.jpg,0
pcam_2605,./ml_datasets/images/pcam_2605.jpg,0
pcam_2606,./ml_datasets/images/pcam_2606.jpg,0
pcam_2607,./ml_datasets/images/pcam_2607.jpg,0
pcam_2608,./ml_datasets/images/pcam_2608.jpg,0
pcam_2609,./ml_datasets/images/pcam_2609.jpg,0
pcam_2610,./ml_datasets/images/pcam_2610.jpg,0
pcam_2611,./ml_datasets/images/pcam_2611.jpg,0
pcam_2612,./ml_datasets/images/pcam_2612.jpg,0
pcam_2613,./ml_datasets/images/pcam_2613.jpg,0
pcam_2614,./ml_datasets/images/pcam_2614.jpg,0
pcam_2615,./ml_datasets/images/pcam_2615.jpg,0
pcam_2616,./ml_datasets/images/pcam_2616.jpg,0
pcam_2617,./ml_datasets/images/pcam_2617.jpg,0
pcam_2618,./ml_datasets/images/pcam_2618.jpg,0
pcam_2619,./ml_datasets/images/pcam_2619.jpg,0
pcam_2620,./ml_datasets/images/pcam_2620.jpg,0
pcam_2621,./ml_datasets/images/pcam_2621.jpg,0
pcam_2622,./ml_datasets/images/pcam_2622.jpg,0
pcam_2623,./ml_datasets/images/pcam_2623.jpg,0
pcam_2624,./ml_datasets/images/pcam_2624.jpg,0
pcam_2625,./ml_datasets/images/pcam_2625.jpg,0
pcam_2626,./ml_datasets/images/pcam_2626.jpg,0
pcam_2627,./ml_datasets/images/pcam_2627.jpg,0
pcam_2628,./ml_datasets/images/pcam_2628.jpg,0
pcam_2629,./ml_datasets/images/pcam_2629.jpg,0
pcam_2630,./ml_datasets/images/pcam_2630.jpg,0
pcam_2631,./ml_datasets/images/pcam_2631.jpg,0
pcam_2632,./ml_datasets/images/pcam_2632.jpg,0
pcam_2633,./ml_datasets/images/pcam_2633.jpg,0
pcam_2634,./ml_datasets/images/pcam_2634.jpg,0
pcam_2635,./ml_datasets/images/pcam_2635.jpg,0
pcam_2636,./ml_datasets/images/pcam_2636.jpg,0
pcam_2637,./ml_datasets/images/pcam_2637.jpg,0
pcam_2638,./ml_datasets/images/pcam_2638.jpg,0
pcam_2639,./ml_datasets/images/pcam_2639.jpg,0
pcam_2640,./ml_datasets/images/pcam_2640.jpg,0
pcam_2641,./ml_datasets/images/pcam_2641.jpg,0
pcam_2642,./ml_datasets/images/pcam_2642.jpg,0
pcam_2643,./ml_datasets/images/pcam_2643.jpg,0
pcam_2644,./ml_datasets/images/pcam_2644.jpg,0
pcam_2645,./ml_datasets/images/pcam_2645.jpg,0
pcam_2646,./ml_datasets/images/pcam_2646.jpg,0
pcam_2647,./ml_datasets/images/pcam_2647.jpg,0
pcam_2648,./ml_datasets/images/pcam_2648.jpg,0
pcam_2649,./ml_datasets/images/pcam_2649.jpg,0
pcam_2650,./ml_datasets/images/pcam_2650.jpg,0
pcam_2651,./ml_datasets/images/pcam_2651.jpg,0
pcam_2652,./ml_datasets/images/pcam_2652.jpg,0
pcam_2653,./ml_datasets/images/pcam_2653.jpg,0
pcam_2654,./ml_datasets/images/pcam_2654.jpg,0
pcam_2655,./ml_datasets/images/pcam_2655.jpg,0
pcam_2656,./ml_datasets/images/pcam_2656.jpg,0
pcam_2657,./ml_datasets/images/pcam_2657.jpg,0
pcam_2658,./ml_datasets/images/pcam_2658.jpg,0
pcam_2659,./ml_datasets/images/pcam_2659.jpg,0
pcam_2660,./ml_datasets/images/pcam_2660.jpg,0
pcam_2661,./ml_datasets/images/pcam_2661.jpg,0
pcam_2662,./ml_datasets/images/pcam_2662.jpg,0
pcam_2663,./ml_datasets/images/pcam_2663.jpg,0
pcam_2664,./ml_datasets/images/pcam_2664.jpg,0
pcam_2665,./ml_datasets/images/pcam_2665.jpg,0
pcam_2666,./ml_datasets/images/pcam_2666.jpg,0
pcam_2667,./ml_datasets/images/pcam_2667.jpg,0
pcam_2668,./ml_datasets/images/pcam_2668.jpg,0
pcam_2669,./ml_datasets/images/pcam_2669.jpg,0
pcam_2670,./ml_datasets/images/pcam_2670.jpg,0
pcam_2671,./ml_datasets/images/pcam_2671.jpg,0
pcam_2672,./ml_datasets/images/pcam_2672.jpg,0
pcam_2673,./ml_datasets/images/pcam_2673.jpg,0
pcam_2674,./ml_datasets/images/pcam_2674.jpg,0
pcam_2675,./ml_datasets/images/pcam_2675.jpg,0
pcam_2676,./ml_datasets/images/pcam_2676.jpg,0
pcam_2677,./ml_datasets/images/pcam_2677.jpg,0
pcam_2678,./ml_datasets/images/pcam_2678.jpg,0
pcam_2679,./ml_datasets/images/pcam_2679.jpg,0
pcam_2680,./ml_datasets/images/pcam_2680.jpg,0
pcam_2681,./ml_datasets/images/pcam_2681.jpg,0
pcam_2682,./ml_datasets/images/pcam_2682.jpg,0
pcam_2683,./ml_datasets/images/pcam_2683.jpg,0
pcam_2684,./ml_datasets/images/pcam_2684.jpg,0
pcam_2685,./ml_datasets/images/pcam_2685.jpg,0
pcam_2686,./ml_datasets/images/pcam_2686.jpg,0
pcam_2687,./ml_datasets/images/pcam_2687.jpg,0
pcam_2688,./ml_datasets/images/pcam_2688.jpg,0
pcam_2689,./ml_datasets/images/pcam_2689.jpg,0
pcam_2690,./ml_datasets/images/pcam_2690.jpg,0
pcam_2691,./ml_datasets/images/pcam_2691.jpg,0
pcam_2692,./ml_datasets/images/pcam_2692.jpg,0
pcam_2693,./ml_datasets/images/pcam_2693.jpg,0
pcam_2694,./ml_datasets/images/pcam_2694.jpg,0
pcam_2695,./ml_datasets/images/pcam_2695.jpg,0
pcam_2696,./ml_datasets/images/pcam_2696.jpg,0
pcam_2697,./ml_datasets/images/pcam_2697.jpg,0
pcam_2698,./ml_datasets/images/pcam_2698.jpg,0
pcam_2699,./ml_datasets/images/pcam_2699.jpg,0
pcam_2700,./ml_datasets/images/pcam_2700.jpg,0
pcam_2701,./ml_datasets/images/pcam_2701.jpg,0
pcam_2702,./ml_datasets/images/pcam_2702.jpg,0
pcam_2703,./ml_datasets/images/pcam_2703.jpg,0
pcam_2704,./ml_datasets/images/pcam_2704.jpg,0
pcam_2705,./ml_datasets/images/pcam_2705.jpg,0
pcam_2706,./ml_datasets/images/pcam_2706.jpg,0
pcam_2707,./ml_datasets/images/pcam_2707.jpg,0
pcam_2708,./ml_datasets/images/pcam_2708.jpg,0
pcam_2709,./ml_datasets/images/pcam_2709.jpg,0
pcam_2710,./ml_datasets/images/pcam_2710.jpg,0
pcam_2711,./ml_datasets/images/pcam_2711.jpg,0
pcam_2712,./ml_datasets/images/pcam_2712.jpg,0
pcam_2713,./ml_datasets/images/pcam_2713.jpg,0
pcam_2714,./ml_datasets/images/pcam_2714.jpg,0
pcam_2715,./ml_datasets/images/pcam_2715.jpg,0
pcam_2716,./ml_datasets/images/pcam_2716.jpg,0
pcam_2717,./ml_datasets/images/pcam_2717.jpg,0
pcam_2718,./ml_datasets/images/pcam_2718.jpg,0
pcam_2719,./ml_datasets/images/pcam_2719.jpg,0
pcam_2720,./ml_datasets/images/pcam_2720.jpg,0
pcam_2721,./ml_datasets/images/pcam_2721.jpg,0
pcam_2722,./ml_datasets/images/pcam_2722.jpg,0
pcam_2723,./ml_datasets/images/pcam_2723.jpg,0
pcam_2724,./ml_datasets/images/pcam_2724.jpg,0
pcam_2725,./ml_datasets/images/pcam_2725.jpg,0
pcam_2726,./ml_datasets/images/pcam_2726.jpg,0
pcam_2727,./ml_datasets/images/pcam_2727.jpg,0
pcam_2728,./ml_datasets/images/pcam_2728.jpg,0
pcam_2729,./ml_datasets/images/pcam_2729.jpg,0
pcam_2730,./ml_datasets/images/pcam_2730.jpg,0
pcam_2731,./ml_datasets/images/pcam_2731.jpg,0
pcam_2732,./ml_datasets/images/pcam_2732.jpg,0
pcam_2733,./ml_datasets/images/pcam_2733.jpg,0
pcam_2734,./ml_datasets/images/pcam_2734.jpg,0
pcam_2735,./ml_datasets/images/pcam_2735.jpg,0
pcam_2736,./ml_datasets/images/pcam_2736.jpg,0
pcam_2737,./ml_datasets/images/pcam_2737.jpg,0
pcam_2738,./ml_datasets/images/pcam_2738.jpg,0
pcam_2739,./ml_datasets/images/pcam_2739.jpg,0
pcam_2740,./ml_datasets/images/pcam_2740.jpg,0
pcam_2741,./ml_datasets/images/pcam_2741.jpg,0
pcam_2742,./ml_datasets/images/pcam_2742.jpg,0
pcam_2743,./ml_datasets/images/pcam_2743.jpg,0
pcam_2744,./ml_datasets/images/pcam_2744.jpg,0
pcam_2745,./ml_datasets/images/pcam_2745.jpg,0
pcam_2746,./ml_datasets/images/pcam_2746.jpg,0
pcam_2747,./ml_datasets/images/pcam_2747.jpg,0
pcam_2748,./ml_datasets/images/pcam_2748.jpg,0
pcam_2749,./ml_datasets/images/pcam_2749.jpg,0
pcam_2750,./ml_datasets/images/pcam_2750.jpg,0
pcam_2751,./ml_datasets/images/pcam_2751.jpg,0
pcam_2752,./ml_datasets/images/pcam_2752.jpg,0
pcam_2753,./ml_datasets/images/pcam_2753.jpg,0
pcam_2754,./ml_datasets/images/pcam_2754.jpg,0
pcam_2755,./ml_datasets/images/pcam_2755.jpg,0
pcam_2756,./ml_datasets/images/pcam_2756.jpg,0
pcam_2757,./ml_datasets/images/pcam_2757.jpg,0
pcam_2758,./ml_datasets/images/pcam_2758.jpg,0
pcam_2759,./ml_datasets/images/pcam_2759.jpg,0
pcam_2760,./ml_datasets/images/pcam_2760.jpg,0
pcam_2761,./ml_datasets/images/pcam_2761.jpg,0
pcam_2762,./ml_datasets/images/pcam_2762.jpg,0
pcam_2763,./ml_datasets/images/pcam_2763.jpg,0
pcam_2764,./ml_datasets/images/pcam_2764.jpg,0
pcam_2765,./ml_datasets/images/pcam_2765.jpg,0
pcam_2766,./ml_datasets/images/pcam_2766.jpg,0
pcam_2767,./ml_datasets/images/pcam_2767.jpg,0
pcam_2768,./ml_datasets/images/pcam_2768.jpg,0
pcam_2769,./ml_datasets/images/pcam_2769.jpg,0
pcam_2770,./ml_datasets/images/pcam_2770.jpg,0
pcam_2771,./ml_datasets/images/pcam_2771.jpg,0
pcam_2772,./ml_datasets/images/pcam_2772.jpg,0
pcam_2773,./ml_datasets/images/pcam_2773.jpg,0
pcam_2774,./ml_datasets/images/pcam_2774.jpg,0
pcam_2775,./ml_datasets/images/pcam_2775.jpg,0
pcam_2776,./ml_datasets/images/pcam_2776.jpg,0
pcam_2777,./ml_datasets/images/pcam_2777.jpg,0
pcam_2778,./ml_datasets/images/pcam_2778.jpg,0
pcam_2779,./ml_datasets/images/pcam_2779.jpg,0
pcam_2780,./ml_datasets/images/pcam_2780.jpg,0
pcam_2781,./ml_datasets/images/pcam_2781.jpg,0
pcam_2782,./ml_datasets/images/pcam_2782.jpg,0
pcam_2783,./ml_datasets/images/pcam_2783.jpg,0
pcam_2784,./ml_datasets/images/pcam_2784.jpg,0
pcam_2785,./ml_datasets/images/pcam_2785.jpg,0
pcam_2786,./ml_datasets/images/pcam_2786.jpg,0
pcam_2787,./ml_datasets/images/pcam_2787.jpg,0
pcam_2788,./ml_datasets/images/pcam_2788.jpg,0
pcam_2789,./ml_datasets/images/pcam_2789.jpg,0
pcam_2790,./ml_datasets/images/pcam_2790.jpg,0
pcam_2791,./ml_datasets/images/pcam_2791.jpg,0
pcam_2792,./ml_datasets/images/pcam_2792.jpg,0
pcam_2793,./ml_datasets/images/pcam_2793.jpg,0
pcam_2794,./ml_datasets/images/pcam_2794.jpg,0
pcam_2795,./ml_datasets/images/pcam_2795.jpg,0
pcam_2796,./ml_datasets/images/pcam_2796.jpg,0
pcam_2797,./ml_datasets/images/pcam_2797.jpg,0
pcam_2798,./ml_datasets/images/pcam_2798.jpg,0
pcam_2799,./ml_datasets/images/pcam_2799.jpg,0
pcam_2800,./ml_datasets/images/pcam_2800.jpg,0
pcam_2801,./ml_datasets/images/pcam_2801.jpg,0
pcam_2802,./ml_datasets/images/pcam_2802.jpg,0
pcam_2803,./ml_datasets/images/pcam_2803.jpg,0
pcam_2804,./ml_datasets/images/pcam_2804.jpg,0
pcam_2805,./ml_datasets/images/pcam_2805.jpg,0
pcam_2806,./ml_datasets/images/pcam_2806.jpg,0
pcam_2807,./ml_datasets/images/pcam_2807.jpg,0
pcam_2808,./ml_datasets/images/pcam_2808.jpg,0
pcam_2809,./ml_datasets/images/pcam_2809.jpg,0
pcam_2810,./ml_datasets/images/pcam_2810.jpg,0
pcam_2811,./ml_datasets/images/pcam_2811.jpg,0
pcam_2812,./ml_datasets/images/pcam_2812.jpg,0
pcam_2813,./ml_datasets/images/pcam_2813.jpg,0
pcam_2814,./ml_datasets/images/pcam_2814.jpg,0
pcam_2815,./ml_datasets/images/pcam_2815.jpg,0
pcam_2816,./ml_datasets/images/pcam_2816.jpg,0
pcam_2817,./ml_datasets/images/pcam_2817.jpg,0
pcam_2818,./ml_datasets/images/pcam_2818.jpg,0
pcam_2819,./ml_datasets/images/pcam_2819.jpg,0
pcam_2820,./ml_datasets/images/pcam_2820.jpg,0
pcam_2821,./ml_datasets/images/pcam_2821.jpg,0
pcam_2822,./ml_datasets/images/pcam_2822.jpg,0
pcam_2823,./ml_datasets/images/pcam_2823.jpg,0
pcam_2824,./ml_datasets/images/pcam_2824.jpg,0
pcam_2825,./ml_datasets/images/pcam_2825.jpg,0
pcam_2826,./ml_datasets/images/pcam_2826.jpg,0
pcam_2827,./ml_datasets/images/pcam_2827.jpg,0
pcam_2828,./ml_datasets/images/pcam_2828.jpg,0
pcam_2829,./ml_datasets/images/pcam_2829.jpg,0
pcam_2830,./ml_datasets/images/pcam_2830.jpg,0
pcam_2831,./ml_datasets/images/pcam_2831.jpg,0
pcam_2832,./ml_datasets/images/pcam_2832.jpg,0
pcam_2833,./ml_datasets/images/pcam_2833.jpg,0
pcam_2834,./ml_datasets/images/pcam_2834.jpg,0
pcam_2835,./ml_datasets/images/pcam_2835.jpg,0
pcam_2836,./ml_datasets/images/pcam_2836.jpg,0
pcam_2837,./ml_datasets/images/pcam_2837.jpg,0
pcam_2838,./ml_datasets/images/pcam_2838.jpg,0
pcam_2839,./ml_datasets/images/pcam_2839.jpg,0
pcam_2840,./ml_datasets/images/pcam_2840.jpg,0
pcam_2841,./ml_datasets/images/pcam_2841.jpg,0
pcam_2842,./ml_datasets/images/pcam_2842.jpg,0
pcam_2843,./ml_datasets/images/pcam_2843.jpg,0
pcam_2844,./ml_datasets/images/pcam_2844.jpg,0
pcam_2845,./ml_datasets/images/pcam_2845.jpg,0
pcam_2846,./ml_datasets/images/pcam_2846.jpg,0
pcam_2847,./ml_datasets/images/pcam_2847.jpg,0
pcam_2848,./ml_datasets/images/pcam_2848.jpg,0
pcam_2849,./ml_datasets/images/pcam_2849.jpg,0
pcam_2850,./ml_datasets/images/pcam_2850.jpg,0
pcam_2851,./ml_datasets/images/pcam_2851.jpg,0
pcam_2852,./ml_datasets/images/pcam_2852.jpg,0
pcam_2853,./ml_datasets/images/pcam_2853.jpg,0
pcam_2854,./ml_datasets/images/pcam_2854.jpg,0
pcam_2855,./ml_datasets/images/pcam_2855.jpg,0
pcam_2856,./ml_datasets/images/pcam_2856.jpg,0
pcam_2857,./ml_datasets/images/pcam_2857.jpg,0
pcam_2858,./ml_datasets/images/pcam_2858.jpg,0
pcam_2859,./ml_datasets/images/pcam_2859.jpg,0
pcam_2860,./ml_datasets/images/pcam_2860.jpg,0
pcam_2861,./ml_datasets/images/pcam_2861.jpg,0
pcam_2862,./ml_datasets/images/pcam_2862.jpg,0
pcam_2863,./ml_datasets/images/pcam_2863.jpg,0
pcam_2864,./ml_datasets/images/pcam_2864.jpg,0
pcam_2865,./ml_datasets/images/pcam_2865.jpg,0
pcam_2866,./ml_datasets/images/pcam_2866.jpg,0
pcam_2867,./ml_datasets/images/pcam_2867.jpg,0
pcam_2868,./ml_datasets/images/pcam_2868.jpg,0
pcam_2869,./ml_datasets/images/pcam_2869.jpg,0
pcam_2870,./ml_datasets/images/pcam_2870.jpg,0
pcam_2871,./ml_datasets/images/pcam_2871.jpg,0
pcam_2872,./ml_datasets/images/pcam_2872.jpg,0
pcam_2873,./ml_datasets/images/pcam_2873.jpg,0
pcam_2874,./ml_datasets/images/pcam_2874.jpg,0
pcam_2875,./ml_datasets/images/pcam_2875.jpg,0
pcam_2876,./ml_datasets/images/pcam_2876.jpg,0
pcam_2877,./ml_datasets/images/pcam_2877.jpg,0
pcam_2878,./ml_datasets/images/pcam_2878.jpg,0
pcam_2879,./ml_datasets/images/pcam_2879.jpg,0
pcam_2880,./ml_datasets/images/pcam_2880.jpg,0
pcam_2881,./ml_datasets/images/pcam_2881.jpg,0
pcam_2882,./ml_datasets/images/pcam_2882.jpg,0
pcam_2883,./ml_datasets/images/pcam_2883.jpg,0
pcam_2884,./ml_datasets/images/pcam_2884.jpg,0
pcam_2885,./ml_datasets/images/pcam_2885.jpg,0
pcam_2886,./ml_datasets/images/pcam_2886.jpg,0
pcam_2887,./ml_datasets/images/pcam_2887.jpg,0
pcam_2888,./ml_datasets/images/pcam_2888.jpg,0
pcam_2889,./ml_datasets/images/pcam_2889.jpg,0
pcam_2890,./ml_datasets/images/pcam_2890.jpg,0
pcam_2891,./ml_datasets/images/pcam_2891.jpg,0
pcam_2892,./ml_datasets/images/pcam_2892.jpg,0
pcam_2893,./ml_datasets/images/pcam_2893.jpg,0
pcam_2894,./ml_datasets/images/pcam_2894.jpg,0
pcam_2895,./ml_datasets/images/pcam_2895.jpg,0
pcam_2896,./ml_datasets/images/pcam_2896.jpg,0
pcam_2897,./ml_datasets/images/pcam_2897.jpg,0
pcam_2898,./ml_datasets/images/pcam_2898.jpg,0
pcam_2899,./ml_datasets/images/pcam_2899.jpg,0
pcam_2900,./ml_datasets/images/pcam_2900.jpg,0
pcam_2901,./ml_datasets/images/pcam_2901.jpg,0
pcam_2902,./ml_datasets/images/pcam_2902.jpg,0
pcam_2903,./ml_datasets/images/pcam_2903.jpg,0
pcam_2904,./ml_datasets/images/pcam_2904.jpg,0
pcam_2905,./ml_datasets/images/pcam_2905.jpg,0
pcam_2906,./ml_datasets/images/pcam_2906.jpg,0
pcam_2907,./ml_datasets/images/pcam_2907.jpg,0
pcam_2908,./ml_datasets/images/pcam_2908.jpg,0
pcam_2909,./ml_datasets/images/pcam_2909.jpg,0
pcam_2910,./ml_datasets/images/pcam_2910.jpg,0
pcam_2911,./ml_datasets/images/pcam_2911.jpg,0
pcam_2912,./ml_datasets/images/pcam_2912.jpg,0
pcam_2913,./ml_datasets/images/pcam_2913.jpg,0
pcam_2914,./ml_datasets/images/pcam_2914.jpg,0
pcam_2915,./ml_datasets/images/pcam_2915.jpg,0
pcam_2916,./ml_datasets/images/pcam_2916.jpg,0
pcam_2917,./ml_datasets/images/pcam_2917.jpg,0
pcam_2918,./ml_datasets/images/pcam_2918.jpg,0
pcam_2919,./ml_datasets/images/pcam_2919.jpg,0
pcam_2920,./ml_datasets/images/pcam_2920.jpg,0
pcam_2921,./ml_datasets/images/pcam_2921.jpg,0
pcam_2922,./ml_datasets/images/pcam_2922.jpg,0
pcam_2923,./ml_datasets/images/pcam_2923.jpg,0
pcam_2924,./ml_datasets/images/pcam_2924.jpg,0
pcam_2925,./ml_datasets/images/pcam_2925.jpg,0
pcam_2926,./ml_datasets/images/pcam_2926.jpg,0
pcam_2927,./ml_datasets/images/pcam_2927.jpg,0
pcam_2928,./ml_datasets/images/pcam_2928.jpg,0
pcam_2929,./ml_datasets/images/pcam_2929.jpg,0
pcam_2930,./ml_datasets/images/pcam_2930.jpg,0
pcam_2931,./ml_datasets/images/pcam_2931.jpg,0
pcam_2932,./ml_datasets/images/pcam_2932.jpg,0
pcam_2933,./ml_datasets/images/pcam_2933.jpg,0
pcam_2934,./ml_datasets/images/pcam_2934.jpg,0
pcam_2935,./ml_datasets/images/pcam_2935.jpg,0
pcam_2936,./ml_datasets/images/pcam_2936.jpg,0
pcam_2937,./ml_datasets/images/pcam_2937.jpg,0
pcam_2938,./ml_datasets/images/pcam_2938.jpg,0
pcam_2939,./ml_datasets/images/pcam_2939.jpg,0
pcam_2940,./ml_datasets/images/pcam_2940.jpg,0
pcam_2941,./ml_datasets/images/pcam_2941.jpg,0
pcam_2942,./ml_datasets/images/pcam_2942.jpg,0
pcam_2943,./ml_datasets/images/pcam_2943.jpg,0
pcam_2944,./ml_datasets/images/pcam_2944.jpg,0
pcam_2945,./ml_datasets/images/pcam_2945.jpg,0
pcam_2946,./ml_datasets/images/pcam_2946.jpg,0
pcam_2947,./ml_datasets/images/pcam_2947.jpg,0
pcam_2948,./ml_datasets/images/pcam_2948.jpg,0
pcam_2949,./ml_datasets/images/pcam_2949.jpg,0
pcam_2950,./ml_datasets/images/pcam_2950.jpg,0
pcam_2951,./ml_datasets/images/pcam_2951.jpg,0
pcam_2952,./ml_datasets/images/pcam_2952.jpg,0
pcam_2953,./ml_datasets/images/pcam_2953.jpg,0
pcam_2954,./ml_datasets/images/pcam_2954.jpg,0
pcam_2955,./ml_datasets/images/pcam_2955.jpg,0
pcam_2956,./ml_datasets/images/pcam_2956.jpg,0
pcam_2957,./ml_datasets/images/pcam_2957.jpg,0
pcam_2958,./ml_datasets/images/pcam_2958.jpg,0
pcam_2959,./ml_datasets/images/pcam_2959.jpg,0
pcam_2960,./ml_datasets/images/pcam_2960.jpg,0
pcam_2961,./ml_datasets/images/pcam_2961.jpg,0
pcam_2962,./ml_datasets/images/pcam_2962.jpg,0
pcam_2963,./ml_datasets/images/pcam_2963.jpg,0
pcam_2964,./ml_datasets/images/pcam_2964.jpg,0
pcam_2965,./ml_datasets/images/pcam_2965.jpg,0
pcam_2966,./ml_datasets/images/pcam_2966.jpg,0
pcam_2967,./ml_datasets/images/pcam_2967.jpg,0
pcam_2968,./ml_datasets/images/pcam_2968.jpg,0
pcam_2969,./ml_datasets/images/pcam_2969.jpg,0
pcam_2970,./ml_datasets/images/pcam_2970.jpg,0
pcam_2971,./ml_datasets/images/pcam_2971.jpg,0
pcam_2972,./ml_datasets/images/pcam_2972.jpg,0
pcam_2973,./ml_datasets/images/pcam_2973.jpg,0
pcam_2974,./ml_datasets/images/pcam_2974.jpg,0
pcam_2975,./ml_datasets/images/pcam_2975.jpg,0
pcam_2976,./ml_datasets/images/pcam_2976.jpg,0
pcam_2977,./ml_datasets/images/pcam_2977.jpg,0
pcam_2978,./ml_datasets/images/pcam_2978.jpg,0
pcam_2979,./ml_datasets/images/pcam_2979.jpg,0
pcam_2980,./ml_datasets/images/pcam_2980.jpg,0
pcam_2981,./ml_datasets/images/pcam_2981.jpg,0
pcam_2982,./ml_datasets/images/pcam_2982.jpg,0
pcam_2983,./ml_datasets/images/pcam_2983.jpg,0
pcam_2984,./ml_datasets/images/pcam_2984.jpg,0
pcam_2985,./ml_datasets/images/pcam_2985.jpg,0
pcam_2986,./ml_datasets/images/pcam_2986.jpg,0
pcam_2987,./ml_datasets/images/pcam_2987.jpg,0
pcam_2988,./ml_datasets/images/pcam_2988.jpg,0
pcam_2989,./ml_datasets/images/pcam_2989.jpg,0
pcam_2990,./ml_datasets/images/pcam_2990.jpg,0
pcam_2991,./ml_datasets/images/pcam_2991.jpg,0
pcam_2992,./ml_datasets/images/pcam_2992.jpg,0
pcam_2993,./ml_datasets/images/pcam_2993.jpg,0
pcam_2994,./ml_datasets/images/pcam_2994.jpg,0
pcam_2995,./ml_datasets/images/pcam_2995.jpg,0
pcam_2996,./ml_datasets/images/pcam_2996.jpg,0
pcam_2997,./ml_datasets/images/pcam_2997.jpg,0
pcam_2998,./ml_datasets/images/pcam_2998.jpg,0
pcam_2999,./ml_datasets/images/pcam_2999.jpg,0
pcam_3000,./ml_datasets/images/pcam_3000.jpg,0
pcam_3001,./ml_datasets/images/pcam_3001.jpg,0
pcam_3002,./ml_datasets/images/pcam_3002.jpg,0
pcam_3003,./ml_datasets/images/pcam_3003.jpg,0
pcam_3004,./ml_datasets/images/pcam_3004.jpg,0
pcam_3005,./ml_datasets/images/pcam_3005.jpg,0
pcam_3006,./ml_datasets/images/pcam_3006.jpg,0
pcam_3007,./ml_datasets/images/pcam_3007.jpg,0
pcam_3008,./ml_datasets/images/pcam_3008.jpg,0
pcam_3009,./ml_datasets/images/pcam_3009.jpg,0
pcam_3010,./ml_datasets/images/pcam_3010.jpg,0
pcam_3011,./ml_datasets/images/pcam_3011.jpg,0
pcam_3012,./ml_datasets/images/pcam_3012.jpg,0
pcam_3013,./ml_datasets/images/pcam_3013.jpg,0
pcam_3014,./ml_datasets/images/pcam_3014.jpg,0
pcam_3015,./ml_datasets/images/pcam_3015.jpg,0
pcam_3016,./ml_datasets/images/pcam_3016.jpg,0
pcam_3017,./ml_datasets/images/pcam_3017.jpg,0
pcam_3018,./ml_datasets/images/pcam_3018.jpg,0
pcam_3019,./ml_datasets/images/pcam_3019.jpg,0
pcam_3020,./ml_datasets/images/pcam_3020.jpg,0
pcam_3021,./ml_datasets/images/pcam_3021.jpg,0
pcam_3022,./ml_datasets/images/pcam_3022.jpg,0
pcam_3023,./ml_datasets/images/pcam_3023.jpg,0
pcam_3024,./ml_datasets/images/pcam_3024.jpg,0
pcam_3025,./ml_datasets/images/pcam_3025.jpg,0
pcam_3026,./ml_datasets/images/pcam_3026.jpg,0
pcam_3027,./ml_datasets/images/pcam_3027.jpg,0
pcam_3028,./ml_datasets/images/pcam_3028.jpg,0
pcam_3029,./ml_datasets/images/pcam_3029.jpg,0
pcam_3030,./ml_datasets/images/pcam_3030.jpg,0
pcam_3031,./ml_datasets/images/pcam_3031.jpg,0
pcam_3032,./ml_datasets/images/pcam_3032.jpg,0
pcam_3033,./ml_datasets/images/pcam_3033.jpg,0
pcam_3034,./ml_datasets/images/pcam_3034.jpg,0
pcam_3035,./ml_datasets/images/pcam_3035.jpg,0
pcam_3036,./ml_datasets/images/pcam_3036.jpg,0
pcam_3037,./ml_datasets/images/pcam_3037.jpg,0
pcam_3038,./ml_datasets/images/pcam_3038.jpg,0
pcam_3039,./ml_datasets/images/pcam_3039.jpg,0
pcam_3040,./ml_datasets/images/pcam_3040.jpg,0
pcam_3041,./ml_datasets/images/pcam_3041.jpg,0
pcam_3042,./ml_datasets/images/pcam_3042.jpg,0
pcam_3043,./ml_datasets/images/pcam_3043.jpg,0
pcam_3044,./ml_datasets/images/pcam_3044.jpg,0
pcam_3045,./ml_datasets/images/pcam_3045.jpg,0
pcam_3046,./ml_datasets/images/pcam_3046.jpg,0
pcam_3047,./ml_datasets/images/pcam_3047.jpg,0
pcam_3048,./ml_datasets/images/pcam_3048.jpg,0
pcam_3049,./ml_datasets/images/pcam_3049.jpg,0
pcam_3050,./ml_datasets/images/pcam_3050.jpg,0
pcam_3051,./ml_datasets/images/pcam_3051.jpg,0
pcam_3052,./ml_datasets/images/pcam_3052.jpg,0
pcam_3053,./ml_datasets/images/pcam_3053.jpg,0
pcam_3054,./ml_datasets/images/pcam_3054.jpg,0
pcam_3055,./ml_datasets/images/pcam_3055.jpg,0
pcam_3056,./ml_datasets/images/pcam_3056.jpg,0
pcam_3057,./ml_datasets/images/pcam_3057.jpg,0
pcam_3058,./ml_datasets/images/pcam_3058.jpg,0
pcam_3059,./ml_datasets/images/pcam_3059.jpg,0
pcam_3060,./ml_datasets/images/pcam_3060.jpg,0
pcam_3061,./ml_datasets/images/pcam_3061.jpg,0
pcam_3062,./ml_datasets/images/pcam_3062.jpg,0
pcam_3063,./ml_datasets/images/pcam_3063.jpg,0
pcam_3064,./ml_datasets/images/pcam_3064.jpg,0
pcam_3065,./ml_datasets/images/pcam_3065.jpg,0
pcam_3066,./ml_datasets/images/pcam_3066.jpg,0
pcam_3067,./ml_datasets/images/pcam_3067.jpg,0
pcam_3068,./ml_datasets/images/pcam_3068.jpg,0
pcam_3069,./ml_datasets/images/pcam_3069.jpg,0
pcam_3070,./ml_datasets/images/pcam_3070.jpg,0
pcam_3071,./ml_datasets/images/pcam_3071.jpg,0
pcam_3072,./ml_datasets/images/pcam_3072.jpg,0
pcam_3073,./ml_datasets/images/pcam_3073.jpg,0
pcam_3074,./ml_datasets/images/pcam_3074.jpg,0
pcam_3075,./ml_datasets/images/pcam_3075.jpg,0
pcam_3076,./ml_datasets/images/pcam_3076.jpg,0
pcam_3077,./ml_datasets/images/pcam_3077.jpg,0
pcam_3078,./ml_datasets/images/pcam_3078.jpg,0
pcam_3079,./ml_datasets/images/pcam_3079.jpg,0
pcam_3080,./ml_datasets/images/pcam_3080.jpg,0
pcam_3081,./ml_datasets/images/pcam_3081.jpg,0
pcam_3082,./ml_datasets/images/pcam_3082.jpg,0
pcam_3083,./ml_datasets/images/pcam_3083.jpg,0
pcam_3084,./ml_datasets/images/pcam_3084.jpg,0
pcam_3085,./ml_datasets/images/pcam_3085.jpg,0
pcam_3086,./ml_datasets/images/pcam_3086.jpg,0
pcam_3087,./ml_datasets/images/pcam_3087.jpg,0
pcam_3088,./ml_datasets/images/pcam_3088.jpg,0
pcam_3089,./ml_datasets/images/pcam_3089.jpg,0
pcam_3090,./ml_datasets/images/pcam_3090.jpg,0
pcam_3091,./ml_datasets/images/pcam_3091.jpg,0
pcam_3092,./ml_datasets/images/pcam_3092.jpg,0
pcam_3093,./ml_datasets/images/pcam_3093.jpg,0
pcam_3094,./ml_datasets/images/pcam_3094.jpg,0
pcam_3095,./ml_datasets/images/pcam_3095.jpg,0
pcam_3096,./ml_datasets/images/pcam_3096.jpg,0
pcam_3097,./ml_datasets/images/pcam_3097.jpg,0
pcam_3098,./ml_datasets/images/pcam_3098.jpg,0
pcam_3099,./ml_datasets/images/pcam_3099.jpg,0
pcam_3100,./ml_datasets/images/pcam_3100.jpg,0
pcam_3101,./ml_datasets/images/pcam_3101.jpg,0
pcam_3102,./ml_datasets/images/pcam_3102.jpg,0
pcam_3103,./ml_datasets/images/pcam_3103.jpg,0
pcam_3104,./ml_datasets/images/pcam_3104.jpg,0
pcam_3105,./ml_datasets/images/pcam_3105.jpg,0
pcam_3106,./ml_datasets/images/pcam_3106.jpg,0
pcam_3107,./ml_datasets/images/pcam_3107.jpg,0
pcam_3108,./ml_datasets/images/pcam_3108.jpg,0
pcam_3109,./ml_datasets/images/pcam_3109.jpg,0
pcam_3110,./ml_datasets/images/pcam_3110.jpg,0
pcam_3111,./ml_datasets/images/pcam_3111.jpg,0
pcam_3112,./ml_datasets/images/pcam_3112.jpg,0
pcam_3113,./ml_datasets/images/pcam_3113.jpg,0
pcam_3114,./ml_datasets/images/pcam_3114.jpg,0
pcam_3115,./ml_datasets/images/pcam_3115.jpg,0
pcam_3116,./ml_datasets/images/pcam_3116.jpg,0
pcam_3117,./ml_datasets/images/pcam_3117.jpg,0
pcam_3118,./ml_datasets/images/pcam_3118.jpg,0
pcam_3119,./ml_datasets/images/pcam_3119.jpg,0
pcam_3120,./ml_datasets/images/pcam_3120.jpg,0
pcam_3121,./ml_datasets/images/pcam_3121.jpg,0
pcam_3122,./ml_datasets/images/pcam_3122.jpg,0
pcam_3123,./ml_datasets/images/pcam_3123.jpg,0
pcam_3124,./ml_datasets/images/pcam_3124.jpg,0
pcam_3125,./ml_datasets/images/pcam_3125.jpg,0
pcam_3126,./ml_datasets/images/pcam_3126.jpg,0
pcam_3127,./ml_datasets/images/pcam_3127.jpg,0
pcam_3128,./ml_datasets/images/pcam_3128.jpg,0
pcam_3129,./ml_datasets/images/pcam_3129.jpg,0
pcam_3130,./ml_datasets/images/pcam_3130.jpg,0
pcam_3131,./ml_datasets/images/pcam_3131.jpg,0
pcam_3132,./ml_datasets/images/pcam_3132.jpg,0
pcam_3133,./ml_datasets/images/pcam_3133.jpg,0
pcam_3134,./ml_datasets/images/pcam_3134.jpg,0
pcam_3135,./ml_datasets/images/pcam_3135.jpg,0
pcam_3136,./ml_datasets/images/pcam_3136.jpg,0
pcam_3137,./ml_datasets/images/pcam_3137.jpg,0
pcam_3138,./ml_datasets/images/pcam_3138.jpg,0
pcam_3139,./ml_datasets/images/pcam_3139.jpg,0
pcam_3140,./ml_datasets/images/pcam_3140.jpg,0
pcam_3141,./ml_datasets/images/pcam_3141.jpg,0
pcam_3142,./ml_datasets/images/pcam_3142.jpg,0
pcam_3143,./ml_datasets/images/pcam_3143.jpg,0
pcam_3144,./ml_datasets/images/pcam_3144.jpg,0
pcam_3145,./ml_datasets/images/pcam_3145.jpg,0
pcam_3146,./ml_datasets/images/pcam_3146.jpg,0
pcam_3147,./ml_datasets/images/pcam_3147.jpg,0
pcam_3148,./ml_datasets/images/pcam_3148.jpg,0
pcam_3149,./ml_datasets/images/pcam_3149.jpg,0
pcam_3150,./ml_datasets/images/pcam_3150.jpg,0
pcam_3151,./ml_datasets/images/pcam_3151.jpg,0
pcam_3152,./ml_datasets/images/pcam_3152.jpg,0
pcam_3153,./ml_datasets/images/pcam_3153.jpg,0
pcam_3154,./ml_datasets/images/pcam_3154.jpg,0
pcam_3155,./ml_datasets/images/pcam_3155.jpg,0
pcam_3156,./ml_datasets/images/pcam_3156.jpg,0
pcam_3157,./ml_datasets/images/pcam_3157.jpg,0
pcam_3158,./ml_datasets/images/pcam_3158.jpg,0
pcam_3159,./ml_datasets/images/pcam_3159.jpg,0
pcam_3160,./ml_datasets/images/pcam_3160.jpg,0
pcam_3161,./ml_datasets/images/pcam_3161.jpg,0
pcam_3162,./ml_datasets/images/pcam_3162.jpg,0
pcam_3163,./ml_datasets/images/pcam_3163.jpg,0
pcam_3164,./ml_datasets/images/pcam_3164.jpg,0
pcam_3165,./ml_datasets/images/pcam_3165.jpg,0
pcam_3166,./ml_datasets/images/pcam_3166.jpg,0
pcam_3167,./ml_datasets/images/pcam_3167.jpg,0
pcam_3168,./ml_datasets/images/pcam_3168.jpg,0
pcam_3169,./ml_datasets/images/pcam_3169.jpg,0
pcam_3170,./ml_datasets/images/pcam_3170.jpg,0
pcam_3171,./ml_datasets/images/pcam_3171.jpg,0
pcam_3172,./ml_datasets/images/pcam_3172.jpg,0
pcam_3173,./ml_datasets/images/pcam_3173.jpg,0
pcam_3174,./ml_datasets/images/pcam_3174.jpg,0
pcam_3175,./ml_datasets/images/pcam_3175.jpg,0
pcam_3176,./ml_datasets/images/pcam_3176.jpg,0
pcam_3177,./ml_datasets/images/pcam_3177.jpg,0
pcam_3178,./ml_datasets/images/pcam_3178.jpg,0
pcam_3179,./ml_datasets/images/pcam_3179.jpg,0
pcam_3180,./ml_datasets/images/pcam_3180.jpg,0
pcam_3181,./ml_datasets/images/pcam_3181.jpg,0
pcam_3182,./ml_datasets/images/pcam_3182.jpg,0
pcam_3183,./ml_datasets/images/pcam_3183.jpg,0
pcam_3184,./ml_datasets/images/pcam_3184.jpg,0
pcam_3185,./ml_datasets/images/pcam_3185.jpg,0
pcam_3186,./ml_datasets/images/pcam_3186.jpg,0
pcam_3187,./ml_datasets/images/pcam_3187.jpg,0
pcam_3188,./ml_datasets/images/pcam_3188.jpg,0
pcam_3189,./ml_datasets/images/pcam_3189.jpg,0
pcam_3190,./ml_datasets/images/pcam_3190.jpg,0
pcam_3191,./ml_datasets/images/pcam_3191.jpg,0
pcam_3192,./ml_datasets/images/pcam_3192.jpg,0
pcam_3193,./ml_datasets/images/pcam_3193.jpg,0
pcam_3194,./ml_datasets/images/pcam_3194.jpg,0
pcam_3195,./ml_datasets/images/pcam_3195.jpg,0
pcam_3196,./ml_datasets/images/pcam_3196.jpg,0
pcam_3197,./ml_datasets/images/pcam_3197.jpg,0
pcam_3198,./ml_datasets/images/pcam_3198.jpg,0
pcam_3199,./ml_datasets/images/pcam_3199.jpg,0
pcam_3200,./ml_datasets/images/pcam_3200.jpg,0
pcam_3201,./ml_datasets/images/pcam_3201.jpg,0
pcam_3202,./ml_datasets/images/pcam_3202.jpg,0
pcam_3203,./ml_datasets/images/pcam_3203.jpg,0
pcam_3204,./ml_datasets/images/pcam_3204.jpg,0
pcam_3205,./ml_datasets/images/pcam_3205.jpg,0
pcam_3206,./ml_datasets/images/pcam_3206.jpg,0
pcam_3207,./ml_datasets/images/pcam_3207.jpg,0
pcam_3208,./ml_datasets/images/pcam_3208.jpg,0
pcam_3209,./ml_datasets/images/pcam_3209.jpg,0
pcam_3210,./ml_datasets/images/pcam_3210.jpg,0
pcam_3211,./ml_datasets/images/pcam_3211.jpg,0
pcam_3212,./ml_datasets/images/pcam_3212.jpg,0
pcam_3213,./ml_datasets/images/pcam_3213.jpg,0
pcam_3214,./ml_datasets/images/pcam_3214.jpg,0
pcam_3215,./ml_datasets/images/pcam_3215.jpg,0
pcam_3216,./ml_datasets/images/pcam_3216.jpg,0
pcam_3217,./ml_datasets/images/pcam_3217.jpg,0
pcam_3218,./ml_datasets/images/pcam_3218.jpg,0
pcam_3219,./ml_datasets/images/pcam_3219.jpg,0
pcam_3220,./ml_datasets/images/pcam_3220.jpg,0
pcam_3221,./ml_datasets/images/pcam_3221.jpg,0
pcam_3222,./ml_datasets/images/pcam_3222.jpg,0
pcam_3223,./ml_datasets/images/pcam_3223.jpg,0
pcam_3224,./ml_datasets/images/pcam_3224.jpg,0
pcam_3225,./ml_datasets/images/pcam_3225.jpg,0
pcam_3226,./ml_datasets/images/pcam_3226.jpg,0
pcam_3227,./ml_datasets/images/pcam_3227.jpg,0
pcam_3228,./ml_datasets/images/pcam_3228.jpg,0
pcam_3229,./ml_datasets/images/pcam_3229.jpg,0
pcam_3230,./ml_datasets/images/pcam_3230.jpg,0
pcam_3231,./ml_datasets/images/pcam_3231.jpg,0
pcam_3232,./ml_datasets/images/pcam_3232.jpg,0
pcam_3233,./ml_datasets/images/pcam_3233.jpg,0
pcam_3234,./ml_datasets/images/pcam_3234.jpg,0
pcam_3235,./ml_datasets/images/pcam_3235.jpg,0
pcam_3236,./ml_datasets/images/pcam_3236.jpg,0
pcam_3237,./ml_datasets/images/pcam_3237.jpg,0
pcam_3238,./ml_datasets/images/pcam_3238.jpg,0
pcam_3239,./ml_datasets/images/pcam_3239.jpg,0
pcam_3240,./ml_datasets/images/pcam_3240.jpg,0
pcam_3241,./ml_datasets/images/pcam_3241.jpg,0
pcam_3242,./ml_datasets/images/pcam_3242.jpg,0
pcam_3243,./ml_datasets/images/pcam_3243.jpg,0
pcam_3244,./ml_datasets/images/pcam_3244.jpg,0
pcam_3245,./ml_datasets/images/pcam_3245.jpg,0
pcam_3246,./ml_datasets/images/pcam_3246.jpg,0
pcam_3247,./ml_datasets/images/pcam_3247.jpg,0
pcam_3248,./ml_datasets/images/pcam_3248.jpg,0
pcam_3249,./ml_datasets/images/pcam_3249.jpg,0
pcam_3250,./ml_datasets/images/pcam_3250.jpg,0
pcam_3251,./ml_datasets/images/pcam_3251.jpg,0
pcam_3252,./ml_datasets/images/pcam_3252.jpg,0
pcam_3253,./ml_datasets/images/pcam_3253.jpg,0
pcam_3254,./ml_datasets/images/pcam_3254.jpg,0
pcam_3255,./ml_datasets/images/pcam_3255.jpg,0
pcam_3256,./ml_datasets/images/pcam_3256.jpg,0
pcam_3257,./ml_datasets/images/pcam_3257.jpg,0
pcam_3258,./ml_datasets/images/pcam_3258.jpg,0
pcam_3259,./ml_datasets/images/pcam_3259.jpg,0
pcam_3260,./ml_datasets/images/pcam_3260.jpg,0
pcam_3261,./ml_datasets/images/pcam_3261.jpg,0
pcam_3262,./ml_datasets/images/pcam_3262.jpg,0
pcam_3263,./ml_datasets/images/pcam_3263.jpg,0
pcam_3264,./ml_datasets/images/pcam_3264.jpg,0
pcam_3265,./ml_datasets/images/pcam_3265.jpg,0
pcam_3266,./ml_datasets/images/pcam_3266.jpg,0
pcam_3267,./ml_datasets/images/pcam_3267.jpg,0
pcam_3268,./ml_datasets/images/pcam_3268.jpg,0
pcam_3269,./ml_datasets/images/pcam_3269.jpg,0
pcam_3270,./ml_datasets/images/pcam_3270.jpg,0
pcam_3271,./ml_datasets/images/pcam_3271.jpg,0
pcam_3272,./ml_datasets/images/pcam_3272.jpg,0
pcam_3273,./ml_datasets/images/pcam_3273.jpg,0
pcam_3274,./ml_datasets/images/pcam_3274.jpg,0
pcam_3275,./ml_datasets/images/pcam_3275.jpg,0
pcam_3276,./ml_datasets/images/pcam_3276.jpg,0
pcam_3277,./ml_datasets/images/pcam_3277.jpg,0
pcam_3278,./ml_datasets/images/pcam_3278.jpg,0
pcam_3279,./ml_datasets/images/pcam_3279.jpg,0
pcam_3280,./ml_datasets/images/pcam_3280.jpg,0
pcam_3281,./ml_datasets/images/pcam_3281.jpg,0
pcam_3282,./ml_datasets/images/pcam_3282.jpg,0
pcam_3283,./ml_datasets/images/pcam_3283.jpg,0
pcam_3284,./ml_datasets/images/pcam_3284.jpg,0
pcam_3285,./ml_datasets/images/pcam_3285.jpg,0
pcam_3286,./ml_datasets/images/pcam_3286.jpg,0
pcam_3287,./ml_datasets/images/pcam_3287.jpg,0
pcam_3288,./ml_datasets/images/pcam_3288.jpg,0
pcam_3289,./ml_datasets/images/pcam_3289.jpg,0
pcam_3290,./ml_datasets/images/pcam_3290.jpg,0
pcam_3291,./ml_datasets/images/pcam_3291.jpg,0
pcam_3292,./ml_datasets/images/pcam_3292.jpg,0
pcam_3293,./ml_datasets/images/pcam_3293.jpg,0
pcam_3294,./ml_datasets/images/pcam_3294.jpg,0
pcam_3295,./ml_datasets/images/pcam_3295.jpg,0
pcam_3296,./ml_datasets/images/pcam_3296.jpg,0
pcam_3297,./ml_datasets/images/pcam_3297.jpg,0
pcam_3298,./ml_datasets/images/pcam_3298.jpg,0
pcam_3299,./ml_datasets/images/pcam_3299.jpg,0
pcam_3300,./ml_datasets/images/pcam_3300.jpg,0
pcam_3301,./ml_datasets/images/pcam_3301.jpg,0
pcam_3302,./ml_datasets/images/pcam_3302.jpg,0
pcam_3303,./ml_datasets/images/pcam_3303.jpg,0
pcam_3304,./ml_datasets/images/pcam_3304.jpg,0
pcam_3305,./ml_datasets/images/pcam_3305.jpg,0
pcam_3306,./ml_datasets/images/pcam_3306.jpg,0
pcam_3307,./ml_datasets/images/pcam_3307.jpg,0
pcam_3308,./ml_datasets/images/pcam_3308.jpg,0
pcam_3309,./ml_datasets/images/pcam_3309.jpg,0
pcam_3310,./ml_datasets/images/pcam_3310.jpg,0
pcam_3311,./ml_datasets/images/pcam_3311.jpg,0
pcam_3312,./ml_datasets/images/pcam_3312.jpg,0
pcam_3313,./ml_datasets/images/pcam_3313.jpg,0
pcam_3314,./ml_datasets/images/pcam_3314.jpg,0
pcam_3315,./ml_datasets/images/pcam_3315.jpg,0
pcam_3316,./ml_datasets/images/pcam_3316.jpg,0
pcam_3317,./ml_datasets/images/pcam_3317.jpg,0
pcam_3318,./ml_datasets/images/pcam_3318.jpg,0
pcam_3319,./ml_datasets/images/pcam_3319.jpg,0
pcam_3320,./ml_datasets/images/pcam_3320.jpg,0
pcam_3321,./ml_datasets/images/pcam_3321.jpg,0
pcam_3322,./ml_datasets/images/pcam_3322.jpg,0
pcam_3323,./ml_datasets/images/pcam_3323.jpg,0
pcam_3324,./ml_datasets/images/pcam_3324.jpg,0
pcam_3325,./ml_datasets/images/pcam_3325.jpg,0
pcam_3326,./ml_datasets/images/pcam_3326.jpg,0
pcam_3327,./ml_datasets/images/pcam_3327.jpg,0
pcam_3328,./ml_datasets/images/pcam_3328.jpg,0
pcam_3329,./ml_datasets/images/pcam_3329.jpg,0
pcam_3330,./ml_datasets/images/pcam_3330.jpg,0
pcam_3331,./ml_datasets/images/pcam_3331.jpg,0
pcam_3332,./ml_datasets/images/pcam_3332.jpg,0
pcam_3333,./ml_datasets/images/pcam_3333.jpg,0
pcam_3334,./ml_datasets/images/pcam_3334.jpg,0
pcam_3335,./ml_datasets/images/pcam_3335.jpg,0
pcam_3336,./ml_datasets/images/pcam_3336.jpg,0
pcam_3337,./ml_datasets/images/pcam_3337.jpg,0
pcam_3338,./ml_datasets/images/pcam_3338.jpg,0
pcam_3339,./ml_datasets/images/pcam_3339.jpg,0
pcam_3340,./ml_datasets/images/pcam_3340.jpg,0
pcam_3341,./ml_datasets/images/pcam_3341.jpg,0
pcam_3342,./ml_datasets/images/pcam_3342.jpg,0
pcam_3343,./ml_datasets/images/pcam_3343.jpg,0
pcam_3344,./ml_datasets/images/pcam_3344.jpg,0
pcam_3345,./ml_datasets/images/pcam_3345.jpg,0
pcam_3346,./ml_datasets/images/pcam_3346.jpg,0
pcam_3347,./ml_datasets/images/pcam_3347.jpg,0
pcam_3348,./ml_datasets/images/pcam_3348.jpg,0
pcam_3349,./ml_datasets/images/pcam_3349.jpg,0
pcam_3350,./ml_datasets/images/pcam_3350.jpg,0
pcam_3351,./ml_datasets/images/pcam_3351.jpg,0
pcam_3352,./ml_datasets/images/pcam_3352.jpg,0
pcam_3353,./ml_datasets/images/pcam_3353.jpg,0
pcam_3354,./ml_datasets/images/pcam_3354.jpg,0
pcam_3355,./ml_datasets/images/pcam_3355.jpg,0
pcam_3356,./ml_datasets/images/pcam_3356.jpg,0
pcam_3357,./ml_datasets/images/pcam_3357.jpg,0
pcam_3358,./ml_datasets/images/pcam_3358.jpg,0
pcam_3359,./ml_datasets/images/pcam_3359.jpg,0
pcam_3360,./ml_datasets/images/pcam_3360.jpg,0
pcam_3361,./ml_datasets/images/pcam_3361.jpg,0
pcam_3362,./ml_datasets/images/pcam_3362.jpg,0
pcam_3363,./ml_datasets/images/pcam_3363.jpg,0
pcam_3364,./ml_datasets/images/pcam_3364.jpg,0
pcam_3365,./ml_datasets/images/pcam_3365.jpg,0
pcam_3366,./ml_datasets/images/pcam_3366.jpg,0
pcam_3367,./ml_datasets/images/pcam_3367.jpg,0
pcam_3368,./ml_datasets/images/pcam_3368.jpg,0
pcam_3369,./ml_datasets/images/pcam_3369.jpg,0
pcam_3370,./ml_datasets/images/pcam_3370.jpg,0
pcam_3371,./ml_datasets/images/pcam_3371.jpg,0
pcam_3372,./ml_datasets/images/pcam_3372.jpg,0
pcam_3373,./ml_datasets/images/pcam_3373.jpg,0
pcam_3374,./ml_datasets/images/pcam_3374.jpg,0
pcam_3375,./ml_datasets/images/pcam_3375.jpg,0
pcam_3376,./ml_datasets/images/pcam_3376.jpg,0
pcam_3377,./ml_datasets/images/pcam_3377.jpg,0
pcam_3378,./ml_datasets/images/pcam_3378.jpg,0
pcam_3379,./ml_datasets/images/pcam_3379.jpg,0
pcam_3380,./ml_datasets/images/pcam_3380.jpg,0
pcam_3381,./ml_datasets/images/pcam_3381.jpg,0
pcam_3382,./ml_datasets/images/pcam_3382.jpg,0
pcam_3383,./ml_datasets/images/pcam_3383.jpg,0
pcam_3384,./ml_datasets/images/pcam_3384.jpg,0
pcam_3385,./ml_datasets/images/pcam_3385.jpg,0
pcam_3386,./ml_datasets/images/pcam_3386.jpg,0
pcam_3387,./ml_datasets/images/pcam_3387.jpg,0
pcam_3388,./ml_datasets/images/pcam_3388.jpg,0
pcam_3389,./ml_datasets/images/pcam_3389.jpg,0
pcam_3390,./ml_datasets/images/pcam_3390.jpg,0
pcam_3391,./ml_datasets/images/pcam_3391.jpg,0
pcam_3392,./ml_datasets/images/pcam_3392.jpg,0
pcam_3393,./ml_datasets/images/pcam_3393.jpg,0
pcam_3394,./ml_datasets/images/pcam_3394.jpg,0
pcam_3395,./ml_datasets/images/pcam_3395.jpg,0
pcam_3396,./ml_datasets/images/pcam_3396.jpg,0
pcam_3397,./ml_datasets/images/pcam_3397.jpg,0
pcam_3398,./ml_datasets/images/pcam_3398.jpg,0
pcam_3399,./ml_datasets/images/pcam_3399.jpg,0
pcam_3400,./ml_datasets/images/pcam_3400.jpg,0
pcam_3401,./ml_datasets/images/pcam_3401.jpg,0
pcam_3402,./ml_datasets/images/pcam_3402.jpg,0
pcam_3403,./ml_datasets/images/pcam_3403.jpg,0
pcam_3404,./ml_datasets/images/pcam_3404.jpg,0
pcam_3405,./ml_datasets/images/pcam_3405.jpg,0
pcam_3406,./ml_datasets/images/pcam_3406.jpg,0
pcam_3407,./ml_datasets/images/pcam_3407.jpg,0
pcam_3408,./ml_datasets/images/pcam_3408.jpg,0
pcam_3409,./ml_datasets/images/pcam_3409.jpg,0
pcam_3410,./ml_datasets/images/pcam_3410.jpg,0
pcam_3411,./ml_datasets/images/pcam_3411.jpg,0
pcam_3412,./ml_datasets/images/pcam_3412.jpg,0
pcam_3413,./ml_datasets/images/pcam_3413.jpg,0
pcam_3414,./ml_datasets/images/pcam_3414.jpg,0
pcam_3415,./ml_datasets/images/pcam_3415.jpg,0
pcam_3416,./ml_datasets/images/pcam_3416.jpg,0
pcam_3417,./ml_datasets/images/pcam_3417.jpg,0
pcam_3418,./ml_datasets/images/pcam_3418.jpg,0
pcam_3419,./ml_datasets/images/pcam_3419.jpg,0
pcam_3420,./ml_datasets/images/pcam_3420.jpg,0
pcam_3421,./ml_datasets/images/pcam_3421.jpg,0
pcam_3422,./ml_datasets/images/pcam_3422.jpg,0
pcam_3423,./ml_datasets/images/pcam_3423.jpg,0
pcam_3424,./ml_datasets/images/pcam_3424.jpg,0
pcam_3425,./ml_datasets/images/pcam_3425.jpg,0
pcam_3426,./ml_datasets/images/pcam_3426.jpg,0
pcam_3427,./ml_datasets/images/pcam_3427.jpg,0
pcam_3428,./ml_datasets/images/pcam_3428.jpg,0
pcam_3429,./ml_datasets/images/pcam_3429.jpg,0
pcam_3430,./ml_datasets/images/pcam_3430.jpg,0
pcam_3431,./ml_datasets/images/pcam_3431.jpg,0
pcam_3432,./ml_datasets/images/pcam_3432.jpg,0
pcam_3433,./ml_datasets/images/pcam_3433.jpg,0
pcam_3434,./ml_datasets/images/pcam_3434.jpg,0
pcam_3435,./ml_datasets/images/pcam_3435.jpg,0
pcam_3436,./ml_datasets/images/pcam_3436.jpg,0
pcam_3437,./ml_datasets/images/pcam_3437.jpg,0
pcam_3438,./ml_datasets/images/pcam_3438.jpg,0
pcam_3439,./ml_datasets/images/pcam_3439.jpg,0
pcam_3440,./ml_datasets/images/pcam_3440.jpg,0
pcam_3441,./ml_datasets/images/pcam_3441.jpg,0
pcam_3442,./ml_datasets/images/pcam_3442.jpg,0
pcam_3443,./ml_datasets/images/pcam_3443.jpg,0
pcam_3444,./ml_datasets/images/pcam_3444.jpg,0
pcam_3445,./ml_datasets/images/pcam_3445.jpg,0
pcam_3446,./ml_datasets/images/pcam_3446.jpg,0
pcam_3447,./ml_datasets/images/pcam_3447.jpg,0
pcam_3448,./ml_datasets/images/pcam_3448.jpg,0
pcam_3449,./ml_datasets/images/pcam_3449.jpg,0
pcam_3450,./ml_datasets/images/pcam_3450.jpg,0
pcam_3451,./ml_datasets/images/pcam_3451.jpg,0
pcam_3452,./ml_datasets/images/pcam_3452.jpg,0
pcam_3453,./ml_datasets/images/pcam_3453.jpg,0
pcam_3454,./ml_datasets/images/pcam_3454.jpg,0
pcam_3455,./ml_datasets/images/pcam_3455.jpg,0
pcam_3456,./ml_datasets/images/pcam_3456.jpg,0
pcam_3457,./ml_datasets/images/pcam_3457.jpg,0
pcam_3458,./ml_datasets/images/pcam_3458.jpg,0
pcam_3459,./ml_datasets/images/pcam_3459.jpg,0
pcam_3460,./ml_datasets/images/pcam_3460.jpg,0
pcam_3461,./ml_datasets/images/pcam_3461.jpg,0
pcam_3462,./ml_datasets/images/pcam_3462.jpg,0
pcam_3463,./ml_datasets/images/pcam_3463.jpg,0
pcam_3464,./ml_datasets/images/pcam_3464.jpg,0
pcam_3465,./ml_datasets/images/pcam_3465.jpg,0
pcam_3466,./ml_datasets/images/pcam_3466.jpg,0
pcam_3467,./ml_datasets/images/pcam_3467.jpg,0
pcam_3468,./ml_datasets/images/pcam_3468.jpg,0
pcam_3469,./ml_datasets/images/pcam_3469.jpg,0
pcam_3470,./ml_datasets/images/pcam_3470.jpg,0
pcam_3471,./ml_datasets/images/pcam_3471.jpg,0
pcam_3472,./ml_datasets/images/pcam_3472.jpg,0
pcam_3473,./ml_datasets/images/pcam_3473.jpg,0
pcam_3474,./ml_datasets/images/pcam_3474.jpg,0
pcam_3475,./ml_datasets/images/pcam_3475.jpg,0
pcam_3476,./ml_datasets/images/pcam_3476.jpg,0
pcam_3477,./ml_datasets/images/pcam_3477.jpg,0
pcam_3478,./ml_datasets/images/pcam_3478.jpg,0
pcam_3479,./ml_datasets/images/pcam_3479.jpg,0
pcam_3480,./ml_datasets/images/pcam_3480.jpg,0
pcam_3481,./ml_datasets/images/pcam_3481.jpg,0
pcam_3482,./ml_datasets/images/pcam_3482.jpg,0
pcam_3483,./ml_datasets/images/pcam_3483.jpg,0
pcam_3484,./ml_datasets/images/pcam_3484.jpg,0
pcam_3485,./ml_datasets/images/pcam_3485.jpg,0
pcam_3486,./ml_datasets/images/pcam_3486.jpg,0
pcam_3487,./ml_datasets/images/pcam_3487.jpg,0
pcam_3488,./ml_datasets/images/pcam_3488.jpg,0
pcam_3489,./ml_datasets/images/pcam_3489.jpg,0
pcam_3490,./ml_datasets/images/pcam_3490.jpg,0
pcam_3491,./ml_datasets/images/pcam_3491.jpg,0
pcam_3492,./ml_datasets/images/pcam_3492.jpg,0
pcam_3493,./ml_datasets/images/pcam_3493.jpg,0
pcam_3494,./ml_datasets/images/pcam_3494.jpg,0
pcam_3495,./ml_datasets/images/pcam_3495.jpg,0
pcam_3496,./ml_datasets/images/pcam_3496.jpg,0
pcam_3497,./ml_datasets/images/pcam_3497.jpg,0
pcam_3498,./ml_datasets/images/pcam_3498.jpg,0
pcam_3499,./ml_datasets/images/pcam_3499.jpg,0
pcam_3500,./ml_datasets/images/pcam_3500.jpg,0
pcam_3501,./ml_datasets/images/pcam_3501.jpg,0
pcam_3502,./ml_datasets/images/pcam_3502.jpg,0
pcam_3503,./ml_datasets/images/pcam_3503.jpg,0
pcam_3504,./ml_datasets/images/pcam_3504.jpg,0
pcam_3505,./ml_datasets/images/pcam_3505.jpg,0
pcam_3506,./ml_datasets/images/pcam_3506.jpg,0
pcam_3507,./ml_datasets/images/pcam_3507.jpg,0
pcam_3508,./ml_datasets/images/pcam_3508.jpg,0
pcam_3509,./ml_datasets/images/pcam_3509.jpg,0
pcam_3510,./ml_datasets/images/pcam_3510.jpg,0
pcam_3511,./ml_datasets/images/pcam_3511.jpg,0
pcam_3512,./ml_datasets/images/pcam_3512.jpg,0
pcam_3513,./ml_datasets/images/pcam_3513.jpg,0
pcam_3514,./ml_datasets/images/pcam_3514.jpg,0
pcam_3515,./ml_datasets/images/pcam_3515.jpg,0
pcam_3516,./ml_datasets/images/pcam_3516.jpg,0
pcam_3517,./ml_datasets/images/pcam_3517.jpg,0
pcam_3518,./ml_datasets/images/pcam_3518.jpg,0
pcam_3519,./ml_datasets/images/pcam_3519.jpg,0
pcam_3520,./ml_datasets/images/pcam_3520.jpg,0
pcam_3521,./ml_datasets/images/pcam_3521.jpg,0
pcam_3522,./ml_datasets/images/pcam_3522.jpg,0
pcam_3523,./ml_datasets/images/pcam_3523.jpg,0
pcam_3524,./ml_datasets/images/pcam_3524.jpg,0
pcam_3525,./ml_datasets/images/pcam_3525.jpg,0
pcam_3526,./ml_datasets/images/pcam_3526.jpg,0
pcam_3527,./ml_datasets/images/pcam_3527.jpg,0
pcam_3528,./ml_datasets/images/pcam_3528.jpg,0
pcam_3529,./ml_datasets/images/pcam_3529.jpg,0
pcam_3530,./ml_datasets/images/pcam_3530.jpg,0
pcam_3531,./ml_datasets/images/pcam_3531.jpg,0
pcam_3532,./ml_datasets/images/pcam_3532.jpg,0
pcam_3533,./ml_datasets/images/pcam_3533.jpg,0
pcam_3534,./ml_datasets/images/pcam_3534.jpg,0
pcam_3535,./ml_datasets/images/pcam_3535.jpg,0
pcam_3536,./ml_datasets/images/pcam_3536.jpg,0
pcam_3537,./ml_datasets/images/pcam_3537.jpg,0
pcam_3538,./ml_datasets/images/pcam_3538.jpg,0
pcam_3539,./ml_datasets/images/pcam_3539.jpg,0
pcam_3540,./ml_datasets/images/pcam_3540.jpg,0
pcam_3541,./ml_datasets/images/pcam_3541.jpg,0
pcam_3542,./ml_datasets/images/pcam_3542.jpg,0
pcam_3543,./ml_datasets/images/pcam_3543.jpg,0
pcam_3544,./ml_datasets/images/pcam_3544.jpg,0
pcam_3545,./ml_datasets/images/pcam_3545.jpg,0
pcam_3546,./ml_datasets/images/pcam_3546.jpg,0
pcam_3547,./ml_datasets/images/pcam_3547.jpg,0
pcam_3548,./ml_datasets/images/pcam_3548.jpg,0
pcam_3549,./ml_datasets/images/pcam_3549.jpg,0
pcam_3550,./ml_datasets/images/pcam_3550.jpg,0
pcam_3551,./ml_datasets/images/pcam_3551.jpg,0
pcam_3552,./ml_datasets/images/pcam_3552.jpg,0
pcam_3553,./ml_datasets/images/pcam_3553.jpg,0
pcam_3554,./ml_datasets/images/pcam_3554.jpg,0
pcam_3555,./ml_datasets/images/pcam_3555.jpg,0
pcam_3556,./ml_datasets/images/pcam_3556.jpg,0
pcam_3557,./ml_datasets/images/pcam_3557.jpg,0
pcam_3558,./ml_datasets/images/pcam_3558.jpg,0
pcam_3559,./ml_datasets/images/pcam_3559.jpg,0
pcam_3560,./ml_datasets/images/pcam_3560.jpg,0
pcam_3561,./ml_datasets/images/pcam_3561.jpg,0
pcam_3562,./ml_datasets/images/pcam_3562.jpg,0
pcam_3563,./ml_datasets/images/pcam_3563.jpg,0
pcam_3564,./ml_datasets/images/pcam_3564.jpg,0
pcam_3565,./ml_datasets/images/pcam_3565.jpg,0
pcam_3566,./ml_datasets/images/pcam_3566.jpg,0
pcam_3567,./ml_datasets/images/pcam_3567.jpg,0
pcam_3568,./ml_datasets/images/pcam_3568.jpg,0
pcam_3569,./ml_datasets/images/pcam_3569.jpg,0
pcam_3570,./ml_datasets/images/pcam_3570.jpg,0
pcam_3571,./ml_datasets/images/pcam_3571.jpg,0
pcam_3572,./ml_datasets/images/pcam_3572.jpg,0
pcam_3573,./ml_datasets/images/pcam_3573.jpg,0
pcam_3574,./ml_datasets/images/pcam_3574.jpg,0
pcam_3575,./ml_datasets/images/pcam_3575.jpg,0
pcam_3576,./ml_datasets/images/pcam_3576.jpg,0
pcam_3577,./ml_datasets/images/pcam_3577.jpg,0
pcam_3578,./ml_datasets/images/pcam_3578.jpg,0
pcam_3579,./ml_datasets/images/pcam_3579.jpg,0
pcam_3580,./ml_datasets/images/pcam_3580.jpg,0
pcam_3581,./ml_datasets/images/pcam_3581.jpg,0
pcam_3582,./ml_datasets/images/pcam_3582.jpg,0
pcam_3583,./ml_datasets/images/pcam_3583.jpg,0
pcam_3584,./ml_datasets/images/pcam_3584.jpg,0
pcam_3585,./ml_datasets/images/pcam_3585.jpg,0
pcam_3586,./ml_datasets/images/pcam_3586.jpg,0
pcam_3587,./ml_datasets/images/pcam_3587.jpg,0
pcam_3588,./ml_datasets/images/pcam_3588.jpg,0
pcam_3589,./ml_datasets/images/pcam_3589.jpg,0
pcam_3590,./ml_datasets/images/pcam_3590.jpg,0
pcam_3591,./ml_datasets/images/pcam_3591.jpg,0
pcam_3592,./ml_datasets/images/pcam_3592.jpg,0
pcam_3593,./ml_datasets/images/pcam_3593.jpg,0
pcam_3594,./ml_datasets/images/pcam_3594.jpg,0
pcam_3595,./ml_datasets/images/pcam_3595.jpg,0
pcam_3596,./ml_datasets/images/pcam_3596.jpg,0
pcam_3597,./ml_datasets/images/pcam_3597.jpg,0
pcam_3598,./ml_datasets/images/pcam_3598.jpg,0
pcam_3599,./ml_datasets/images/pcam_3599.jpg,0
pcam_3600,./ml_datasets/images/pcam_3600.jpg,0
pcam_3601,./ml_datasets/images/pcam_3601.jpg,0
pcam_3602,./ml_datasets/images/pcam_3602.jpg,0
pcam_3603,./ml_datasets/images/pcam_3603.jpg,0
pcam_3604,./ml_datasets/images/pcam_3604.jpg,0
pcam_3605,./ml_datasets/images/pcam_3605.jpg,0
pcam_3606,./ml_datasets/images/pcam_3606.jpg,0
pcam_3607,./ml_datasets/images/pcam_3607.jpg,0
pcam_3608,./ml_datasets/images/pcam_3608.jpg,0
pcam_3609,./ml_datasets/images/pcam_3609.jpg,0
pcam_3610,./ml_datasets/images/pcam_3610.jpg,0
pcam_3611,./ml_datasets/images/pcam_3611.jpg,0
pcam_3612,./ml_datasets/images/pcam_3612.jpg,0
pcam_3613,./ml_datasets/images/pcam_3613.jpg,0
pcam_3614,./ml_datasets/images/pcam_3614.jpg,0
pcam_3615,./ml_datasets/images/pcam_3615.jpg,0
pcam_3616,./ml_datasets/images/pcam_3616.jpg,0
pcam_3617,./ml_datasets/images/pcam_3617.jpg,0
pcam_3618,./ml_datasets/images/pcam_3618.jpg,0
pcam_3619,./ml_datasets/images/pcam_3619.jpg,0
pcam_3620,./ml_datasets/images/pcam_3620.jpg,0
pcam_3621,./ml_datasets/images/pcam_3621.jpg,0
pcam_3622,./ml_datasets/images/pcam_3622.jpg,0
pcam_3623,./ml_datasets/images/pcam_3623.jpg,0
pcam_3624,./ml_datasets/images/pcam_3624.jpg,0
pcam_3625,./ml_datasets/images/pcam_3625.jpg,0
pcam_3626,./ml_datasets/images/pcam_3626.jpg,0
pcam_3627,./ml_datasets/images/pcam_3627.jpg,0
pcam_3628,./ml_datasets/images/pcam_3628.jpg,0
pcam_3629,./ml_datasets/images/pcam_3629.jpg,0
pcam_3630,./ml_datasets/images/pcam_3630.jpg,0
pcam_3631,./ml_datasets/images/pcam_3631.jpg,0
pcam_3632,./ml_datasets/images/pcam_3632.jpg,0
pcam_3633,./ml_datasets/images/pcam_3633.jpg,0
pcam_3634,./ml_datasets/images/pcam_3634.jpg,0
pcam_3635,./ml_datasets/images/pcam_3635.jpg,0
pcam_3636,./ml_datasets/images/pcam_3636.jpg,0
pcam_3637,./ml_datasets/images/pcam_3637.jpg,0
pcam_3638,./ml_datasets/images/pcam_3638.jpg,0
pcam_3639,./ml_datasets/images/pcam_3639.jpg,0
pcam_3640,./ml_datasets/images/pcam_3640.jpg,0
pcam_3641,./ml_datasets/images/pcam_3641.jpg,0
pcam_3642,./ml_datasets/images/pcam_3642.jpg,0
pcam_3643,./ml_datasets/images/pcam_3643.jpg,0
pcam_3644,./ml_datasets/images/pcam_3644.jpg,0
pcam_3645,./ml_datasets/images/pcam_3645.jpg,0
pcam_3646,./ml_datasets/images/pcam_3646.jpg,0
pcam_3647,./ml_datasets/images/pcam_3647.jpg,0
pcam_3648,./ml_datasets/images/pcam_3648.jpg,0
pcam_3649,./ml_datasets/images/pcam_3649.jpg,0
pcam_3650,./ml_datasets/images/pcam_3650.jpg,0
pcam_3651,./ml_datasets/images/pcam_3651.jpg,0
pcam_3652,./ml_datasets/images/pcam_3652.jpg,0
pcam_3653,./ml_datasets/images/pcam_3653.jpg,0
pcam_3654,./ml_datasets/images/pcam_3654.jpg,0
pcam_3655,./ml_datasets/images/pcam_3655.jpg,0
pcam_3656,./ml_datasets/images/pcam_3656.jpg,0
pcam_3657,./ml_datasets/images/pcam_3657.jpg,0
pcam_3658,./ml_datasets/images/pcam_3658.jpg,0
pcam_3659,./ml_datasets/images/pcam_3659.jpg,0
pcam_3660,./ml_datasets/images/pcam_3660.jpg,0
pcam_3661,./ml_datasets/images/pcam_3661.jpg,0
pcam_3662,./ml_datasets/images/pcam_3662.jpg,0
pcam_3663,./ml_datasets/images/pcam_3663.jpg,0
pcam_3664,./ml_datasets/images/pcam_3664.jpg,0
pcam_3665,./ml_datasets/images/pcam_3665.jpg,0
pcam_3666,./ml_datasets/images/pcam_3666.jpg,0
pcam_3667,./ml_datasets/images/pcam_3667.jpg,0
pcam_3668,./ml_datasets/images/pcam_3668.jpg,0
pcam_3669,./ml_datasets/images/pcam_3669.jpg,0
pcam_3670,./ml_datasets/images/pcam_3670.jpg,0
pcam_3671,./ml_datasets/images/pcam_3671.jpg,0
pcam_3672,./ml_datasets/images/pcam_3672.jpg,0
pcam_3673,./ml_datasets/images/pcam_3673.jpg,0
pcam_3674,./ml_datasets/images/pcam_3674.jpg,0
pcam_3675,./ml_datasets/images/pcam_3675.jpg,0
pcam_3676,./ml_datasets/images/pcam_3676.jpg,0
pcam_3677,./ml_datasets/images/pcam_3677.jpg,0
pcam_3678,./ml_datasets/images/pcam_3678.jpg,0
pcam_3679,./ml_datasets/images/pcam_3679.jpg,0
pcam_3680,./ml_datasets/images/pcam_3680.jpg,0
pcam_3681,./ml_datasets/images/pcam_3681.jpg,0
pcam_3682,./ml_datasets/images/pcam_3682.jpg,0
pcam_3683,./ml_datasets/images/pcam_3683.jpg,0
pcam_3684,./ml_datasets/images/pcam_3684.jpg,0
pcam_3685,./ml_datasets/images/pcam_3685.jpg,0
pcam_3686,./ml_datasets/images/pcam_3686.jpg,0
pcam_3687,./ml_datasets/images/pcam_3687.jpg,0
pcam_3688,./ml_datasets/images/pcam_3688.jpg,0
pcam_3689,./ml_datasets/images/pcam_3689.jpg,0
pcam_3690,./ml_datasets/images/pcam_3690.jpg,0
pcam_3691,./ml_datasets/images/pcam_3691.jpg,0
pcam_3692,./ml_datasets/images/pcam_3692.jpg,0
pcam_3693,./ml_datasets/images/pcam_3693.jpg,0
pcam_3694,./ml_datasets/images/pcam_3694.jpg,0
pcam_3695,./ml_datasets/images/pcam_3695.jpg,0
pcam_3696,./ml_datasets/images/pcam_3696.jpg,0
pcam_3697,./ml_datasets/images/pcam_3697.jpg,0
pcam_3698,./ml_datasets/images/pcam_3698.jpg,0
pcam_3699,./ml_datasets/images/pcam_3699.jpg,0
pcam_3700,./ml_datasets/images/pcam_3700.jpg,0
pcam_3701,./ml_datasets/images/pcam_3701.jpg,0
pcam_3702,./ml_datasets/images/pcam_3702.jpg,0
pcam_3703,./ml_datasets/images/pcam_3703.jpg,0
pcam_3704,./ml_datasets/images/pcam_3704.jpg,0
pcam_3705,./ml_datasets/images/pcam_3705.jpg,0
pcam_3706,./ml_datasets/images/pcam_3706.jpg,0
pcam_3707,./ml_datasets/images/pcam_3707.jpg,0
pcam_3708,./ml_datasets/images/pcam_3708.jpg,0
pcam_3709,./ml_datasets/images/pcam_3709.jpg,0
pcam_3710,./ml_datasets/images/pcam_3710.jpg,0
pcam_3711,./ml_datasets/images/pcam_3711.jpg,0
pcam_3712,./ml_datasets/images/pcam_3712.jpg,0
pcam_3713,./ml_datasets/images/pcam_3713.jpg,0
pcam_3714,./ml_datasets/images/pcam_3714.jpg,0
pcam_3715,./ml_datasets/images/pcam_3715.jpg,0
pcam_3716,./ml_datasets/images/pcam_3716.jpg,0
pcam_3717,./ml_datasets/images/pcam_3717.jpg,0
pcam_3718,./ml_datasets/images/pcam_3718.jpg,0
pcam_3719,./ml_datasets/images/pcam_3719.jpg,0
pcam_3720,./ml_datasets/images/pcam_3720.jpg,0
pcam_3721,./ml_datasets/images/pcam_3721.jpg,0
pcam_3722,./ml_datasets/images/pcam_3722.jpg,0
pcam_3723,./ml_datasets/images/pcam_3723.jpg,0
pcam_3724,./ml_datasets/images/pcam_3724.jpg,0
pcam_3725,./ml_datasets/images/pcam_3725.jpg,0
pcam_3726,./ml_datasets/images/pcam_3726.jpg,0
pcam_3727,./ml_datasets/images/pcam_3727.jpg,0
pcam_3728,./ml_datasets/images/pcam_3728.jpg,0
pcam_3729,./ml_datasets/images/pcam_3729.jpg,0
pcam_3730,./ml_datasets/images/pcam_3730.jpg,0
pcam_3731,./ml_datasets/images/pcam_3731.jpg,0
pcam_3732,./ml_datasets/images/pcam_3732.jpg,0
pcam_3733,./ml_datasets/images/pcam_3733.jpg,0
pcam_3734,./ml_datasets/images/pcam_3734.jpg,0
pcam_3735,./ml_datasets/images/pcam_3735.jpg,0
pcam_3736,./ml_datasets/images/pcam_3736.jpg,0
pcam_3737,./ml_datasets/images/pcam_3737.jpg,0
pcam_3738,./ml_datasets/images/pcam_3738.jpg,0
pcam_3739,./ml_datasets/images/pcam_3739.jpg,0
pcam_3740,./ml_datasets/images/pcam_3740.jpg,0
pcam_3741,./ml_datasets/images/pcam_3741.jpg,0
pcam_3742,./ml_datasets/images/pcam_3742.jpg,0
pcam_3743,./ml_datasets/images/pcam_3743.jpg,0
pcam_3744,./ml_datasets/images/pcam_3744.jpg,0
pcam_3745,./ml_datasets/images/pcam_3745.jpg,0
pcam_3746,./ml_datasets/images/pcam_3746.jpg,0
pcam_3747,./ml_datasets/images/pcam_3747.jpg,0
pcam_3748,./ml_datasets/images/pcam_3748.jpg,0
pcam_3749,./ml_datasets/images/pcam_3749.jpg,0
pcam_3750,./ml_datasets/images/pcam_3750.jpg,0
pcam_3751,./ml_datasets/images/pcam_3751.jpg,0
pcam_3752,./ml_datasets/images/pcam_3752.jpg,0
pcam_3753,./ml_datasets/images/pcam_3753.jpg,0
pcam_3754,./ml_datasets/images/pcam_3754.jpg,0
pcam_3755,./ml_datasets/images/pcam_3755.jpg,0
pcam_3756,./ml_datasets/images/pcam_3756.jpg,0
pcam_3757,./ml_datasets/images/pcam_3757.jpg,0
pcam_3758,./ml_datasets/images/pcam_3758.jpg,0
pcam_3759,./ml_datasets/images/pcam_3759.jpg,0
pcam_3760,./ml_datasets/images/pcam_3760.jpg,0
pcam_3761,./ml_datasets/images/pcam_3761.jpg,0
pcam_3762,./ml_datasets/images/pcam_3762.jpg,0
pcam_3763,./ml_datasets/images/pcam_3763.jpg,0
pcam_3764,./ml_datasets/images/pcam_3764.jpg,0
pcam_3765,./ml_datasets/images/pcam_3765.jpg,0
pcam_3766,./ml_datasets/images/pcam_3766.jpg,0
pcam_3767,./ml_datasets/images/pcam_3767.jpg,0
pcam_3768,./ml_datasets/images/pcam_3768.jpg,0
pcam_3769,./ml_datasets/images/pcam_3769.jpg,0
pcam_3770,./ml_datasets/images/pcam_3770.jpg,0
pcam_3771,./ml_datasets/images/pcam_3771.jpg,0
pcam_3772,./ml_datasets/images/pcam_3772.jpg,0
pcam_3773,./ml_datasets/images/pcam_3773.jpg,0
pcam_3774,./ml_datasets/images/pcam_3774.jpg,0
pcam_3775,./ml_datasets/images/pcam_3775.jpg,0
pcam_3776,./ml_datasets/images/pcam_3776.jpg,0
pcam_3777,./ml_datasets/images/pcam_3777.jpg,0
pcam_3778,./ml_datasets/images/pcam_3778.jpg,0
pcam_3779,./ml_datasets/images/pcam_3779.jpg,0
pcam_3780,./ml_datasets/images/pcam_3780.jpg,0
pcam_3781,./ml_datasets/images/pcam_3781.jpg,0
pcam_3782,./ml_datasets/images/pcam_3782.jpg,0
pcam_3783,./ml_datasets/images/pcam_3783.jpg,0
pcam_3784,./ml_datasets/images/pcam_3784.jpg,0
pcam_3785,./ml_datasets/images/pcam_3785.jpg,0
pcam_3786,./ml_datasets/images/pcam_3786.jpg,0
pcam_3787,./ml_datasets/images/pcam_3787.jpg,0
pcam_3788,./ml_datasets/images/pcam_3788.jpg,0
pcam_3789,./ml_datasets/images/pcam_3789.jpg,0
pcam_3790,./ml_datasets/images/pcam_3790.jpg,0
pcam_3791,./ml_datasets/images/pcam_3791.jpg,0
pcam_3792,./ml_datasets/images/pcam_3792.jpg,0
pcam_3793,./ml_datasets/images/pcam_3793.jpg,0
pcam_3794,./ml_datasets/images/pcam_3794.jpg,0
pcam_3795,./ml_datasets/images/pcam_3795.jpg,0
pcam_3796,./ml_datasets/images/pcam_3796.jpg,0
pcam_3797,./ml_datasets/images/pcam_3797.jpg,0
pcam_3798,./ml_datasets/images/pcam_3798.jpg,0
pcam_3799,./ml_datasets/images/pcam_3799.jpg,0
pcam_3800,./ml_datasets/images/pcam_3800.jpg,0
pcam_3801,./ml_datasets/images/pcam_3801.jpg,0
pcam_3802,./ml_datasets/images/pcam_3802.jpg,0
pcam_3803,./ml_datasets/images/pcam_3803.jpg,0
pcam_3804,./ml_datasets/images/pcam_3804.jpg,0
pcam_3805,./ml_datasets/images/pcam_3805.jpg,0
pcam_3806,./ml_datasets/images/pcam_3806.jpg,0
pcam_3807,./ml_datasets/images/pcam_3807.jpg,0
pcam_3808,./ml_datasets/images/pcam_3808.jpg,0
pcam_3809,./ml_datasets/images/pcam_3809.jpg,0
pcam_3810,./ml_datasets/images/pcam_3810.jpg,0
pcam_3811,./ml_datasets/images/pcam_3811.jpg,0
pcam_3812,./ml_datasets/images/pcam_3812.jpg,0
pcam_3813,./ml_datasets/images/pcam_3813.jpg,0
pcam_3814,./ml_datasets/images/pcam_3814.jpg,0
pcam_3815,./ml_datasets/images/pcam_3815.jpg,0
pcam_3816,./ml_datasets/images/pcam_3816.jpg,0
pcam_3817,./ml_datasets/images/pcam_3817.jpg,0
pcam_3818,./ml_datasets/images/pcam_3818.jpg,0
pcam_3819,./ml_datasets/images/pcam_3819.jpg,0
pcam_3820,./ml_datasets/images/pcam_3820.jpg,0
pcam_3821,./ml_datasets/images/pcam_3821.jpg,0
pcam_3822,./ml_datasets/images/pcam_3822.jpg,0
pcam_3823,./ml_datasets/images/pcam_3823.jpg,0
pcam_3824,./ml_datasets/images/pcam_3824.jpg,0
pcam_3825,./ml_datasets/images/pcam_3825.jpg,0
pcam_3826,./ml_datasets/images/pcam_3826.jpg,0
pcam_3827,./ml_datasets/images/pcam_3827.jpg,0
pcam_3828,./ml_datasets/images/pcam_3828.jpg,0
pcam_3829,./ml_datasets/images/pcam_3829.jpg,0
pcam_3830,./ml_datasets/images/pcam_3830.jpg,0
pcam_3831,./ml_datasets/images/pcam_3831.jpg,0
pcam_3832,./ml_datasets/images/pcam_3832.jpg,0
pcam_3833,./ml_datasets/images/pcam_3833.jpg,0
pcam_3834,./ml_datasets/images/pcam_3834.jpg,0
pcam_3835,./ml_datasets/images/pcam_3835.jpg,0
pcam_3836,./ml_datasets/images/pcam_3836.jpg,0
pcam_3837,./ml_datasets/images/pcam_3837.jpg,0
pcam_3838,./ml_datasets/images/pcam_3838.jpg,0
pcam_3839,./ml_datasets/images/pcam_3839.jpg,0
pcam_3840,./ml_datasets/images/pcam_3840.jpg,0
pcam_3841,./ml_datasets/images/pcam_3841.jpg,0
pcam_3842,./ml_datasets/images/pcam_3842.jpg,0
pcam_3843,./ml_datasets/images/pcam_3843.jpg,0
pcam_3844,./ml_datasets/images/pcam_3844.jpg,0
pcam_3845,./ml_datasets/images/pcam_3845.jpg,0
pcam_3846,./ml_datasets/images/pcam_3846.jpg,0
pcam_3847,./ml_datasets/images/pcam_3847.jpg,0
pcam_3848,./ml_datasets/images/pcam_3848.jpg,0
pcam_3849,./ml_datasets/images/pcam_3849.jpg,0
pcam_3850,./ml_datasets/images/pcam_3850.jpg,0
pcam_3851,./ml_datasets/images/pcam_3851.jpg,0
pcam_3852,./ml_datasets/images/pcam_3852.jpg,0
pcam_3853,./ml_datasets/images/pcam_3853.jpg,0
pcam_3854,./ml_datasets/images/pcam_3854.jpg,0
pcam_3855,./ml_datasets/images/pcam_3855.jpg,0
pcam_3856,./ml_datasets/images/pcam_3856.jpg,0
pcam_3857,./ml_datasets/images/pcam_3857.jpg,0
pcam_3858,./ml_datasets/images/pcam_3858.jpg,0
pcam_3859,./ml_datasets/images/pcam_3859.jpg,0
pcam_3860,./ml_datasets/images/pcam_3860.jpg,0
pcam_3861,./ml_datasets/images/pcam_3861.jpg,0
pcam_3862,./ml_datasets/images/pcam_3862.jpg,0
pcam_3863,./ml_datasets/images/pcam_3863.jpg,0
pcam_3864,./ml_datasets/images/pcam_3864.jpg,0
pcam_3865,./ml_datasets/images/pcam_3865.jpg,0
pcam_3866,./ml_datasets/images/pcam_3866.jpg,0
pcam_3867,./ml_datasets/images/pcam_3867.jpg,0
pcam_3868,./ml_datasets/images/pcam_3868.jpg,0
pcam_3869,./ml_datasets/images/pcam_3869.jpg,0
pcam_3870,./ml_datasets/images/pcam_3870.jpg,0
pcam_3871,./ml_datasets/images/pcam_3871.jpg,0
pcam_3872,./ml_datasets/images/pcam_3872.jpg,0
pcam_3873,./ml_datasets/images/pcam_3873.jpg,0
pcam_3874,./ml_datasets/images/pcam_3874.jpg,0
pcam_3875,./ml_datasets/images/pcam_3875.jpg,0
pcam_3876,./ml_datasets/images/pcam_3876.jpg,0
pcam_3877,./ml_datasets/images/pcam_3877.jpg,0
pcam_3878,./ml_datasets/images/pcam_3878.jpg,0
pcam_3879,./ml_datasets/images/pcam_3879.jpg,0
pcam_3880,./ml_datasets/images/pcam_3880.jpg,0
pcam_3881,./ml_datasets/images/pcam_3881.jpg,0
pcam_3882,./ml_datasets/images/pcam_3882.jpg,0
pcam_3883,./ml_datasets/images/pcam_3883.jpg,0
pcam_3884,./ml_datasets/images/pcam_3884.jpg,0
pcam_3885,./ml_datasets/images/pcam_3885.jpg,0
pcam_3886,./ml_datasets/images/pcam_3886.jpg,0
pcam_3887,./ml_datasets/images/pcam_3887.jpg,0
pcam_3888,./ml_datasets/images/pcam_3888.jpg,0
pcam_3889,./ml_datasets/images/pcam_3889.jpg,0
pcam_3890,./ml_datasets/images/pcam_3890.jpg,0
pcam_3891,./ml_datasets/images/pcam_3891.jpg,0
pcam_3892,./ml_datasets/images/pcam_3892.jpg,0
pcam_3893,./ml_datasets/images/pcam_3893.jpg,0
pcam_3894,./ml_datasets/images/pcam_3894.jpg,0
pcam_3895,./ml_datasets/images/pcam_3895.jpg,0
pcam_3896,./ml_datasets/images/pcam_3896.jpg,0
pcam_3897,./ml_datasets/images/pcam_3897.jpg,0
pcam_3898,./ml_datasets/images/pcam_3898.jpg,0
pcam_3899,./ml_datasets/images/pcam_3899.jpg,0
pcam_3900,./ml_datasets/images/pcam_3900.jpg,0
pcam_3901,./ml_datasets/images/pcam_3901.jpg,0
pcam_3902,./ml_datasets/images/pcam_3902.jpg,0
pcam_3903,./ml_datasets/images/pcam_3903.jpg,0
pcam_3904,./ml_datasets/images/pcam_3904.jpg,0
pcam_3905,./ml_datasets/images/pcam_3905.jpg,0
pcam_3906,./ml_datasets/images/pcam_3906.jpg,0
pcam_3907,./ml_datasets/images/pcam_3907.jpg,0
pcam_3908,./ml_datasets/images/pcam_3908.jpg,0
pcam_3909,./ml_datasets/images/pcam_3909.jpg,0
pcam_3910,./ml_datasets/images/pcam_3910.jpg,0
pcam_3911,./ml_datasets/images/pcam_3911.jpg,0
pcam_3912,./ml_datasets/images/pcam_3912.jpg,0
pcam_3913,./ml_datasets/images/pcam_3913.jpg,0
pcam_3914,./ml_datasets/images/pcam_3914.jpg,0
pcam_3915,./ml_datasets/images/pcam_3915.jpg,0
pcam_3916,./ml_datasets/images/pcam_3916.jpg,0
pcam_3917,./ml_datasets/images/pcam_3917.jpg,0
pcam_3918,./ml_datasets/images/pcam_3918.jpg,0
pcam_3919,./ml_datasets/images/pcam_3919.jpg,0
pcam_3920,./ml_datasets/images/pcam_3920.jpg,0
pcam_3921,./ml_datasets/images/pcam_3921.jpg,0
pcam_3922,./ml_datasets/images/pcam_3922.jpg,0
pcam_3923,./ml_datasets/images/pcam_3923.jpg,0
pcam_3924,./ml_datasets/images/pcam_3924.jpg,0
pcam_3925,./ml_datasets/images/pcam_3925.jpg,0
pcam_3926,./ml_datasets/images/pcam_3926.jpg,0
pcam_3927,./ml_datasets/images/pcam_3927.jpg,0
pcam_3928,./ml_datasets/images/pcam_3928.jpg,0
pcam_3929,./ml_datasets/images/pcam_3929.jpg,0
pcam_3930,./ml_datasets/images/pcam_3930.jpg,0
pcam_3931,./ml_datasets/images/pcam_3931.jpg,0
pcam_3932,./ml_datasets/images/pcam_3932.jpg,0
pcam_3933,./ml_datasets/images/pcam_3933.jpg,0
pcam_3934,./ml_datasets/images/pcam_3934.jpg,0
pcam_3935,./ml_datasets/images/pcam_3935.jpg,0
pcam_3936,./ml_datasets/images/pcam_3936.jpg,0
pcam_3937,./ml_datasets/images/pcam_3937.jpg,0
pcam_3938,./ml_datasets/images/pcam_3938.jpg,0
pcam_3939,./ml_datasets/images/pcam_3939.jpg,0
pcam_3940,./ml_datasets/images/pcam_3940.jpg,0
pcam_3941,./ml_datasets/images/pcam_3941.jpg,0
pcam_3942,./ml_datasets/images/pcam_3942.jpg,0
pcam_3943,./ml_datasets/images/pcam_3943.jpg,0
pcam_3944,./ml_datasets/images/pcam_3944.jpg,0
pcam_3945,./ml_datasets/images/pcam_3945.jpg,0
pcam_3946,./ml_datasets/images/pcam_3946.jpg,0
pcam_3947,./ml_datasets/images/pcam_3947.jpg,0
pcam_3948,./ml_datasets/images/pcam_3948.jpg,0
pcam_3949,./ml_datasets/images/pcam_3949.jpg,0
pcam_3950,./ml_datasets/images/pcam_3950.jpg,0
pcam_3951,./ml_datasets/images/pcam_3951.jpg,0
pcam_3952,./ml_datasets/images/pcam_3952.jpg,0
pcam_3953,./ml_datasets/images/pcam_3953.jpg,0
pcam_3954,./ml_datasets/images/pcam_3954.jpg,0
pcam_3955,./ml_datasets/images/pcam_3955.jpg,0
pcam_3956,./ml_datasets/images/pcam_3956.jpg,0
pcam_3957,./ml_datasets/images/pcam_3957.jpg,0
pcam_3958,./ml_datasets/images/pcam_3958.jpg,0
pcam_3959,./ml_datasets/images/pcam_3959.jpg,0
pcam_3960,./ml_datasets/images/pcam_3960.jpg,0
pcam_3961,./ml_datasets/images/pcam_3961.jpg,0
pcam_3962,./ml_datasets/images/pcam_3962.jpg,0
pcam_3963,./ml_datasets/images/pcam_3963.jpg,0
pcam_3964,./ml_datasets/images/pcam_3964.jpg,0
pcam_3965,./ml_datasets/images/pcam_3965.jpg,0
pcam_3966,./ml_datasets/images/pcam_3966.jpg,0
pcam_3967,./ml_datasets/images/pcam_3967.jpg,0
pcam_3968,./ml_datasets/images/pcam_3968.jpg,0
pcam_3969,./ml_datasets/images/pcam_3969.jpg,0
pcam_3970,./ml_datasets/images/pcam_3970.jpg,0
pcam_3971,./ml_datasets/images/pcam_3971.jpg,0
pcam_3972,./ml_datasets/images/pcam_3972.jpg,0
pcam_3973,./ml_datasets/images/pcam_3973.jpg,0
pcam_3974,./ml_datasets/images/pcam_3974.jpg,0
pcam_3975,./ml_datasets/images/pcam_3975.jpg,0
pcam_3976,./ml_datasets/images/pcam_3976.jpg,0
pcam_3977,./ml_datasets/images/pcam_3977.jpg,0
pcam_3978,./ml_datasets/images/pcam_3978.jpg,0
pcam_3979,./ml_datasets/images/pcam_3979.jpg,0
pcam_3980,./ml_datasets/images/pcam_3980.jpg,0
pcam_3981,./ml_datasets/images/pcam_3981.jpg,0
pcam_3982,./ml_datasets/images/pcam_3982.jpg,0
pcam_3983,./ml_datasets/images/pcam_3983.jpg,0
pcam_3984,./ml_datasets/images/pcam_3984.jpg,0
pcam_3985,./ml_datasets/images/pcam_3985.jpg,0
pcam_3986,./ml_datasets/images/pcam_3986.jpg,0
pcam_3987,./ml_datasets/images/pcam_3987.jpg,0
pcam_3988,./ml_datasets/images/pcam_3988.jpg,0
pcam_3989,./ml_datasets/images/pcam_3989.jpg,0
pcam_3990,./ml_datasets/images/pcam_3990.jpg,0
pcam_3991,./ml_datasets/images/pcam_3991.jpg,0
pcam_3992,./ml_datasets/images/pcam_3992.jpg,0
pcam_3993,./ml_datasets/images/pcam_3993.jpg,0
pcam_3994,./ml_datasets/images/pcam_3994.jpg,0
pcam_3995,./ml_datasets/images/pcam_3995.jpg,0
pcam_3996,./ml_datasets/images/pcam_3996.jpg,0
pcam_3997,./ml_datasets/images/pcam_3997.jpg,0
pcam_3998,./ml_datasets/images/pcam_3998.jpg,0
pcam_3999,./ml_datasets/images/pcam_3999.jpg,0
pcam_4000,./ml_datasets/images/pcam_4000.jpg,0
pcam_4001,./ml_datasets/images/pcam_4001.jpg,0
pcam_4002,./ml_datasets/images/pcam_4002.jpg,0
pcam_4003,./ml_datasets/images/pcam_4003.jpg,0
pcam_4004,./ml_datasets/images/pcam_4004.jpg,0
pcam_4005,./ml_datasets/images/pcam_4005.jpg,0
pcam_4006,./ml_datasets/images/pcam_4006.jpg,0
pcam_4007,./ml_datasets/images/pcam_4007.jpg,0
pcam_4008,./ml_datasets/images/pcam_4008.jpg,0
pcam_4009,./ml_datasets/images/pcam_4009.jpg,0
pcam_4010,./ml_datasets/images/pcam_4010.jpg,0
pcam_4011,./ml_datasets/images/pcam_4011.jpg,0
pcam_4012,./ml_datasets/images/pcam_4012.jpg,0
pcam_4013,./ml_datasets/images/pcam_4013.jpg,0
pcam_4014,./ml_datasets/images/pcam_4014.jpg,0
pcam_4015,./ml_datasets/images/pcam_4015.jpg,0
pcam_4016,./ml_datasets/images/pcam_4016.jpg,0
pcam_4017,./ml_datasets/images/pcam_4017.jpg,0
pcam_4018,./ml_datasets/images/pcam_4018.jpg,0
pcam_4019,./ml_datasets/images/pcam_4019.jpg,0
pcam_4020,./ml_datasets/images/pcam_4020.jpg,0
pcam_4021,./ml_datasets/images/pcam_4021.jpg,0
pcam_4022,./ml_datasets/images/pcam_4022.jpg,0
pcam_4023,./ml_datasets/images/pcam_4023.jpg,0
pcam_4024,./ml_datasets/images/pcam_4024.jpg,0
pcam_4025,./ml_datasets/images/pcam_4025.jpg,0
pcam_4026,./ml_datasets/images/pcam_4026.jpg,0
pcam_4027,./ml_datasets/images/pcam_4027.jpg,0
pcam_4028,./ml_datasets/images/pcam_4028.jpg,0
pcam_4029,./ml_datasets/images/pcam_4029.jpg,0
pcam_4030,./ml_datasets/images/pcam_4030.jpg,0
pcam_4031,./ml_datasets/images/pcam_4031.jpg,0
pcam_4032,./ml_datasets/images/pcam_4032.jpg,0
pcam_4033,./ml_datasets/images/pcam_4033.jpg,0
pcam_4034,./ml_datasets/images/pcam_4034.jpg,0
pcam_4035,./ml_datasets/images/pcam_4035.jpg,0
pcam_4036,./ml_datasets/images/pcam_4036.jpg,0
pcam_4037,./ml_datasets/images/pcam_4037.jpg,0
pcam_4038,./ml_datasets/images/pcam_4038.jpg,0
pcam_4039,./ml_datasets/images/pcam_4039.jpg,0
pcam_4040,./ml_datasets/images/pcam_4040.jpg,0
pcam_4041,./ml_datasets/images/pcam_4041.jpg,0
pcam_4042,./ml_datasets/images/pcam_4042.jpg,0
pcam_4043,./ml_datasets/images/pcam_4043.jpg,0
pcam_4044,./ml_datasets/images/pcam_4044.jpg,0
pcam_4045,./ml_datasets/images/pcam_4045.jpg,0
pcam_4046,./ml_datasets/images/pcam_4046.jpg,0
pcam_4047,./ml_datasets/images/pcam_4047.jpg,0
pcam_4048,./ml_datasets/images/pcam_4048.jpg,0
pcam_4049,./ml_datasets/images/pcam_4049.jpg,0
pcam_4050,./ml_datasets/images/pcam_4050.jpg,0
pcam_4051,./ml_datasets/images/pcam_4051.jpg,0
pcam_4052,./ml_datasets/images/pcam_4052.jpg,0
pcam_4053,./ml_datasets/images/pcam_4053.jpg,0
pcam_4054,./ml_datasets/images/pcam_4054.jpg,0
pcam_4055,./ml_datasets/images/pcam_4055.jpg,0
pcam_4056,./ml_datasets/images/pcam_4056.jpg,0
pcam_4057,./ml_datasets/images/pcam_4057.jpg,0
pcam_4058,./ml_datasets/images/pcam_4058.jpg,0
pcam_4059,./ml_datasets/images/pcam_4059.jpg,0
pcam_4060,./ml_datasets/images/pcam_4060.jpg,0
pcam_4061,./ml_datasets/images/pcam_4061.jpg,0
pcam_4062,./ml_datasets/images/pcam_4062.jpg,0
pcam_4063,./ml_datasets/images/pcam_4063.jpg,0
pcam_4064,./ml_datasets/images/pcam_4064.jpg,0
pcam_4065,./ml_datasets/images/pcam_4065.jpg,0
pcam_4066,./ml_datasets/images/pcam_4066.jpg,0
pcam_4067,./ml_datasets/images/pcam_4067.jpg,0
pcam_4068,./ml_datasets/images/pcam_4068.jpg,0
pcam_4069,./ml_datasets/images/pcam_4069.jpg,0
pcam_4070,./ml_datasets/images/pcam_4070.jpg,0
pcam_4071,./ml_datasets/images/pcam_4071.jpg,0
pcam_4072,./ml_datasets/images/pcam_4072.jpg,0
pcam_4073,./ml_datasets/images/pcam_4073.jpg,0
pcam_4074,./ml_datasets/images/pcam_4074.jpg,0
pcam_4075,./ml_datasets/images/pcam_4075.jpg,0
pcam_4076,./ml_datasets/images/pcam_4076.jpg,0
pcam_4077,./ml_datasets/images/pcam_4077.jpg,0
pcam_4078,./ml_datasets/images/pcam_4078.jpg,0
pcam_4079,./ml_datasets/images/pcam_4079.jpg,0
pcam_4080,./ml_datasets/images/pcam_4080.jpg,0
pcam_4081,./ml_datasets/images/pcam_4081.jpg,0
pcam_4082,./ml_datasets/images/pcam_4082.jpg,0
pcam_4083,./ml_datasets/images/pcam_4083.jpg,0
pcam_4084,./ml_datasets/images/pcam_4084.jpg,0
pcam_4085,./ml_datasets/images/pcam_4085.jpg,0
pcam_4086,./ml_datasets/images/pcam_4086.jpg,0
pcam_4087,./ml_datasets/images/pcam_4087.jpg,0
pcam_4088,./ml_datasets/images/pcam_4088.jpg,0
pcam_4089,./ml_datasets/images/pcam_4089.jpg,0
pcam_4090,./ml_datasets/images/pcam_4090.jpg,0
pcam_4091,./ml_datasets/images/pcam_4091.jpg,0
pcam_4092,./ml_datasets/images/pcam_4092.jpg,0
pcam_4093,./ml_datasets/images/pcam_4093.jpg,0
pcam_4094,./ml_datasets/images/pcam_4094.jpg,0
pcam_4095,./ml_datasets/images/pcam_4095.jpg,0
pcam_4096,./ml_datasets/images/pcam_4096.jpg,0
pcam_4097,./ml_datasets/images/pcam_4097.jpg,0
pcam_4098,./ml_datasets/images/pcam_4098.jpg,0
pcam_4099,./ml_datasets/images/pcam_4099.jpg,0
pcam_4100,./ml_datasets/images/pcam_4100.jpg,0
pcam_4101,./ml_datasets/images/pcam_4101.jpg,0
pcam_4102,./ml_datasets/images/pcam_4102.jpg,0
pcam_4103,./ml_datasets/images/pcam_4103.jpg,0
pcam_4104,./ml_datasets/images/pcam_4104.jpg,0
pcam_4105,./ml_datasets/images/pcam_4105.jpg,0
pcam_4106,./ml_datasets/images/pcam_4106.jpg,0
pcam_4107,./ml_datasets/images/pcam_4107.jpg,0
pcam_4108,./ml_datasets/images/pcam_4108.jpg,0
pcam_4109,./ml_datasets/images/pcam_4109.jpg,0
pcam_4110,./ml_datasets/images/pcam_4110.jpg,0
pcam_4111,./ml_datasets/images/pcam_4111.jpg,0
pcam_4112,./ml_datasets/images/pcam_4112.jpg,0
pcam_4113,./ml_datasets/images/pcam_4113.jpg,0
pcam_4114,./ml_datasets/images/pcam_4114.jpg,0
pcam_4115,./ml_datasets/images/pcam_4115.jpg,0
pcam_4116,./ml_datasets/images/pcam_4116.jpg,0
pcam_4117,./ml_datasets/images/pcam_4117.jpg,0
pcam_4118,./ml_datasets/images/pcam_4118.jpg,0
pcam_4119,./ml_datasets/images/pcam_4119.jpg,0
pcam_4120,./ml_datasets/images/pcam_4120.jpg,0
pcam_4121,./ml_datasets/images/pcam_4121.jpg,0
pcam_4122,./ml_datasets/images/pcam_4122.jpg,0
pcam_4123,./ml_datasets/images/pcam_4123.jpg,0
pcam_4124,./ml_datasets/images/pcam_4124.jpg,0
pcam_4125,./ml_datasets/images/pcam_4125.jpg,0
pcam_4126,./ml_datasets/images/pcam_4126.jpg,0
pcam_4127,./ml_datasets/images/pcam_4127.jpg,0
pcam_4128,./ml_datasets/images/pcam_4128.jpg,0
pcam_4129,./ml_datasets/images/pcam_4129.jpg,0
pcam_4130,./ml_datasets/images/pcam_4130.jpg,0
pcam_4131,./ml_datasets/images/pcam_4131.jpg,0
pcam_4132,./ml_datasets/images/pcam_4132.jpg,0
pcam_4133,./ml_datasets/images/pcam_4133.jpg,0
pcam_4134,./ml_datasets/images/pcam_4134.jpg,0
pcam_4135,./ml_datasets/images/pcam_4135.jpg,0
pcam_4136,./ml_datasets/images/pcam_4136.jpg,0
pcam_4137,./ml_datasets/images/pcam_4137.jpg,0
pcam_4138,./ml_datasets/images/pcam_4138.jpg,0
pcam_4139,./ml_datasets/images/pcam_4139.jpg,0
pcam_4140,./ml_datasets/images/pcam_4140.jpg,0
pcam_4141,./ml_datasets/images/pcam_4141.jpg,0
pcam_4142,./ml_datasets/images/pcam_4142.jpg,0
pcam_4143,./ml_datasets/images/pcam_4143.jpg,0
pcam_4144,./ml_datasets/images/pcam_4144.jpg,0
pcam_4145,./ml_datasets/images/pcam_4145.jpg,0
pcam_4146,./ml_datasets/images/pcam_4146.jpg,0
pcam_4147,./ml_datasets/images/pcam_4147.jpg,0
pcam_4148,./ml_datasets/images/pcam_4148.jpg,0
pcam_4149,./ml_datasets/images/pcam_4149.jpg,0
pcam_4150,./ml_datasets/images/pcam_4150.jpg,0
pcam_4151,./ml_datasets/images/pcam_4151.jpg,0
pcam_4152,./ml_datasets/images/pcam_4152.jpg,0
pcam_4153,./ml_datasets/images/pcam_4153.jpg,0
pcam_4154,./ml_datasets/images/pcam_4154.jpg,0
pcam_4155,./ml_datasets/images/pcam_4155.jpg,0
pcam_4156,./ml_datasets/images/pcam_4156.jpg,0
pcam_4157,./ml_datasets/images/pcam_4157.jpg,0
pcam_4158,./ml_datasets/images/pcam_4158.jpg,0
pcam_4159,./ml_datasets/images/pcam_4159.jpg,0
pcam_4160,./ml_datasets/images/pcam_4160.jpg,0
pcam_4161,./ml_datasets/images/pcam_4161.jpg,0
pcam_4162,./ml_datasets/images/pcam_4162.jpg,0
pcam_4163,./ml_datasets/images/pcam_4163.jpg,0
pcam_4164,./ml_datasets/images/pcam_4164.jpg,0
pcam_4165,./ml_datasets/images/pcam_4165.jpg,0
pcam_4166,./ml_datasets/images/pcam_4166.jpg,0
pcam_4167,./ml_datasets/images/pcam_4167.jpg,0
pcam_4168,./ml_datasets/images/pcam_4168.jpg,0
pcam_4169,./ml_datasets/images/pcam_4169.jpg,0
pcam_4170,./ml_datasets/images/pcam_4170.jpg,0
pcam_4171,./ml_datasets/images/pcam_4171.jpg,0
pcam_4172,./ml_datasets/images/pcam_4172.jpg,0
pcam_4173,./ml_datasets/images/pcam_4173.jpg,0
pcam_4174,./ml_datasets/images/pcam_4174.jpg,0
pcam_4175,./ml_datasets/images/pcam_4175.jpg,0
pcam_4176,./ml_datasets/images/pcam_4176.jpg,0
pcam_4177,./ml_datasets/images/pcam_4177.jpg,0
pcam_4178,./ml_datasets/images/pcam_4178.jpg,0
pcam_4179,./ml_datasets/images/pcam_4179.jpg,0
pcam_4180,./ml_datasets/images/pcam_4180.jpg,0
pcam_4181,./ml_datasets/images/pcam_4181.jpg,0
pcam_4182,./ml_datasets/images/pcam_4182.jpg,0
pcam_4183,./ml_datasets/images/pcam_4183.jpg,0
pcam_4184,./ml_datasets/images/pcam_4184.jpg,0
pcam_4185,./ml_datasets/images/pcam_4185.jpg,0
pcam_4186,./ml_datasets/images/pcam_4186.jpg,0
pcam_4187,./ml_datasets/images/pcam_4187.jpg,0
pcam_4188,./ml_datasets/images/pcam_4188.jpg,0
pcam_4189,./ml_datasets/images/pcam_4189.jpg,0
pcam_4190,./ml_datasets/images/pcam_4190.jpg,0
pcam_4191,./ml_datasets/images/pcam_4191.jpg,0
pcam_4192,./ml_datasets/images/pcam_4192.jpg,0
pcam_4193,./ml_datasets/images/pcam_4193.jpg,0
pcam_4194,./ml_datasets/images/pcam_4194.jpg,0
pcam_4195,./ml_datasets/images/pcam_4195.jpg,0
pcam_4196,./ml_datasets/images/pcam_4196.jpg,0
pcam_4197,./ml_datasets/images/pcam_4197.jpg,0
pcam_4198,./ml_datasets/images/pcam_4198.jpg,0
pcam_4199,./ml_datasets/images/pcam_4199.jpg,0
pcam_4200,./ml_datasets/images/pcam_4200.jpg,0
pcam_4201,./ml_datasets/images/pcam_4201.jpg,0
pcam_4202,./ml_datasets/images/pcam_4202.jpg,0
pcam_4203,./ml_datasets/images/pcam_4203.jpg,0
pcam_4204,./ml_datasets/images/pcam_4204.jpg,0
pcam_4205,./ml_datasets/images/pcam_4205.jpg,0
pcam_4206,./ml_datasets/images/pcam_4206.jpg,0
pcam_4207,./ml_datasets/images/pcam_4207.jpg,0
pcam_4208,./ml_datasets/images/pcam_4208.jpg,0
pcam_4209,./ml_datasets/images/pcam_4209.jpg,0
pcam_4210,./ml_datasets/images/pcam_4210.jpg,0
pcam_4211,./ml_datasets/images/pcam_4211.jpg,0
pcam_4212,./ml_datasets/images/pcam_4212.jpg,0
pcam_4213,./ml_datasets/images/pcam_4213.jpg,0
pcam_4214,./ml_datasets/images/pcam_4214.jpg,0
pcam_4215,./ml_datasets/images/pcam_4215.jpg,0
pcam_4216,./ml_datasets/images/pcam_4216.jpg,0
pcam_4217,./ml_datasets/images/pcam_4217.jpg,0
pcam_4218,./ml_datasets/images/pcam_4218.jpg,0
pcam_4219,./ml_datasets/images/pcam_4219.jpg,0
pcam_4220,./ml_datasets/images/pcam_4220.jpg,0
pcam_4221,./ml_datasets/images/pcam_4221.jpg,0
pcam_4222,./ml_datasets/images/pcam_4222.jpg,0
pcam_4223,./ml_datasets/images/pcam_4223.jpg,0
pcam_4224,./ml_datasets/images/pcam_4224.jpg,0
pcam_4225,./ml_datasets/images/pcam_4225.jpg,0
pcam_4226,./ml_datasets/images/pcam_4226.jpg,0
pcam_4227,./ml_datasets/images/pcam_4227.jpg,0
pcam_4228,./ml_datasets/images/pcam_4228.jpg,0
pcam_4229,./ml_datasets/images/pcam_4229.jpg,0
pcam_4230,./ml_datasets/images/pcam_4230.jpg,0
pcam_4231,./ml_datasets/images/pcam_4231.jpg,0
pcam_4232,./ml_datasets/images/pcam_4232.jpg,0
pcam_4233,./ml_datasets/images/pcam_4233.jpg,0
pcam_4234,./ml_datasets/images/pcam_4234.jpg,0
pcam_4235,./ml_datasets/images/pcam_4235.jpg,0
pcam_4236,./ml_datasets/images/pcam_4236.jpg,0
pcam_4237,./ml_datasets/images/pcam_4237.jpg,0
pcam_4238,./ml_datasets/images/pcam_4238.jpg,0
pcam_4239,./ml_datasets/images/pcam_4239.jpg,0
pcam_4240,./ml_datasets/images/pcam_4240.jpg,0
pcam_4241,./ml_datasets/images/pcam_4241.jpg,0
pcam_4242,./ml_datasets/images/pcam_4242.jpg,0
pcam_4243,./ml_datasets/images/pcam_4243.jpg,0
pcam_4244,./ml_datasets/images/pcam_4244.jpg,0
pcam_4245,./ml_datasets/images/pcam_4245.jpg,0
pcam_4246,./ml_datasets/images/pcam_4246.jpg,0
pcam_4247,./ml_datasets/images/pcam_4247.jpg,0
pcam_4248,./ml_datasets/images/pcam_4248.jpg,0
pcam_4249,./ml_datasets/images/pcam_4249.jpg,0
pcam_4250,./ml_datasets/images/pcam_4250.jpg,0
pcam_4251,./ml_datasets/images/pcam_4251.jpg,0
pcam_4252,./ml_datasets/images/pcam_4252.jpg,0
pcam_4253,./ml_datasets/images/pcam_4253.jpg,0
pcam_4254,./ml_datasets/images/pcam_4254.jpg,0
pcam_4255,./ml_datasets/images/pcam_4255.jpg,0
pcam_4256,./ml_datasets/images/pcam_4256.jpg,0
pcam_4257,./ml_datasets/images/pcam_4257.jpg,0
pcam_4258,./ml_datasets/images/pcam_4258.jpg,0
pcam_4259,./ml_datasets/images/pcam_4259.jpg,0
pcam_4260,./ml_datasets/images/pcam_4260.jpg,0
pcam_4261,./ml_datasets/images/pcam_4261.jpg,0
pcam_4262,./ml_datasets/images/pcam_4262.jpg,0
pcam_4263,./ml_datasets/images/pcam_4263.jpg,0
pcam_4264,./ml_datasets/images/pcam_4264.jpg,0
pcam_4265,./ml_datasets/images/pcam_4265.jpg,0
pcam_4266,./ml_datasets/images/pcam_4266.jpg,0
pcam_4267,./ml_datasets/images/pcam_4267.jpg,0
pcam_4268,./ml_datasets/images/pcam_4268.jpg,0
pcam_4269,./ml_datasets/images/pcam_4269.jpg,0
pcam_4270,./ml_datasets/images/pcam_4270.jpg,0
pcam_4271,./ml_datasets/images/pcam_4271.jpg,0
pcam_4272,./ml_datasets/images/pcam_4272.jpg,0
pcam_4273,./ml_datasets/images/pcam_4273.jpg,0
pcam_4274,./ml_datasets/images/pcam_4274.jpg,0
pcam_4275,./ml_datasets/images/pcam_4275.jpg,0
pcam_4276,./ml_datasets/images/pcam_4276.jpg,0
pcam_4277,./ml_datasets/images/pcam_4277.jpg,0
pcam_4278,./ml_datasets/images/pcam_4278.jpg,0
pcam_4279,./ml_datasets/images/pcam_4279.jpg,0
pcam_4280,./ml_datasets/images/pcam_4280.jpg,0
pcam_4281,./ml_datasets/images/pcam_4281.jpg,0
pcam_4282,./ml_datasets/images/pcam_4282.jpg,0
pcam_4283,./ml_datasets/images/pcam_4283.jpg,0
pcam_4284,./ml_datasets/images/pcam_4284.jpg,0
pcam_4285,./ml_datasets/images/pcam_4285.jpg,0
pcam_4286,./ml_datasets/images/pcam_4286.jpg,0
pcam_4287,./ml_datasets/images/pcam_4287.jpg,0
pcam_4288,./ml_datasets/images/pcam_4288.jpg,0
pcam_4289,./ml_datasets/images/pcam_4289.jpg,0
pcam_4290,./ml_datasets/images/pcam_4290.jpg,0
pcam_4291,./ml_datasets/images/pcam_4291.jpg,0
pcam_4292,./ml_datasets/images/pcam_4292.jpg,0
pcam_4293,./ml_datasets/images/pcam_4293.jpg,0
pcam_4294,./ml_datasets/images/pcam_4294.jpg,0
pcam_4295,./ml_datasets/images/pcam_4295.jpg,0
pcam_4296,./ml_datasets/images/pcam_4296.jpg,0
pcam_4297,./ml_datasets/images/pcam_4297.jpg,0
pcam_4298,./ml_datasets/images/pcam_4298.jpg,0
pcam_4299,./ml_datasets/images/pcam_4299.jpg,0
pcam_4300,./ml_datasets/images/pcam_4300.jpg,0
pcam_4301,./ml_datasets/images/pcam_4301.jpg,0
pcam_4302,./ml_datasets/images/pcam_4302.jpg,0
pcam_4303,./ml_datasets/images/pcam_4303.jpg,0
pcam_4304,./ml_datasets/images/pcam_4304.jpg,0
pcam_4305,./ml_datasets/images/pcam_4305.jpg,0
pcam_4306,./ml_datasets/images/pcam_4306.jpg,0
pcam_4307,./ml_datasets/images/pcam_4307.jpg,0
pcam_4308,./ml_datasets/images/pcam_4308.jpg,0
pcam_4309,./ml_datasets/images/pcam_4309.jpg,0
pcam_4310,./ml_datasets/images/pcam_4310.jpg,0
pcam_4311,./ml_datasets/images/pcam_4311.jpg,0
pcam_4312,./ml_datasets/images/pcam_4312.jpg,0
pcam_4313,./ml_datasets/images/pcam_4313.jpg,0
pcam_4314,./ml_datasets/images/pcam_4314.jpg,0
pcam_4315,./ml_datasets/images/pcam_4315.jpg,0
pcam_4316,./ml_datasets/images/pcam_4316.jpg,0
pcam_4317,./ml_datasets/images/pcam_4317.jpg,0
pcam_4318,./ml_datasets/images/pcam_4318.jpg,0
pcam_4319,./ml_datasets/images/pcam_4319.jpg,0
pcam_4320,./ml_datasets/images/pcam_4320.jpg,0
pcam_4321,./ml_datasets/images/pcam_4321.jpg,0
pcam_4322,./ml_datasets/images/pcam_4322.jpg,0
pcam_4323,./ml_datasets/images/pcam_4323.jpg,0
pcam_4324,./ml_datasets/images/pcam_4324.jpg,0
pcam_4325,./ml_datasets/images/pcam_4325.jpg,0
pcam_4326,./ml_datasets/images/pcam_4326.jpg,0
pcam_4327,./ml_datasets/images/pcam_4327.jpg,0
pcam_4328,./ml_datasets/images/pcam_4328.jpg,0
pcam_4329,./ml_datasets/images/pcam_4329.jpg,0
pcam_4330,./ml_datasets/images/pcam_4330.jpg,0
pcam_4331,./ml_datasets/images/pcam_4331.jpg,0
pcam_4332,./ml_datasets/images/pcam_4332.jpg,0
pcam_4333,./ml_datasets/images/pcam_4333.jpg,0
pcam_4334,./ml_datasets/images/pcam_4334.jpg,0
pcam_4335,./ml_datasets/images/pcam_4335.jpg,0
pcam_4336,./ml_datasets/images/pcam_4336.jpg,0
pcam_4337,./ml_datasets/images/pcam_4337.jpg,0
pcam_4338,./ml_datasets/images/pcam_4338.jpg,0
pcam_4339,./ml_datasets/images/pcam_4339.jpg,0
pcam_4340,./ml_datasets/images/pcam_4340.jpg,0
pcam_4341,./ml_datasets/images/pcam_4341.jpg,0
pcam_4342,./ml_datasets/images/pcam_4342.jpg,0
pcam_4343,./ml_datasets/images/pcam_4343.jpg,0
pcam_4344,./ml_datasets/images/pcam_4344.jpg,0
pcam_4345,./ml_datasets/images/pcam_4345.jpg,0
pcam_4346,./ml_datasets/images/pcam_4346.jpg,0
pcam_4347,./ml_datasets/images/pcam_4347.jpg,0
pcam_4348,./ml_datasets/images/pcam_4348.jpg,0
pcam_4349,./ml_datasets/images/pcam_4349.jpg,0
pcam_4350,./ml_datasets/images/pcam_4350.jpg,0
pcam_4351,./ml_datasets/images/pcam_4351.jpg,0
pcam_4352,./ml_datasets/images/pcam_4352.jpg,0
pcam_4353,./ml_datasets/images/pcam_4353.jpg,0
pcam_4354,./ml_datasets/images/pcam_4354.jpg,0
pcam_4355,./ml_datasets/images/pcam_4355.jpg,0
pcam_4356,./ml_datasets/images/pcam_4356.jpg,0
pcam_4357,./ml_datasets/images/pcam_4357.jpg,0
pcam_4358,./ml_datasets/images/pcam_4358.jpg,0
pcam_4359,./ml_datasets/images/pcam_4359.jpg,0
pcam_4360,./ml_datasets/images/pcam_4360.jpg,0
pcam_4361,./ml_datasets/images/pcam_4361.jpg,0
pcam_4362,./ml_datasets/images/pcam_4362.jpg,0
pcam_4363,./ml_datasets/images/pcam_4363.jpg,0
pcam_4364,./ml_datasets/images/pcam_4364.jpg,0
pcam_4365,./ml_datasets/images/pcam_4365.jpg,0
pcam_4366,./ml_datasets/images/pcam_4366.jpg,0
pcam_4367,./ml_datasets/images/pcam_4367.jpg,0
pcam_4368,./ml_datasets/images/pcam_4368.jpg,0
pcam_4369,./ml_datasets/images/pcam_4369.jpg,0
pcam_4370,./ml_datasets/images/pcam_4370.jpg,0
pcam_4371,./ml_datasets/images/pcam_4371.jpg,0
pcam_4372,./ml_datasets/images/pcam_4372.jpg,0
pcam_4373,./ml_datasets/images/pcam_4373.jpg,0
pcam_4374,./ml_datasets/images/pcam_4374.jpg,0
pcam_4375,./ml_datasets/images/pcam_4375.jpg,0
pcam_4376,./ml_datasets/images/pcam_4376.jpg,0
pcam_4377,./ml_datasets/images/pcam_4377.jpg,0
pcam_4378,./ml_datasets/images/pcam_4378.jpg,0
pcam_4379,./ml_datasets/images/pcam_4379.jpg,0
pcam_4380,./ml_datasets/images/pcam_4380.jpg,0
pcam_4381,./ml_datasets/images/pcam_4381.jpg,0
pcam_4382,./ml_datasets/images/pcam_4382.jpg,0
pcam_4383,./ml_datasets/images/pcam_4383.jpg,0
pcam_4384,./ml_datasets/images/pcam_4384.jpg,0
pcam_4385,./ml_datasets/images/pcam_4385.jpg,0
pcam_4386,./ml_datasets/images/pcam_4386.jpg,0
pcam_4387,./ml_datasets/images/pcam_4387.jpg,0
pcam_4388,./ml_datasets/images/pcam_4388.jpg,0
pcam_4389,./ml_datasets/images/pcam_4389.jpg,0
pcam_4390,./ml_datasets/images/pcam_4390.jpg,0
pcam_4391,./ml_datasets/images/pcam_4391.jpg,0
pcam_4392,./ml_datasets/images/pcam_4392.jpg,0
pcam_4393,./ml_datasets/images/pcam_4393.jpg,0
pcam_4394,./ml_datasets/images/pcam_4394.jpg,0
pcam_4395,./ml_datasets/images/pcam_4395.jpg,0
pcam_4396,./ml_datasets/images/pcam_4396.jpg,0
pcam_4397,./ml_datasets/images/pcam_4397.jpg,0
pcam_4398,./ml_datasets/images/pcam_4398.jpg,0
pcam_4399,./ml_datasets/images/pcam_4399.jpg,0
pcam_4400,./ml_datasets/images/pcam_4400.jpg,0
pcam_4401,./ml_datasets/images/pcam_4401.jpg,0
pcam_4402,./ml_datasets/images/pcam_4402.jpg,0
pcam_4403,./ml_datasets/images/pcam_4403.jpg,0
pcam_4404,./ml_datasets/images/pcam_4404.jpg,0
pcam_4405,./ml_datasets/images/pcam_4405.jpg,0
pcam_4406,./ml_datasets/images/pcam_4406.jpg,0
pcam_4407,./ml_datasets/images/pcam_4407.jpg,0
pcam_4408,./ml_datasets/images/pcam_4408.jpg,0
pcam_4409,./ml_datasets/images/pcam_4409.jpg,0
pcam_4410,./ml_datasets/images/pcam_4410.jpg,0
pcam_4411,./ml_datasets/images/pcam_4411.jpg,0
pcam_4412,./ml_datasets/images/pcam_4412.jpg,0
pcam_4413,./ml_datasets/images/pcam_4413.jpg,0
pcam_4414,./ml_datasets/images/pcam_4414.jpg,0
pcam_4415,./ml_datasets/images/pcam_4415.jpg,0
pcam_4416,./ml_datasets/images/pcam_4416.jpg,0
pcam_4417,./ml_datasets/images/pcam_4417.jpg,0
pcam_4418,./ml_datasets/images/pcam_4418.jpg,0
pcam_4419,./ml_datasets/images/pcam_4419.jpg,0
pcam_4420,./ml_datasets/images/pcam_4420.jpg,0
pcam_4421,./ml_datasets/images/pcam_4421.jpg,0
pcam_4422,./ml_datasets/images/pcam_4422.jpg,0
pcam_4423,./ml_datasets/images/pcam_4423.jpg,0
pcam_4424,./ml_datasets/images/pcam_4424.jpg,0
pcam_4425,./ml_datasets/images/pcam_4425.jpg,0
pcam_4426,./ml_datasets/images/pcam_4426.jpg,0
pcam_4427,./ml_datasets/images/pcam_4427.jpg,0
pcam_4428,./ml_datasets/images/pcam_4428.jpg,0
pcam_4429,./ml_datasets/images/pcam_4429.jpg,0
pcam_4430,./ml_datasets/images/pcam_4430.jpg,0
pcam_4431,./ml_datasets/images/pcam_4431.jpg,0
pcam_4432,./ml_datasets/images/pcam_4432.jpg,0
pcam_4433,./ml_datasets/images/pcam_4433.jpg,0
pcam_4434,./ml_datasets/images/pcam_4434.jpg,0
pcam_4435,./ml_datasets/images/pcam_4435.jpg,0
pcam_4436,./ml_datasets/images/pcam_4436.jpg,0
pcam_4437,./ml_datasets/images/pcam_4437.jpg,0
pcam_4438,./ml_datasets/images/pcam_4438.jpg,0
pcam_4439,./ml_datasets/images/pcam_4439.jpg,0
pcam_4440,./ml_datasets/images/pcam_4440.jpg,0
pcam_4441,./ml_datasets/images/pcam_4441.jpg,0
pcam_4442,./ml_datasets/images/pcam_4442.jpg,0
pcam_4443,./ml_datasets/images/pcam_4443.jpg,0
pcam_4444,./ml_datasets/images/pcam_4444.jpg,0
pcam_4445,./ml_datasets/images/pcam_4445.jpg,0
pcam_4446,./ml_datasets/images/pcam_4446.jpg,0
pcam_4447,./ml_datasets/images/pcam_4447.jpg,0
pcam_4448,./ml_datasets/images/pcam_4448.jpg,0
pcam_4449,./ml_datasets/images/pcam_4449.jpg,0
pcam_4450,./ml_datasets/images/pcam_4450.jpg,0
pcam_4451,./ml_datasets/images/pcam_4451.jpg,0
pcam_4452,./ml_datasets/images/pcam_4452.jpg,0
pcam_4453,./ml_datasets/images/pcam_4453.jpg,0
pcam_4454,./ml_datasets/images/pcam_4454.jpg,0
pcam_4455,./ml_datasets/images/pcam_4455.jpg,0
pcam_4456,./ml_datasets/images/pcam_4456.jpg,0
pcam_4457,./ml_datasets/images/pcam_4457.jpg,0
pcam_4458,./ml_datasets/images/pcam_4458.jpg,0
pcam_4459,./ml_datasets/images/pcam_4459.jpg,0
pcam_4460,./ml_datasets/images/pcam_4460.jpg,0
pcam_4461,./ml_datasets/images/pcam_4461.jpg,0
pcam_4462,./ml_datasets/images/pcam_4462.jpg,0
pcam_4463,./ml_datasets/images/pcam_4463.jpg,0
pcam_4464,./ml_datasets/images/pcam_4464.jpg,0
pcam_4465,./ml_datasets/images/pcam_4465.jpg,0
pcam_4466,./ml_datasets/images/pcam_4466.jpg,0
pcam_4467,./ml_datasets/images/pcam_4467.jpg,0
pcam_4468,./ml_datasets/images/pcam_4468.jpg,0
pcam_4469,./ml_datasets/images/pcam_4469.jpg,0
pcam_4470,./ml_datasets/images/pcam_4470.jpg,0
pcam_4471,./ml_datasets/images/pcam_4471.jpg,0
pcam_4472,./ml_datasets/images/pcam_4472.jpg,0
pcam_4473,./ml_datasets/images/pcam_4473.jpg,0
pcam_4474,./ml_datasets/images/pcam_4474.jpg,0
pcam_4475,./ml_datasets/images/pcam_4475.jpg,0
pcam_4476,./ml_datasets/images/pcam_4476.jpg,0
pcam_4477,./ml_datasets/images/pcam_4477.jpg,0
pcam_4478,./ml_datasets/images/pcam_4478.jpg,0
pcam_4479,./ml_datasets/images/pcam_4479.jpg,0
pcam_4480,./ml_datasets/images/pcam_4480.jpg,0
pcam_4481,./ml_datasets/images/pcam_4481.jpg,0
pcam_4482,./ml_datasets/images/pcam_4482.jpg,0
pcam_4483,./ml_datasets/images/pcam_4483.jpg,0
pcam_4484,./ml_datasets/images/pcam_4484.jpg,0
pcam_4485,./ml_datasets/images/pcam_4485.jpg,0
pcam_4486,./ml_datasets/images/pcam_4486.jpg,0
pcam_4487,./ml_datasets/images/pcam_4487.jpg,0
pcam_4488,./ml_datasets/images/pcam_4488.jpg,0
pcam_4489,./ml_datasets/images/pcam_4489.jpg,0
pcam_4490,./ml_datasets/images/pcam_4490.jpg,0
pcam_4491,./ml_datasets/images/pcam_4491.jpg,0
pcam_4492,./ml_datasets/images/pcam_4492.jpg,0
pcam_4493,./ml_datasets/images/pcam_4493.jpg,0
pcam_4494,./ml_datasets/images/pcam_4494.jpg,0
pcam_4495,./ml_datasets/images/pcam_4495.jpg,0
pcam_4496,./ml_datasets/images/pcam_4496.jpg,0
pcam_4497,./ml_datasets/images/pcam_4497.jpg,0
pcam_4498,./ml_datasets/images/pcam_4498.jpg,0
pcam_4499,./ml_datasets/images/pcam_4499.jpg,0
pcam_4500,./ml_datasets/images/pcam_4500.jpg,0
pcam_4501,./ml_datasets/images/pcam_4501.jpg,0
pcam_4502,./ml_datasets/images/pcam_4502.jpg,0
pcam_4503,./ml_datasets/images/pcam_4503.jpg,0
pcam_4504,./ml_datasets/images/pcam_4504.jpg,0
pcam_4505,./ml_datasets/images/pcam_4505.jpg,0
pcam_4506,./ml_datasets/images/pcam_4506.jpg,0
pcam_4507,./ml_datasets/images/pcam_4507.jpg,0
pcam_4508,./ml_datasets/images/pcam_4508.jpg,0
pcam_4509,./ml_datasets/images/pcam_4509.jpg,0
pcam_4510,./ml_datasets/images/pcam_4510.jpg,0
pcam_4511,./ml_datasets/images/pcam_4511.jpg,0
pcam_4512,./ml_datasets/images/pcam_4512.jpg,0
pcam_4513,./ml_datasets/images/pcam_4513.jpg,0
pcam_4514,./ml_datasets/images/pcam_4514.jpg,0
pcam_4515,./ml_datasets/images/pcam_4515.jpg,0
pcam_4516,./ml_datasets/images/pcam_4516.jpg,0
pcam_4517,./ml_datasets/images/pcam_4517.jpg,0
pcam_4518,./ml_datasets/images/pcam_4518.jpg,0
pcam_4519,./ml_datasets/images/pcam_4519.jpg,0
pcam_4520,./ml_datasets/images/pcam_4520.jpg,0
pcam_4521,./ml_datasets/images/pcam_4521.jpg,0
pcam_4522,./ml_datasets/images/pcam_4522.jpg,0
pcam_4523,./ml_datasets/images/pcam_4523.jpg,0
pcam_4524,./ml_datasets/images/pcam_4524.jpg,0
pcam_4525,./ml_datasets/images/pcam_4525.jpg,0
pcam_4526,./ml_datasets/images/pcam_4526.jpg,0
pcam_4527,./ml_datasets/images/pcam_4527.jpg,0
pcam_4528,./ml_datasets/images/pcam_4528.jpg,0
pcam_4529,./ml_datasets/images/pcam_4529.jpg,0
pcam_4530,./ml_datasets/images/pcam_4530.jpg,0
pcam_4531,./ml_datasets/images/pcam_4531.jpg,0
pcam_4532,./ml_datasets/images/pcam_4532.jpg,0
pcam_4533,./ml_datasets/images/pcam_4533.jpg,0
pcam_4534,./ml_datasets/images/pcam_4534.jpg,0
pcam_4535,./ml_datasets/images/pcam_4535.jpg,0
pcam_4536,./ml_datasets/images/pcam_4536.jpg,0
pcam_4537,./ml_datasets/images/pcam_4537.jpg,0
pcam_4538,./ml_datasets/images/pcam_4538.jpg,0
pcam_4539,./ml_datasets/images/pcam_4539.jpg,0
pcam_4540,./ml_datasets/images/pcam_4540.jpg,0
pcam_4541,./ml_datasets/images/pcam_4541.jpg,0
pcam_4542,./ml_datasets/images/pcam_4542.jpg,0
pcam_4543,./ml_datasets/images/pcam_4543.jpg,0
pcam_4544,./ml_datasets/images/pcam_4544.jpg,0
pcam_4545,./ml_datasets/images/pcam_4545.jpg,0
pcam_4546,./ml_datasets/images/pcam_4546.jpg,0
pcam_4547,./ml_datasets/images/pcam_4547.jpg,0
pcam_4548,./ml_datasets/images/pcam_4548.jpg,0
pcam_4549,./ml_datasets/images/pcam_4549.jpg,0
pcam_4550,./ml_datasets/images/pcam_4550.jpg,0
pcam_4551,./ml_datasets/images/pcam_4551.jpg,0
pcam_4552,./ml_datasets/images/pcam_4552.jpg,0
pcam_4553,./ml_datasets/images/pcam_4553.jpg,0
pcam_4554,./ml_datasets/images/pcam_4554.jpg,0
pcam_4555,./ml_datasets/images/pcam_4555.jpg,0
pcam_4556,./ml_datasets/images/pcam_4556.jpg,0
pcam_4557,./ml_datasets/images/pcam_4557.jpg,0
pcam_4558,./ml_datasets/images/pcam_4558.jpg,0
pcam_4559,./ml_datasets/images/pcam_4559.jpg,0
pcam_4560,./ml_datasets/images/pcam_4560.jpg,0
pcam_4561,./ml_datasets/images/pcam_4561.jpg,0
pcam_4562,./ml_datasets/images/pcam_4562.jpg,0
pcam_4563,./ml_datasets/images/pcam_4563.jpg,0
pcam_4564,./ml_datasets/images/pcam_4564.jpg,0
pcam_4565,./ml_datasets/images/pcam_4565.jpg,0
pcam_4566,./ml_datasets/images/pcam_4566.jpg,0
pcam_4567,./ml_datasets/images/pcam_4567.jpg,0
pcam_4568,./ml_datasets/images/pcam_4568.jpg,0
pcam_4569,./ml_datasets/images/pcam_4569.jpg,0
pcam_4570,./ml_datasets/images/pcam_4570.jpg,0
pcam_4571,./ml_datasets/images/pcam_4571.jpg,0
pcam_4572,./ml_datasets/images/pcam_4572.jpg,0
pcam_4573,./ml_datasets/images/pcam_4573.jpg,0
pcam_4574,./ml_datasets/images/pcam_4574.jpg,0
pcam_4575,./ml_datasets/images/pcam_4575.jpg,0
pcam_4576,./ml_datasets/images/pcam_4576.jpg,0
pcam_4577,./ml_datasets/images/pcam_4577.jpg,0
pcam_4578,./ml_datasets/images/pcam_4578.jpg,0
pcam_4579,./ml_datasets/images/pcam_4579.jpg,0
pcam_4580,./ml_datasets/images/pcam_4580.jpg,0
pcam_4581,./ml_datasets/images/pcam_4581.jpg,0
pcam_4582,./ml_datasets/images/pcam_4582.jpg,0
pcam_4583,./ml_datasets/images/pcam_4583.jpg,0
pcam_4584,./ml_datasets/images/pcam_4584.jpg,0
pcam_4585,./ml_datasets/images/pcam_4585.jpg,0
pcam_4586,./ml_datasets/images/pcam_4586.jpg,0
pcam_4587,./ml_datasets/images/pcam_4587.jpg,0
pcam_4588,./ml_datasets/images/pcam_4588.jpg,0
pcam_4589,./ml_datasets/images/pcam_4589.jpg,0
pcam_4590,./ml_datasets/images/pcam_4590.jpg,0
pcam_4591,./ml_datasets/images/pcam_4591.jpg,0
pcam_4592,./ml_datasets/images/pcam_4592.jpg,0
pcam_4593,./ml_datasets/images/pcam_4593.jpg,0
pcam_4594,./ml_datasets/images/pcam_4594.jpg,0
pcam_4595,./ml_datasets/images/pcam_4595.jpg,0
pcam_4596,./ml_datasets/images/pcam_4596.jpg,0
pcam_4597,./ml_datasets/images/pcam_4597.jpg,0
pcam_4598,./ml_datasets/images/pcam_4598.jpg,0
pcam_4599,./ml_datasets/images/pcam_4599.jpg,0
pcam_4600,./ml_datasets/images/pcam_4600.jpg,0
pcam_4601,./ml_datasets/images/pcam_4601.jpg,0
pcam_4602,./ml_datasets/images/pcam_4602.jpg,0
pcam_4603,./ml_datasets/images/pcam_4603.jpg,0
pcam_4604,./ml_datasets/images/pcam_4604.jpg,0
pcam_4605,./ml_datasets/images/pcam_4605.jpg,0
pcam_4606,./ml_datasets/images/pcam_4606.jpg,0
pcam_4607,./ml_datasets/images/pcam_4607.jpg,0
pcam_4608,./ml_datasets/images/pcam_4608.jpg,0
pcam_4609,./ml_datasets/images/pcam_4609.jpg,0
pcam_4610,./ml_datasets/images/pcam_4610.jpg,0
pcam_4611,./ml_datasets/images/pcam_4611.jpg,0
pcam_4612,./ml_datasets/images/pcam_4612.jpg,0
pcam_4613,./ml_datasets/images/pcam_4613.jpg,0
pcam_4614,./ml_datasets/images/pcam_4614.jpg,0
pcam_4615,./ml_datasets/images/pcam_4615.jpg,0
pcam_4616,./ml_datasets/images/pcam_4616.jpg,0
pcam_4617,./ml_datasets/images/pcam_4617.jpg,0
pcam_4618,./ml_datasets/images/pcam_4618.jpg,0
pcam_4619,./ml_datasets/images/pcam_4619.jpg,0
pcam_4620,./ml_datasets/images/pcam_4620.jpg,0
pcam_4621,./ml_datasets/images/pcam_4621.jpg,0
pcam_4622,./ml_datasets/images/pcam_4622.jpg,0
pcam_4623,./ml_datasets/images/pcam_4623.jpg,0
pcam_4624,./ml_datasets/images/pcam_4624.jpg,0
pcam_4625,./ml_datasets/images/pcam_4625.jpg,0
pcam_4626,./ml_datasets/images/pcam_4626.jpg,0
pcam_4627,./ml_datasets/images/pcam_4627.jpg,0
pcam_4628,./ml_datasets/images/pcam_4628.jpg,0
pcam_4629,./ml_datasets/images/pcam_4629.jpg,0
pcam_4630,./ml_datasets/images/pcam_4630.jpg,0
pcam_4631,./ml_datasets/images/pcam_4631.jpg,0
pcam_4632,./ml_datasets/images/pcam_4632.jpg,0
pcam_4633,./ml_datasets/images/pcam_4633.jpg,0
pcam_4634,./ml_datasets/images/pcam_4634.jpg,0
pcam_4635,./ml_datasets/images/pcam_4635.jpg,0
pcam_4636,./ml_datasets/images/pcam_4636.jpg,0
pcam_4637,./ml_datasets/images/pcam_4637.jpg,0
pcam_4638,./ml_datasets/images/pcam_4638.jpg,0
pcam_4639,./ml_datasets/images/pcam_4639.jpg,0
pcam_4640,./ml_datasets/images/pcam_4640.jpg,0
pcam_4641,./ml_datasets/images/pcam_4641.jpg,0
pcam_4642,./ml_datasets/images/pcam_4642.jpg,0
pcam_4643,./ml_datasets/images/pcam_4643.jpg,0
pcam_4644,./ml_datasets/images/pcam_4644.jpg,0
pcam_4645,./ml_datasets/images/pcam_4645.jpg,0
pcam_4646,./ml_datasets/images/pcam_4646.jpg,0
pcam_4647,./ml_datasets/images/pcam_4647.jpg,0
pcam_4648,./ml_datasets/images/pcam_4648.jpg,0
pcam_4649,./ml_datasets/images/pcam_4649.jpg,0
pcam_4650,./ml_datasets/images/pcam_4650.jpg,0
pcam_4651,./ml_datasets/images/pcam_4651.jpg,0
pcam_4652,./ml_datasets/images/pcam_4652.jpg,0
pcam_4653,./ml_datasets/images/pcam_4653.jpg,0
pcam_4654,./ml_datasets/images/pcam_4654.jpg,0
pcam_4655,./ml_datasets/images/pcam_4655.jpg,0
pcam_4656,./ml_datasets/images/pcam_4656.jpg,0
pcam_4657,./ml_datasets/images/pcam_4657.jpg,0
pcam_4658,./ml_datasets/images/pcam_4658.jpg,0
pcam_4659,./ml_datasets/images/pcam_4659.jpg,0
pcam_4660,./ml_datasets/images/pcam_4660.jpg,0
pcam_4661,./ml_datasets/images/pcam_4661.jpg,0
pcam_4662,./ml_datasets/images/pcam_4662.jpg,0
pcam_4663,./ml_datasets/images/pcam_4663.jpg,0
pcam_4664,./ml_datasets/images/pcam_4664.jpg,0
pcam_4665,./ml_datasets/images/pcam_4665.jpg,0
pcam_4666,./ml_datasets/images/pcam_4666.jpg,0
pcam_4667,./ml_datasets/images/pcam_4667.jpg,0
pcam_4668,./ml_datasets/images/pcam_4668.jpg,0
pcam_4669,./ml_datasets/images/pcam_4669.jpg,0
pcam_4670,./ml_datasets/images/pcam_4670.jpg,0
pcam_4671,./ml_datasets/images/pcam_4671.jpg,0
pcam_4672,./ml_datasets/images/pcam_4672.jpg,0
pcam_4673,./ml_datasets/images/pcam_4673.jpg,0
pcam_4674,./ml_datasets/images/pcam_4674.jpg,0
pcam_4675,./ml_datasets/images/pcam_4675.jpg,0
pcam_4676,./ml_datasets/images/pcam_4676.jpg,0
pcam_4677,./ml_datasets/images/pcam_4677.jpg,0
pcam_4678,./ml_datasets/images/pcam_4678.jpg,0
pcam_4679,./ml_datasets/images/pcam_4679.jpg,0
pcam_4680,./ml_datasets/images/pcam_4680.jpg,0
pcam_4681,./ml_datasets/images/pcam_4681.jpg,0
pcam_4682,./ml_datasets/images/pcam_4682.jpg,0
pcam_4683,./ml_datasets/images/pcam_4683.jpg,0
pcam_4684,./ml_datasets/images/pcam_4684.jpg,0
pcam_4685,./ml_datasets/images/pcam_4685.jpg,0
pcam_4686,./ml_datasets/images/pcam_4686.jpg,0
pcam_4687,./ml_datasets/images/pcam_4687.jpg,0
pcam_4688,./ml_datasets/images/pcam_4688.jpg,0
pcam_4689,./ml_datasets/images/pcam_4689.jpg,0
pcam_4690,./ml_datasets/images/pcam_4690.jpg,0
pcam_4691,./ml_datasets/images/pcam_4691.jpg,0
pcam_4692,./ml_datasets/images/pcam_4692.jpg,0
pcam_4693,./ml_datasets/images/pcam_4693.jpg,0
pcam_4694,./ml_datasets/images/pcam_4694.jpg,0
pcam_4695,./ml_datasets/images/pcam_4695.jpg,0
pcam_4696,./ml_datasets/images/pcam_4696.jpg,0
pcam_4697,./ml_datasets/images/pcam_4697.jpg,0
pcam_4698,./ml_datasets/images/pcam_4698.jpg,0
pcam_4699,./ml_datasets/images/pcam_4699.jpg,0
pcam_4700,./ml_datasets/images/pcam_4700.jpg,0
pcam_4701,./ml_datasets/images/pcam_4701.jpg,0
pcam_4702,./ml_datasets/images/pcam_4702.jpg,0
pcam_4703,./ml_datasets/images/pcam_4703.jpg,0
pcam_4704,./ml_datasets/images/pcam_4704.jpg,0
pcam_4705,./ml_datasets/images/pcam_4705.jpg,0
pcam_4706,./ml_datasets/images/pcam_4706.jpg,0
pcam_4707,./ml_datasets/images/pcam_4707.jpg,0
pcam_4708,./ml_datasets/images/pcam_4708.jpg,0
pcam_4709,./ml_datasets/images/pcam_4709.jpg,0
pcam_4710,./ml_datasets/images/pcam_4710.jpg,0
pcam_4711,./ml_datasets/images/pcam_4711.jpg,0
pcam_4712,./ml_datasets/images/pcam_4712.jpg,0
pcam_4713,./ml_datasets/images/pcam_4713.jpg,0
pcam_4714,./ml_datasets/images/pcam_4714.jpg,0
pcam_4715,./ml_datasets/images/pcam_4715.jpg,0
pcam_4716,./ml_datasets/images/pcam_4716.jpg,0
pcam_4717,./ml_datasets/images/pcam_4717.jpg,0
pcam_4718,./ml_datasets/images/pcam_4718.jpg,0
pcam_4719,./ml_datasets/images/pcam_4719.jpg,0
pcam_4720,./ml_datasets/images/pcam_4720.jpg,0
pcam_4721,./ml_datasets/images/pcam_4721.jpg,0
pcam_4722,./ml_datasets/images/pcam_4722.jpg,0
pcam_4723,./ml_datasets/images/pcam_4723.jpg,0
pcam_4724,./ml_datasets/images/pcam_4724.jpg,0
pcam_4725,./ml_datasets/images/pcam_4725.jpg,0
pcam_4726,./ml_datasets/images/pcam_4726.jpg,0
pcam_4727,./ml_datasets/images/pcam_4727.jpg,0
pcam_4728,./ml_datasets/images/pcam_4728.jpg,0
pcam_4729,./ml_datasets/images/pcam_4729.jpg,0
pcam_4730,./ml_datasets/images/pcam_4730.jpg,0
pcam_4731,./ml_datasets/images/pcam_4731.jpg,0
pcam_4732,./ml_datasets/images/pcam_4732.jpg,0
pcam_4733,./ml_datasets/images/pcam_4733.jpg,0
pcam_4734,./ml_datasets/images/pcam_4734.jpg,0
pcam_4735,./ml_datasets/images/pcam_4735.jpg,0
pcam_4736,./ml_datasets/images/pcam_4736.jpg,0
pcam_4737,./ml_datasets/images/pcam_4737.jpg,0
pcam_4738,./ml_datasets/images/pcam_4738.jpg,0
pcam_4739,./ml_datasets/images/pcam_4739.jpg,0
pcam_4740,./ml_datasets/images/pcam_4740.jpg,0
pcam_4741,./ml_datasets/images/pcam_4741.jpg,0
pcam_4742,./ml_datasets/images/pcam_4742.jpg,0
pcam_4743,./ml_datasets/images/pcam_4743.jpg,0
pcam_4744,./ml_datasets/images/pcam_4744.jpg,0
pcam_4745,./ml_datasets/images/pcam_4745.jpg,0
pcam_4746,./ml_datasets/images/pcam_4746.jpg,0
pcam_4747,./ml_datasets/images/pcam_4747.jpg,0
pcam_4748,./ml_datasets/images/pcam_4748.jpg,0
pcam_4749,./ml_datasets/images/pcam_4749.jpg,0
pcam_4750,./ml_datasets/images/pcam_4750.jpg,0
pcam_4751,./ml_datasets/images/pcam_4751.jpg,0
pcam_4752,./ml_datasets/images/pcam_4752.jpg,0
pcam_4753,./ml_datasets/images/pcam_4753.jpg,0
pcam_4754,./ml_datasets/images/pcam_4754.jpg,0
pcam_4755,./ml_datasets/images/pcam_4755.jpg,0
pcam_4756,./ml_datasets/images/pcam_4756.jpg,0
pcam_4757,./ml_datasets/images/pcam_4757.jpg,0
pcam_4758,./ml_datasets/images/pcam_4758.jpg,0
pcam_4759,./ml_datasets/images/pcam_4759.jpg,0
pcam_4760,./ml_datasets/images/pcam_4760.jpg,0
pcam_4761,./ml_datasets/images/pcam_4761.jpg,0
pcam_4762,./ml_datasets/images/pcam_4762.jpg,0
pcam_4763,./ml_datasets/images/pcam_4763.jpg,0
pcam_4764,./ml_datasets/images/pcam_4764.jpg,0
pcam_4765,./ml_datasets/images/pcam_4765.jpg,0
pcam_4766,./ml_datasets/images/pcam_4766.jpg,0
pcam_4767,./ml_datasets/images/pcam_4767.jpg,0
pcam_4768,./ml_datasets/images/pcam_4768.jpg,0
pcam_4769,./ml_datasets/images/pcam_4769.jpg,0
pcam_4770,./ml_datasets/images/pcam_4770.jpg,0
pcam_4771,./ml_datasets/images/pcam_4771.jpg,0
pcam_4772,./ml_datasets/images/pcam_4772.jpg,0
pcam_4773,./ml_datasets/images/pcam_4773.jpg,0
pcam_4774,./ml_datasets/images/pcam_4774.jpg,0
pcam_4775,./ml_datasets/images/pcam_4775.jpg,0
pcam_4776,./ml_datasets/images/pcam_4776.jpg,0
pcam_4777,./ml_datasets/images/pcam_4777.jpg,0
pcam_4778,./ml_datasets/images/pcam_4778.jpg,0
pcam_4779,./ml_datasets/images/pcam_4779.jpg,0
pcam_4780,./ml_datasets/images/pcam_4780.jpg,0
pcam_4781,./ml_datasets/images/pcam_4781.jpg,0
pcam_4782,./ml_datasets/images/pcam_4782.jpg,0
pcam_4783,./ml_datasets/images/pcam_4783.jpg,0
pcam_4784,./ml_datasets/images/pcam_4784.jpg,0
pcam_4785,./ml_datasets/images/pcam_4785.jpg,0
pcam_4786,./ml_datasets/images/pcam_4786.jpg,0
pcam_4787,./ml_datasets/images/pcam_4787.jpg,0
pcam_4788,./ml_datasets/images/pcam_4788.jpg,0
pcam_4789,./ml_datasets/images/pcam_4789.jpg,0
pcam_4790,./ml_datasets/images/pcam_4790.jpg,0
pcam_4791,./ml_datasets/images/pcam_4791.jpg,0
pcam_4792,./ml_datasets/images/pcam_4792.jpg,0
pcam_4793,./ml_datasets/images/pcam_4793.jpg,0
pcam_4794,./ml_datasets/images/pcam_4794.jpg,0
pcam_4795,./ml_datasets/images/pcam_4795.jpg,0
pcam_4796,./ml_datasets/images/pcam_4796.jpg,0
pcam_4797,./ml_datasets/images/pcam_4797.jpg,0
pcam_4798,./ml_datasets/images/pcam_4798.jpg,0
pcam_4799,./ml_datasets/images/pcam_4799.jpg,0
pcam_4800,./ml_datasets/images/pcam_4800.jpg,0
pcam_4801,./ml_datasets/images/pcam_4801.jpg,0
pcam_4802,./ml_datasets/images/pcam_4802.jpg,0
pcam_4803,./ml_datasets/images/pcam_4803.jpg,0
pcam_4804,./ml_datasets/images/pcam_4804.jpg,0
pcam_4805,./ml_datasets/images/pcam_4805.jpg,0
pcam_4806,./ml_datasets/images/pcam_4806.jpg,0
pcam_4807,./ml_datasets/images/pcam_4807.jpg,0
pcam_4808,./ml_datasets/images/pcam_4808.jpg,0
pcam_4809,./ml_datasets/images/pcam_4809.jpg,0
pcam_4810,./ml_datasets/images/pcam_4810.jpg,0
pcam_4811,./ml_datasets/images/pcam_4811.jpg,0
pcam_4812,./ml_datasets/images/pcam_4812.jpg,0
pcam_4813,./ml_datasets/images/pcam_4813.jpg,0
pcam_4814,./ml_datasets/images/pcam_4814.jpg,0
pcam_4815,./ml_datasets/images/pcam_4815.jpg,0
pcam_4816,./ml_datasets/images/pcam_4816.jpg,0
pcam_4817,./ml_datasets/images/pcam_4817.jpg,0
pcam_4818,./ml_datasets/images/pcam_4818.jpg,0
pcam_4819,./ml_datasets/images/pcam_4819.jpg,0
pcam_4820,./ml_datasets/images/pcam_4820.jpg,0
pcam_4821,./ml_datasets/images/pcam_4821.jpg,0
pcam_4822,./ml_datasets/images/pcam_4822.jpg,0
pcam_4823,./ml_datasets/images/pcam_4823.jpg,0
pcam_4824,./ml_datasets/images/pcam_4824.jpg,0
pcam_4825,./ml_datasets/images/pcam_4825.jpg,0
pcam_4826,./ml_datasets/images/pcam_4826.jpg,0
pcam_4827,./ml_datasets/images/pcam_4827.jpg,0
pcam_4828,./ml_datasets/images/pcam_4828.jpg,0
pcam_4829,./ml_datasets/images/pcam_4829.jpg,0
pcam_4830,./ml_datasets/images/pcam_4830.jpg,0
pcam_4831,./ml_datasets/images/pcam_4831.jpg,0
pcam_4832,./ml_datasets/images/pcam_4832.jpg,0
pcam_4833,./ml_datasets/images/pcam_4833.jpg,0
pcam_4834,./ml_datasets/images/pcam_4834.jpg,0
pcam_4835,./ml_datasets/images/pcam_4835.jpg,0
pcam_4836,./ml_datasets/images/pcam_4836.jpg,0
pcam_4837,./ml_datasets/images/pcam_4837.jpg,0
pcam_4838,./ml_datasets/images/pcam_4838.jpg,0
pcam_4839,./ml_datasets/images/pcam_4839.jpg,0
pcam_4840,./ml_datasets/images/pcam_4840.jpg,0
pcam_4841,./ml_datasets/images/pcam_4841.jpg,0
pcam_4842,./ml_datasets/images/pcam_4842.jpg,0
pcam_4843,./ml_datasets/images/pcam_4843.jpg,0
pcam_4844,./ml_datasets/images/pcam_4844.jpg,0
pcam_4845,./ml_datasets/images/pcam_4845.jpg,0
pcam_4846,./ml_datasets/images/pcam_4846.jpg,0
pcam_4847,./ml_datasets/images/pcam_4847.jpg,0
pcam_4848,./ml_datasets/images/pcam_4848.jpg,0
pcam_4849,./ml_datasets/images/pcam_4849.jpg,0
pcam_4850,./ml_datasets/images/pcam_4850.jpg,0
pcam_4851,./ml_datasets/images/pcam_4851.jpg,0
pcam_4852,./ml_datasets/images/pcam_4852.jpg,0
pcam_4853,./ml_datasets/images/pcam_4853.jpg,0
pcam_4854,./ml_datasets/images/pcam_4854.jpg,0
pcam_4855,./ml_datasets/images/pcam_4855.jpg,0
pcam_4856,./ml_datasets/images/pcam_4856.jpg,0
pcam_4857,./ml_datasets/images/pcam_4857.jpg,0
pcam_4858,./ml_datasets/images/pcam_4858.jpg,0
pcam_4859,./ml_datasets/images/pcam_4859.jpg,0
pcam_4860,./ml_datasets/images/pcam_4860.jpg,0
pcam_4861,./ml_datasets/images/pcam_4861.jpg,0
pcam_4862,./ml_datasets/images/pcam_4862.jpg,0
pcam_4863,./ml_datasets/images/pcam_4863.jpg,0
pcam_4864,./ml_datasets/images/pcam_4864.jpg,0
pcam_4865,./ml_datasets/images/pcam_4865.jpg,0
pcam_4866,./ml_datasets/images/pcam_4866.jpg,0
pcam_4867,./ml_datasets/images/pcam_4867.jpg,0
pcam_4868,./ml_datasets/images/pcam_4868.jpg,0
pcam_4869,./ml_datasets/images/pcam_4869.jpg,0
pcam_4870,./ml_datasets/images/pcam_4870.jpg,0
pcam_4871,./ml_datasets/images/pcam_4871.jpg,0
pcam_4872,./ml_datasets/images/pcam_4872.jpg,0
pcam_4873,./ml_datasets/images/pcam_4873.jpg,0
pcam_4874,./ml_datasets/images/pcam_4874.jpg,0
pcam_4875,./ml_datasets/images/pcam_4875.jpg,0
pcam_4876,./ml_datasets/images/pcam_4876.jpg,0
pcam_4877,./ml_datasets/images/pcam_4877.jpg,0
pcam_4878,./ml_datasets/images/pcam_4878.jpg,0
pcam_4879,./ml_datasets/images/pcam_4879.jpg,0
pcam_4880,./ml_datasets/images/pcam_4880.jpg,0
pcam_4881,./ml_datasets/images/pcam_4881.jpg,0
pcam_4882,./ml_datasets/images/pcam_4882.jpg,0
pcam_4883,./ml_datasets/images/pcam_4883.jpg,0
pcam_4884,./ml_datasets/images/pcam_4884.jpg,0
pcam_4885,./ml_datasets/images/pcam_4885.jpg,0
pcam_4886,./ml_datasets/images/pcam_4886.jpg,0
pcam_4887,./ml_datasets/images/pcam_4887.jpg,0
pcam_4888,./ml_datasets/images/pcam_4888.jpg,0
pcam_4889,./ml_datasets/images/pcam_4889.jpg,0
pcam_4890,./ml_datasets/images/pcam_4890.jpg,0
pcam_4891,./ml_datasets/images/pcam_4891.jpg,0
pcam_4892,./ml_datasets/images/pcam_4892.jpg,0
pcam_4893,./ml_datasets/images/pcam_4893.jpg,0
pcam_4894,./ml_datasets/images/pcam_4894.jpg,0
pcam_4895,./ml_datasets/images/pcam_4895.jpg,0
pcam_4896,./ml_datasets/images/pcam_4896.jpg,0
pcam_4897,./ml_datasets/images/pcam_4897.jpg,0
pcam_4898,./ml_datasets/images/pcam_4898.jpg,0
pcam_4899,./ml_datasets/images/pcam_4899.jpg,0
pcam_4900,./ml_datasets/images/pcam_4900.jpg,0
pcam_4901,./ml_datasets/images/pcam_4901.jpg,0
pcam_4902,./ml_datasets/images/pcam_4902.jpg,0
pcam_4903,./ml_datasets/images/pcam_4903.jpg,0
pcam_4904,./ml_datasets/images/pcam_4904.jpg,0
pcam_4905,./ml_datasets/images/pcam_4905.jpg,0
pcam_4906,./ml_datasets/images/pcam_4906.jpg,0
pcam_4907,./ml_datasets/images/pcam_4907.jpg,0
pcam_4908,./ml_datasets/images/pcam_4908.jpg,0
pcam_4909,./ml_datasets/images/pcam_4909.jpg,0
pcam_4910,./ml_datasets/images/pcam_4910.jpg,0
pcam_4911,./ml_datasets/images/pcam_4911.jpg,0
pcam_4912,./ml_datasets/images/pcam_4912.jpg,0
pcam_4913,./ml_datasets/images/pcam_4913.jpg,0
pcam_4914,./ml_datasets/images/pcam_4914.jpg,0
pcam_4915,./ml_datasets/images/pcam_4915.jpg,0
pcam_4916,./ml_datasets/images/pcam_4916.jpg,0
pcam_4917,./ml_datasets/images/pcam_4917.jpg,0
pcam_4918,./ml_datasets/images/pcam_4918.jpg,0
pcam_4919,./ml_datasets/images/pcam_4919.jpg,0
pcam_4920,./ml_datasets/images/pcam_4920.jpg,0
pcam_4921,./ml_datasets/images/pcam_4921.jpg,0
pcam_4922,./ml_datasets/images/pcam_4922.jpg,0
pcam_4923,./ml_datasets/images/pcam_4923.jpg,0
pcam_4924,./ml_datasets/images/pcam_4924.jpg,0
pcam_4925,./ml_datasets/images/pcam_4925.jpg,0
pcam_4926,./ml_datasets/images/pcam_4926.jpg,0
pcam_4927,./ml_datasets/images/pcam_4927.jpg,0
pcam_4928,./ml_datasets/images/pcam_4928.jpg,0
pcam_4929,./ml_datasets/images/pcam_4929.jpg,0
pcam_4930,./ml_datasets/images/pcam_4930.jpg,0
pcam_4931,./ml_datasets/images/pcam_4931.jpg,0
pcam_4932,./ml_datasets/images/pcam_4932.jpg,0
pcam_4933,./ml_datasets/images/pcam_4933.jpg,0
pcam_4934,./ml_datasets/images/pcam_4934.jpg,0
pcam_4935,./ml_datasets/images/pcam_4935.jpg,0
pcam_4936,./ml_datasets/images/pcam_4936.jpg,0
pcam_4937,./ml_datasets/images/pcam_4937.jpg,0
pcam_4938,./ml_datasets/images/pcam_4938.jpg,0
pcam_4939,./ml_datasets/images/pcam_4939.jpg,0
pcam_4940,./ml_datasets/images/pcam_4940.jpg,0
pcam_4941,./ml_datasets/images/pcam_4941.jpg,0
pcam_4942,./ml_datasets/images/pcam_4942.jpg,0
pcam_4943,./ml_datasets/images/pcam_4943.jpg,0
pcam_4944,./ml_datasets/images/pcam_4944.jpg,0
pcam_4945,./ml_datasets/images/pcam_4945.jpg,0
pcam_4946,./ml_datasets/images/pcam_4946.jpg,0
pcam_4947,./ml_datasets/images/pcam_4947.jpg,0
pcam_4948,./ml_datasets/images/pcam_4948.jpg,0
pcam_4949,./ml_datasets/images/pcam_4949.jpg,0
pcam_4950,./ml_datasets/images/pcam_4950.jpg,0
pcam_4951,./ml_datasets/images/pcam_4951.jpg,0
pcam_4952,./ml_datasets/images/pcam_4952.jpg,0
pcam_4953,./ml_datasets/images/pcam_4953.jpg,0
pcam_4954,./ml_datasets/images/pcam_4954.jpg,0
pcam_4955,./ml_datasets/images/pcam_4955.jpg,0
pcam_4956,./ml_datasets/images/pcam_4956.jpg,0
pcam_4957,./ml_datasets/images/pcam_4957.jpg,0
pcam_4958,./ml_datasets/images/pcam_4958.jpg,0
pcam_4959,./ml_datasets/images/pcam_4959.jpg,0
pcam_4960,./ml_datasets/images/pcam_4960.jpg,0
pcam_4961,./ml_datasets/images/pcam_4961.jpg,0
pcam_4962,./ml_datasets/images/pcam_4962.jpg,0
pcam_4963,./ml_datasets/images/pcam_4963.jpg,0
pcam_4964,./ml_datasets/images/pcam_4964.jpg,0
pcam_4965,./ml_datasets/images/pcam_4965.jpg,0
pcam_4966,./ml_datasets/images/pcam_4966.jpg,0
pcam_4967,./ml_datasets/images/pcam_4967.jpg,0
pcam_4968,./ml_datasets/images/pcam_4968.jpg,0
pcam_4969,./ml_datasets/images/pcam_4969.jpg,0
pcam_4970,./ml_datasets/images/pcam_4970.jpg,0
pcam_4971,./ml_datasets/images/pcam_4971.jpg,0
pcam_4972,./ml_datasets/images/pcam_4972.jpg,0
pcam_4973,./ml_datasets/images/pcam_4973.jpg,0
pcam_4974,./ml_datasets/images/pcam_4974.jpg,0
pcam_4975,./ml_datasets/images/pcam_4975.jpg,0
pcam_4976,./ml_datasets/images/pcam_4976.jpg,0
pcam_4977,./ml_datasets/images/pcam_4977.jpg,0
pcam_4978,./ml_datasets/images/pcam_4978.jpg,0
pcam_4979,./ml_datasets/images/pcam_4979.jpg,0
pcam_4980,./ml_datasets/images/pcam_4980.jpg,0
pcam_4981,./ml_datasets/images/pcam_4981.jpg,0
pcam_4982,./ml_datasets/images/pcam_4982.jpg,0
pcam_4983,./ml_datasets/images/pcam_4983.jpg,0
pcam_4984,./ml_datasets/images/pcam_4984.jpg,0
pcam_4985,./ml_datasets/images/pcam_4985.jpg,0
pcam_4986,./ml_datasets/images/pcam_4986.jpg,0
pcam_4987,./ml_datasets/images/pcam_4987.jpg,0
pcam_4988,./ml_datasets/images/pcam_4988.jpg,0
pcam_4989,./ml_datasets/images/pcam_4989.jpg,0
pcam_4990,./ml_datasets/images/pcam_4990.jpg,0
pcam_4991,./ml_datasets/images/pcam_4991.jpg,0
pcam_4992,./ml_datasets/images/pcam_4992.jpg,0
pcam_4993,./ml_datasets/images/pcam_4993.jpg,0
pcam_4994,./ml_datasets/images/pcam_4994.jpg,0
pcam_4995,./ml_datasets/images/pcam_4995.jpg,0
pcam_4996,./ml_datasets/images/pcam_4996.jpg,0
pcam_4997,./ml_datasets/images/pcam_4997.jpg,0
pcam_4998,./ml_datasets/images/pcam_4998.jpg,0
pcam_4999,./ml_datasets/images/pcam_4999.jpg,0
pcam_131072,./ml_datasets/images/pcam_131072.jpg,1
pcam_131073,./ml_datasets/images/pcam_131073.jpg,1
pcam_131074,./ml_datasets/images/pcam_131074.jpg,1
pcam_131075,./ml_datasets/images/pcam_131075.jpg,1
pcam_131076,./ml_datasets/images/pcam_131076.jpg,1
pcam_131077,./ml_datasets/images/pcam_131077.jpg,1
pcam_131078,./ml_datasets/images/pcam_131078.jpg,1
pcam_131079,./ml_datasets/images/pcam_131079.jpg,1
pcam_131080,./ml_datasets/images/pcam_131080.jpg,1
pcam_131081,./ml_datasets/images/pcam_131081.jpg,1
pcam_131082,./ml_datasets/images/pcam_131082.jpg,1
pcam_131083,./ml_datasets/images/pcam_131083.jpg,1
pcam_131084,./ml_datasets/images/pcam_131084.jpg,1
pcam_131085,./ml_datasets/images/pcam_131085.jpg,1
pcam_131086,./ml_datasets/images/pcam_131086.jpg,1
pcam_131087,./ml_datasets/images/pcam_131087.jpg,1
pcam_131088,./ml_datasets/images/pcam_131088.jpg,1
pcam_131089,./ml_datasets/images/pcam_131089.jpg,1
pcam_131090,./ml_datasets/images/pcam_131090.jpg,1
pcam_131091,./ml_datasets/images/pcam_131091.jpg,1
pcam_131092,./ml_datasets/images/pcam_131092.jpg,1
pcam_131093,./ml_datasets/images/pcam_131093.jpg,1
pcam_131094,./ml_datasets/images/pcam_131094.jpg,1
pcam_131095,./ml_datasets/images/pcam_131095.jpg,1
pcam_131096,./ml_datasets/images/pcam_131096.jpg,1
pcam_131097,./ml_datasets/images/pcam_131097.jpg,1
pcam_131098,./ml_datasets/images/pcam_131098.jpg,1
pcam_131099,./ml_datasets/images/pcam_131099.jpg,1
pcam_131100,./ml_datasets/images/pcam_131100.jpg,1
pcam_131101,./ml_datasets/images/pcam_131101.jpg,1
pcam_131102,./ml_datasets/images/pcam_131102.jpg,1
pcam_131103,./ml_datasets/images/pcam_131103.jpg,1
pcam_131104,./ml_datasets/images/pcam_131104.jpg,1
pcam_131105,./ml_datasets/images/pcam_131105.jpg,1
pcam_131106,./ml_datasets/images/pcam_131106.jpg,1
pcam_131107,./ml_datasets/images/pcam_131107.jpg,1
pcam_131108,./ml_datasets/images/pcam_131108.jpg,1
pcam_131109,./ml_datasets/images/pcam_131109.jpg,1
pcam_131110,./ml_datasets/images/pcam_131110.jpg,1
pcam_131111,./ml_datasets/images/pcam_131111.jpg,1
pcam_131112,./ml_datasets/images/pcam_131112.jpg,1
pcam_131113,./ml_datasets/images/pcam_131113.jpg,1
pcam_131114,./ml_datasets/images/pcam_131114.jpg,1
pcam_131115,./ml_datasets/images/pcam_131115.jpg,1
pcam_131116,./ml_datasets/images/pcam_131116.jpg,1
pcam_131117,./ml_datasets/images/pcam_131117.jpg,1
pcam_131118,./ml_datasets/images/pcam_131118.jpg,1
pcam_131119,./ml_datasets/images/pcam_131119.jpg,1
pcam_131120,./ml_datasets/images/pcam_131120.jpg,1
pcam_131121,./ml_datasets/images/pcam_131121.jpg,1
pcam_131122,./ml_datasets/images/pcam_131122.jpg,1
pcam_131123,./ml_datasets/images/pcam_131123.jpg,1
pcam_131124,./ml_datasets/images/pcam_131124.jpg,1
pcam_131125,./ml_datasets/images/pcam_131125.jpg,1
pcam_131126,./ml_datasets/images/pcam_131126.jpg,1
pcam_131127,./ml_datasets/images/pcam_131127.jpg,1
pcam_131128,./ml_datasets/images/pcam_131128.jpg,1
pcam_131129,./ml_datasets/images/pcam_131129.jpg,1
pcam_131130,./ml_datasets/images/pcam_131130.jpg,1
pcam_131131,./ml_datasets/images/pcam_131131.jpg,1
pcam_131132,./ml_datasets/images/pcam_131132.jpg,1
pcam_131133,./ml_datasets/images/pcam_131133.jpg,1
pcam_131134,./ml_datasets/images/pcam_131134.jpg,1
pcam_131135,./ml_datasets/images/pcam_131135.jpg,1
pcam_131136,./ml_datasets/images/pcam_131136.jpg,1
pcam_131137,./ml_datasets/images/pcam_131137.jpg,1
pcam_131138,./ml_datasets/images/pcam_131138.jpg,1
pcam_131139,./ml_datasets/images/pcam_131139.jpg,1
pcam_131140,./ml_datasets/images/pcam_131140.jpg,1
pcam_131141,./ml_datasets/images/pcam_131141.jpg,1
pcam_131142,./ml_datasets/images/pcam_131142.jpg,1
pcam_131143,./ml_datasets/images/pcam_131143.jpg,1
pcam_131144,./ml_datasets/images/pcam_131144.jpg,1
pcam_131145,./ml_datasets/images/pcam_131145.jpg,1
pcam_131146,./ml_datasets/images/pcam_131146.jpg,1
pcam_131147,./ml_datasets/images/pcam_131147.jpg,1
pcam_131148,./ml_datasets/images/pcam_131148.jpg,1
pcam_131149,./ml_datasets/images/pcam_131149.jpg,1
pcam_131150,./ml_datasets/images/pcam_131150.jpg,1
pcam_131151,./ml_datasets/images/pcam_131151.jpg,1
pcam_131152,./ml_datasets/images/pcam_131152.jpg,1
pcam_131153,./ml_datasets/images/pcam_131153.jpg,1
pcam_131154,./ml_datasets/images/pcam_131154.jpg,1
pcam_131155,./ml_datasets/images/pcam_131155.jpg,1
pcam_131156,./ml_datasets/images/pcam_131156.jpg,1
pcam_131157,./ml_datasets/images/pcam_131157.jpg,1
pcam_131158,./ml_datasets/images/pcam_131158.jpg,1
pcam_131159,./ml_datasets/images/pcam_131159.jpg,1
pcam_131160,./ml_datasets/images/pcam_131160.jpg,1
pcam_131161,./ml_datasets/images/pcam_131161.jpg,1
pcam_131162,./ml_datasets/images/pcam_131162.jpg,1
pcam_131163,./ml_datasets/images/pcam_131163.jpg,1
pcam_131164,./ml_datasets/images/pcam_131164.jpg,1
pcam_131165,./ml_datasets/images/pcam_131165.jpg,1
pcam_131166,./ml_datasets/images/pcam_131166.jpg,1
pcam_131167,./ml_datasets/images/pcam_131167.jpg,1
pcam_131168,./ml_datasets/images/pcam_131168.jpg,1
pcam_131169,./ml_datasets/images/pcam_131169.jpg,1
pcam_131170,./ml_datasets/images/pcam_131170.jpg,1
pcam_131171,./ml_datasets/images/pcam_131171.jpg,1
pcam_131172,./ml_datasets/images/pcam_131172.jpg,1
pcam_131173,./ml_datasets/images/pcam_131173.jpg,1
pcam_131174,./ml_datasets/images/pcam_131174.jpg,1
pcam_131175,./ml_datasets/images/pcam_131175.jpg,1
pcam_131176,./ml_datasets/images/pcam_131176.jpg,1
pcam_131177,./ml_datasets/images/pcam_131177.jpg,1
pcam_131178,./ml_datasets/images/pcam_131178.jpg,1
pcam_131179,./ml_datasets/images/pcam_131179.jpg,1
pcam_131180,./ml_datasets/images/pcam_131180.jpg,1
pcam_131181,./ml_datasets/images/pcam_131181.jpg,1
pcam_131182,./ml_datasets/images/pcam_131182.jpg,1
pcam_131183,./ml_datasets/images/pcam_131183.jpg,1
pcam_131184,./ml_datasets/images/pcam_131184.jpg,1
pcam_131185,./ml_datasets/images/pcam_131185.jpg,1
pcam_131186,./ml_datasets/images/pcam_131186.jpg,1
pcam_131187,./ml_datasets/images/pcam_131187.jpg,1
pcam_131188,./ml_datasets/images/pcam_131188.jpg,1
pcam_131189,./ml_datasets/images/pcam_131189.jpg,1
pcam_131190,./ml_datasets/images/pcam_131190.jpg,1
pcam_131191,./ml_datasets/images/pcam_131191.jpg,1
pcam_131192,./ml_datasets/images/pcam_131192.jpg,1
pcam_131193,./ml_datasets/images/pcam_131193.jpg,1
pcam_131194,./ml_datasets/images/pcam_131194.jpg,1
pcam_131195,./ml_datasets/images/pcam_131195.jpg,1
pcam_131196,./ml_datasets/images/pcam_131196.jpg,1
pcam_131197,./ml_datasets/images/pcam_131197.jpg,1
pcam_131198,./ml_datasets/images/pcam_131198.jpg,1
pcam_131199,./ml_datasets/images/pcam_131199.jpg,1
pcam_131200,./ml_datasets/images/pcam_131200.jpg,1
pcam_131201,./ml_datasets/images/pcam_131201.jpg,1
pcam_131202,./ml_datasets/images/pcam_131202.jpg,1
pcam_131203,./ml_datasets/images/pcam_131203.jpg,1
pcam_131204,./ml_datasets/images/pcam_131204.jpg,1
pcam_131205,./ml_datasets/images/pcam_131205.jpg,1
pcam_131206,./ml_datasets/images/pcam_131206.jpg,1
pcam_131207,./ml_datasets/images/pcam_131207.jpg,1
pcam_131208,./ml_datasets/images/pcam_131208.jpg,1
pcam_131209,./ml_datasets/images/pcam_131209.jpg,1
pcam_131210,./ml_datasets/images/pcam_131210.jpg,1
pcam_131211,./ml_datasets/images/pcam_131211.jpg,1
pcam_131212,./ml_datasets/images/pcam_131212.jpg,1
pcam_131213,./ml_datasets/images/pcam_131213.jpg,1
pcam_131214,./ml_datasets/images/pcam_131214.jpg,1
pcam_131215,./ml_datasets/images/pcam_131215.jpg,1
pcam_131216,./ml_datasets/images/pcam_131216.jpg,1
pcam_131217,./ml_datasets/images/pcam_131217.jpg,1
pcam_131218,./ml_datasets/images/pcam_131218.jpg,1
pcam_131219,./ml_datasets/images/pcam_131219.jpg,1
pcam_131220,./ml_datasets/images/pcam_131220.jpg,1
pcam_131221,./ml_datasets/images/pcam_131221.jpg,1
pcam_131222,./ml_datasets/images/pcam_131222.jpg,1
pcam_131223,./ml_datasets/images/pcam_131223.jpg,1
pcam_131224,./ml_datasets/images/pcam_131224.jpg,1
pcam_131225,./ml_datasets/images/pcam_131225.jpg,1
pcam_131226,./ml_datasets/images/pcam_131226.jpg,1
pcam_131227,./ml_datasets/images/pcam_131227.jpg,1
pcam_131228,./ml_datasets/images/pcam_131228.jpg,1
pcam_131229,./ml_datasets/images/pcam_131229.jpg,1
pcam_131230,./ml_datasets/images/pcam_131230.jpg,1
pcam_131231,./ml_datasets/images/pcam_131231.jpg,1
pcam_131232,./ml_datasets/images/pcam_131232.jpg,1
pcam_131233,./ml_datasets/images/pcam_131233.jpg,1
pcam_131234,./ml_datasets/images/pcam_131234.jpg,1
pcam_131235,./ml_datasets/images/pcam_131235.jpg,1
pcam_131236,./ml_datasets/images/pcam_131236.jpg,1
pcam_131237,./ml_datasets/images/pcam_131237.jpg,1
pcam_131238,./ml_datasets/images/pcam_131238.jpg,1
pcam_131239,./ml_datasets/images/pcam_131239.jpg,1
pcam_131240,./ml_datasets/images/pcam_131240.jpg,1
pcam_131241,./ml_datasets/images/pcam_131241.jpg,1
pcam_131242,./ml_datasets/images/pcam_131242.jpg,1
pcam_131243,./ml_datasets/images/pcam_131243.jpg,1
pcam_131244,./ml_datasets/images/pcam_131244.jpg,1
pcam_131245,./ml_datasets/images/pcam_131245.jpg,1
pcam_131246,./ml_datasets/images/pcam_131246.jpg,1
pcam_131247,./ml_datasets/images/pcam_131247.jpg,1
pcam_131248,./ml_datasets/images/pcam_131248.jpg,1
pcam_131249,./ml_datasets/images/pcam_131249.jpg,1
pcam_131250,./ml_datasets/images/pcam_131250.jpg,1
pcam_131251,./ml_datasets/images/pcam_131251.jpg,1
pcam_131252,./ml_datasets/images/pcam_131252.jpg,1
pcam_131253,./ml_datasets/images/pcam_131253.jpg,1
pcam_131254,./ml_datasets/images/pcam_131254.jpg,1
pcam_131255,./ml_datasets/images/pcam_131255.jpg,1
pcam_131256,./ml_datasets/images/pcam_131256.jpg,1
pcam_131257,./ml_datasets/images/pcam_131257.jpg,1
pcam_131258,./ml_datasets/images/pcam_131258.jpg,1
pcam_131259,./ml_datasets/images/pcam_131259.jpg,1
pcam_131260,./ml_datasets/images/pcam_131260.jpg,1
pcam_131261,./ml_datasets/images/pcam_131261.jpg,1
pcam_131262,./ml_datasets/images/pcam_131262.jpg,1
pcam_131263,./ml_datasets/images/pcam_131263.jpg,1
pcam_131264,./ml_datasets/images/pcam_131264.jpg,1
pcam_131265,./ml_datasets/images/pcam_131265.jpg,1
pcam_131266,./ml_datasets/images/pcam_131266.jpg,1
pcam_131267,./ml_datasets/images/pcam_131267.jpg,1
pcam_131268,./ml_datasets/images/pcam_131268.jpg,1
pcam_131269,./ml_datasets/images/pcam_131269.jpg,1
pcam_131270,./ml_datasets/images/pcam_131270.jpg,1
pcam_131271,./ml_datasets/images/pcam_131271.jpg,1
pcam_131272,./ml_datasets/images/pcam_131272.jpg,1
pcam_131273,./ml_datasets/images/pcam_131273.jpg,1
pcam_131274,./ml_datasets/images/pcam_131274.jpg,1
pcam_131275,./ml_datasets/images/pcam_131275.jpg,1
pcam_131276,./ml_datasets/images/pcam_131276.jpg,1
pcam_131277,./ml_datasets/images/pcam_131277.jpg,1
pcam_131278,./ml_datasets/images/pcam_131278.jpg,1
pcam_131279,./ml_datasets/images/pcam_131279.jpg,1
pcam_131280,./ml_datasets/images/pcam_131280.jpg,1
pcam_131281,./ml_datasets/images/pcam_131281.jpg,1
pcam_131282,./ml_datasets/images/pcam_131282.jpg,1
pcam_131283,./ml_datasets/images/pcam_131283.jpg,1
pcam_131284,./ml_datasets/images/pcam_131284.jpg,1
pcam_131285,./ml_datasets/images/pcam_131285.jpg,1
pcam_131286,./ml_datasets/images/pcam_131286.jpg,1
pcam_131287,./ml_datasets/images/pcam_131287.jpg,1
pcam_131288,./ml_datasets/images/pcam_131288.jpg,1
pcam_131289,./ml_datasets/images/pcam_131289.jpg,1
pcam_131290,./ml_datasets/images/pcam_131290.jpg,1
pcam_131291,./ml_datasets/images/pcam_131291.jpg,1
pcam_131292,./ml_datasets/images/pcam_131292.jpg,1
pcam_131293,./ml_datasets/images/pcam_131293.jpg,1
pcam_131294,./ml_datasets/images/pcam_131294.jpg,1
pcam_131295,./ml_datasets/images/pcam_131295.jpg,1
pcam_131296,./ml_datasets/images/pcam_131296.jpg,1
pcam_131297,./ml_datasets/images/pcam_131297.jpg,1
pcam_131298,./ml_datasets/images/pcam_131298.jpg,1
pcam_131299,./ml_datasets/images/pcam_131299.jpg,1
pcam_131300,./ml_datasets/images/pcam_131300.jpg,1
pcam_131301,./ml_datasets/images/pcam_131301.jpg,1
pcam_131302,./ml_datasets/images/pcam_131302.jpg,1
pcam_131303,./ml_datasets/images/pcam_131303.jpg,1
pcam_131304,./ml_datasets/images/pcam_131304.jpg,1
pcam_131305,./ml_datasets/images/pcam_131305.jpg,1
pcam_131306,./ml_datasets/images/pcam_131306.jpg,1
pcam_131307,./ml_datasets/images/pcam_131307.jpg,1
pcam_131308,./ml_datasets/images/pcam_131308.jpg,1
pcam_131309,./ml_datasets/images/pcam_131309.jpg,1
pcam_131310,./ml_datasets/images/pcam_131310.jpg,1
pcam_131311,./ml_datasets/images/pcam_131311.jpg,1
pcam_131312,./ml_datasets/images/pcam_131312.jpg,1
pcam_131313,./ml_datasets/images/pcam_131313.jpg,1
pcam_131314,./ml_datasets/images/pcam_131314.jpg,1
pcam_131315,./ml_datasets/images/pcam_131315.jpg,1
pcam_131316,./ml_datasets/images/pcam_131316.jpg,1
pcam_131317,./ml_datasets/images/pcam_131317.jpg,1
pcam_131318,./ml_datasets/images/pcam_131318.jpg,1
pcam_131319,./ml_datasets/images/pcam_131319.jpg,1
pcam_131320,./ml_datasets/images/pcam_131320.jpg,1
pcam_131321,./ml_datasets/images/pcam_131321.jpg,1
pcam_131322,./ml_datasets/images/pcam_131322.jpg,1
pcam_131323,./ml_datasets/images/pcam_131323.jpg,1
pcam_131324,./ml_datasets/images/pcam_131324.jpg,1
pcam_131325,./ml_datasets/images/pcam_131325.jpg,1
pcam_131326,./ml_datasets/images/pcam_131326.jpg,1
pcam_131327,./ml_datasets/images/pcam_131327.jpg,1
pcam_131328,./ml_datasets/images/pcam_131328.jpg,1
pcam_131329,./ml_datasets/images/pcam_131329.jpg,1
pcam_131330,./ml_datasets/images/pcam_131330.jpg,1
pcam_131331,./ml_datasets/images/pcam_131331.jpg,1
pcam_131332,./ml_datasets/images/pcam_131332.jpg,1
pcam_131333,./ml_datasets/images/pcam_131333.jpg,1
pcam_131334,./ml_datasets/images/pcam_131334.jpg,1
pcam_131335,./ml_datasets/images/pcam_131335.jpg,1
pcam_131336,./ml_datasets/images/pcam_131336.jpg,1
pcam_131337,./ml_datasets/images/pcam_131337.jpg,1
pcam_131338,./ml_datasets/images/pcam_131338.jpg,1
pcam_131339,./ml_datasets/images/pcam_131339.jpg,1
pcam_131340,./ml_datasets/images/pcam_131340.jpg,1
pcam_131341,./ml_datasets/images/pcam_131341.jpg,1
pcam_131342,./ml_datasets/images/pcam_131342.jpg,1
pcam_131343,./ml_datasets/images/pcam_131343.jpg,1
pcam_131344,./ml_datasets/images/pcam_131344.jpg,1
pcam_131345,./ml_datasets/images/pcam_131345.jpg,1
pcam_131346,./ml_datasets/images/pcam_131346.jpg,1
pcam_131347,./ml_datasets/images/pcam_131347.jpg,1
pcam_131348,./ml_datasets/images/pcam_131348.jpg,1
pcam_131349,./ml_datasets/images/pcam_131349.jpg,1
pcam_131350,./ml_datasets/images/pcam_131350.jpg,1
pcam_131351,./ml_datasets/images/pcam_131351.jpg,1
pcam_131352,./ml_datasets/images/pcam_131352.jpg,1
pcam_131353,./ml_datasets/images/pcam_131353.jpg,1
pcam_131354,./ml_datasets/images/pcam_131354.jpg,1
pcam_131355,./ml_datasets/images/pcam_131355.jpg,1
pcam_131356,./ml_datasets/images/pcam_131356.jpg,1
pcam_131357,./ml_datasets/images/pcam_131357.jpg,1
pcam_131358,./ml_datasets/images/pcam_131358.jpg,1
pcam_131359,./ml_datasets/images/pcam_131359.jpg,1
pcam_131360,./ml_datasets/images/pcam_131360.jpg,1
pcam_131361,./ml_datasets/images/pcam_131361.jpg,1
pcam_131362,./ml_datasets/images/pcam_131362.jpg,1
pcam_131363,./ml_datasets/images/pcam_131363.jpg,1
pcam_131364,./ml_datasets/images/pcam_131364.jpg,1
pcam_131365,./ml_datasets/images/pcam_131365.jpg,1
pcam_131366,./ml_datasets/images/pcam_131366.jpg,1
pcam_131367,./ml_datasets/images/pcam_131367.jpg,1
pcam_131368,./ml_datasets/images/pcam_131368.jpg,1
pcam_131369,./ml_datasets/images/pcam_131369.jpg,1
pcam_131370,./ml_datasets/images/pcam_131370.jpg,1
pcam_131371,./ml_datasets/images/pcam_131371.jpg,1
pcam_131372,./ml_datasets/images/pcam_131372.jpg,1
pcam_131373,./ml_datasets/images/pcam_131373.jpg,1
pcam_131374,./ml_datasets/images/pcam_131374.jpg,1
pcam_131375,./ml_datasets/images/pcam_131375.jpg,1
pcam_131376,./ml_datasets/images/pcam_131376.jpg,1
pcam_131377,./ml_datasets/images/pcam_131377.jpg,1
pcam_131378,./ml_datasets/images/pcam_131378.jpg,1
pcam_131379,./ml_datasets/images/pcam_131379.jpg,1
pcam_131380,./ml_datasets/images/pcam_131380.jpg,1
pcam_131381,./ml_datasets/images/pcam_131381.jpg,1
pcam_131382,./ml_datasets/images/pcam_131382.jpg,1
pcam_131383,./ml_datasets/images/pcam_131383.jpg,1
pcam_131384,./ml_datasets/images/pcam_131384.jpg,1
pcam_131385,./ml_datasets/images/pcam_131385.jpg,1
pcam_131386,./ml_datasets/images/pcam_131386.jpg,1
pcam_131387,./ml_datasets/images/pcam_131387.jpg,1
pcam_131388,./ml_datasets/images/pcam_131388.jpg,1
pcam_131389,./ml_datasets/images/pcam_131389.jpg,1
pcam_131390,./ml_datasets/images/pcam_131390.jpg,1
pcam_131391,./ml_datasets/images/pcam_131391.jpg,1
pcam_131392,./ml_datasets/images/pcam_131392.jpg,1
pcam_131393,./ml_datasets/images/pcam_131393.jpg,1
pcam_131394,./ml_datasets/images/pcam_131394.jpg,1
pcam_131395,./ml_datasets/images/pcam_131395.jpg,1
pcam_131396,./ml_datasets/images/pcam_131396.jpg,1
pcam_131397,./ml_datasets/images/pcam_131397.jpg,1
pcam_131398,./ml_datasets/images/pcam_131398.jpg,1
pcam_131399,./ml_datasets/images/pcam_131399.jpg,1
pcam_131400,./ml_datasets/images/pcam_131400.jpg,1
pcam_131401,./ml_datasets/images/pcam_131401.jpg,1
pcam_131402,./ml_datasets/images/pcam_131402.jpg,1
pcam_131403,./ml_datasets/images/pcam_131403.jpg,1
pcam_131404,./ml_datasets/images/pcam_131404.jpg,1
pcam_131405,./ml_datasets/images/pcam_131405.jpg,1
pcam_131406,./ml_datasets/images/pcam_131406.jpg,1
pcam_131407,./ml_datasets/images/pcam_131407.jpg,1
pcam_131408,./ml_datasets/images/pcam_131408.jpg,1
pcam_131409,./ml_datasets/images/pcam_131409.jpg,1
pcam_131410,./ml_datasets/images/pcam_131410.jpg,1
pcam_131411,./ml_datasets/images/pcam_131411.jpg,1
pcam_131412,./ml_datasets/images/pcam_131412.jpg,1
pcam_131413,./ml_datasets/images/pcam_131413.jpg,1
pcam_131414,./ml_datasets/images/pcam_131414.jpg,1
pcam_131415,./ml_datasets/images/pcam_131415.jpg,1
pcam_131416,./ml_datasets/images/pcam_131416.jpg,1
pcam_131417,./ml_datasets/images/pcam_131417.jpg,1
pcam_131418,./ml_datasets/images/pcam_131418.jpg,1
pcam_131419,./ml_datasets/images/pcam_131419.jpg,1
pcam_131420,./ml_datasets/images/pcam_131420.jpg,1
pcam_131421,./ml_datasets/images/pcam_131421.jpg,1
pcam_131422,./ml_datasets/images/pcam_131422.jpg,1
pcam_131423,./ml_datasets/images/pcam_131423.jpg,1
pcam_131424,./ml_datasets/images/pcam_131424.jpg,1
pcam_131425,./ml_datasets/images/pcam_131425.jpg,1
pcam_131426,./ml_datasets/images/pcam_131426.jpg,1
pcam_131427,./ml_datasets/images/pcam_131427.jpg,1
pcam_131428,./ml_datasets/images/pcam_131428.jpg,1
pcam_131429,./ml_datasets/images/pcam_131429.jpg,1
pcam_131430,./ml_datasets/images/pcam_131430.jpg,1
pcam_131431,./ml_datasets/images/pcam_131431.jpg,1
pcam_131432,./ml_datasets/images/pcam_131432.jpg,1
pcam_131433,./ml_datasets/images/pcam_131433.jpg,1
pcam_131434,./ml_datasets/images/pcam_131434.jpg,1
pcam_131435,./ml_datasets/images/pcam_131435.jpg,1
pcam_131436,./ml_datasets/images/pcam_131436.jpg,1
pcam_131437,./ml_datasets/images/pcam_131437.jpg,1
pcam_131438,./ml_datasets/images/pcam_131438.jpg,1
pcam_131439,./ml_datasets/images/pcam_131439.jpg,1
pcam_131440,./ml_datasets/images/pcam_131440.jpg,1
pcam_131441,./ml_datasets/images/pcam_131441.jpg,1
pcam_131442,./ml_datasets/images/pcam_131442.jpg,1
pcam_131443,./ml_datasets/images/pcam_131443.jpg,1
pcam_131444,./ml_datasets/images/pcam_131444.jpg,1
pcam_131445,./ml_datasets/images/pcam_131445.jpg,1
pcam_131446,./ml_datasets/images/pcam_131446.jpg,1
pcam_131447,./ml_datasets/images/pcam_131447.jpg,1
pcam_131448,./ml_datasets/images/pcam_131448.jpg,1
pcam_131449,./ml_datasets/images/pcam_131449.jpg,1
pcam_131450,./ml_datasets/images/pcam_131450.jpg,1
pcam_131451,./ml_datasets/images/pcam_131451.jpg,1
pcam_131452,./ml_datasets/images/pcam_131452.jpg,1
pcam_131453,./ml_datasets/images/pcam_131453.jpg,1
pcam_131454,./ml_datasets/images/pcam_131454.jpg,1
pcam_131455,./ml_datasets/images/pcam_131455.jpg,1
pcam_131456,./ml_datasets/images/pcam_131456.jpg,1
pcam_131457,./ml_datasets/images/pcam_131457.jpg,1
pcam_131458,./ml_datasets/images/pcam_131458.jpg,1
pcam_131459,./ml_datasets/images/pcam_131459.jpg,1
pcam_131460,./ml_datasets/images/pcam_131460.jpg,1
pcam_131461,./ml_datasets/images/pcam_131461.jpg,1
pcam_131462,./ml_datasets/images/pcam_131462.jpg,1
pcam_131463,./ml_datasets/images/pcam_131463.jpg,1
pcam_131464,./ml_datasets/images/pcam_131464.jpg,1
pcam_131465,./ml_datasets/images/pcam_131465.jpg,1
pcam_131466,./ml_datasets/images/pcam_131466.jpg,1
pcam_131467,./ml_datasets/images/pcam_131467.jpg,1
pcam_131468,./ml_datasets/images/pcam_131468.jpg,1
pcam_131469,./ml_datasets/images/pcam_131469.jpg,1
pcam_131470,./ml_datasets/images/pcam_131470.jpg,1
pcam_131471,./ml_datasets/images/pcam_131471.jpg,1
pcam_131472,./ml_datasets/images/pcam_131472.jpg,1
pcam_131473,./ml_datasets/images/pcam_131473.jpg,1
pcam_131474,./ml_datasets/images/pcam_131474.jpg,1
pcam_131475,./ml_datasets/images/pcam_131475.jpg,1
pcam_131476,./ml_datasets/images/pcam_131476.jpg,1
pcam_131477,./ml_datasets/images/pcam_131477.jpg,1
pcam_131478,./ml_datasets/images/pcam_131478.jpg,1
pcam_131479,./ml_datasets/images/pcam_131479.jpg,1
pcam_131480,./ml_datasets/images/pcam_131480.jpg,1
pcam_131481,./ml_datasets/images/pcam_131481.jpg,1
pcam_131482,./ml_datasets/images/pcam_131482.jpg,1
pcam_131483,./ml_datasets/images/pcam_131483.jpg,1
pcam_131484,./ml_datasets/images/pcam_131484.jpg,1
pcam_131485,./ml_datasets/images/pcam_131485.jpg,1
pcam_131486,./ml_datasets/images/pcam_131486.jpg,1
pcam_131487,./ml_datasets/images/pcam_131487.jpg,1
pcam_131488,./ml_datasets/images/pcam_131488.jpg,1
pcam_131489,./ml_datasets/images/pcam_131489.jpg,1
pcam_131490,./ml_datasets/images/pcam_131490.jpg,1
pcam_131491,./ml_datasets/images/pcam_131491.jpg,1
pcam_131492,./ml_datasets/images/pcam_131492.jpg,1
pcam_131493,./ml_datasets/images/pcam_131493.jpg,1
pcam_131494,./ml_datasets/images/pcam_131494.jpg,1
pcam_131495,./ml_datasets/images/pcam_131495.jpg,1
pcam_131496,./ml_datasets/images/pcam_131496.jpg,1
pcam_131497,./ml_datasets/images/pcam_131497.jpg,1
pcam_131498,./ml_datasets/images/pcam_131498.jpg,1
pcam_131499,./ml_datasets/images/pcam_131499.jpg,1
pcam_131500,./ml_datasets/images/pcam_131500.jpg,1
pcam_131501,./ml_datasets/images/pcam_131501.jpg,1
pcam_131502,./ml_datasets/images/pcam_131502.jpg,1
pcam_131503,./ml_datasets/images/pcam_131503.jpg,1
pcam_131504,./ml_datasets/images/pcam_131504.jpg,1
pcam_131505,./ml_datasets/images/pcam_131505.jpg,1
pcam_131506,./ml_datasets/images/pcam_131506.jpg,1
pcam_131507,./ml_datasets/images/pcam_131507.jpg,1
pcam_131508,./ml_datasets/images/pcam_131508.jpg,1
pcam_131509,./ml_datasets/images/pcam_131509.jpg,1
pcam_131510,./ml_datasets/images/pcam_131510.jpg,1
pcam_131511,./ml_datasets/images/pcam_131511.jpg,1
pcam_131512,./ml_datasets/images/pcam_131512.jpg,1
pcam_131513,./ml_datasets/images/pcam_131513.jpg,1
pcam_131514,./ml_datasets/images/pcam_131514.jpg,1
pcam_131515,./ml_datasets/images/pcam_131515.jpg,1
pcam_131516,./ml_datasets/images/pcam_131516.jpg,1
pcam_131517,./ml_datasets/images/pcam_131517.jpg,1
pcam_131518,./ml_datasets/images/pcam_131518.jpg,1
pcam_131519,./ml_datasets/images/pcam_131519.jpg,1
pcam_131520,./ml_datasets/images/pcam_131520.jpg,1
pcam_131521,./ml_datasets/images/pcam_131521.jpg,1
pcam_131522,./ml_datasets/images/pcam_131522.jpg,1
pcam_131523,./ml_datasets/images/pcam_131523.jpg,1
pcam_131524,./ml_datasets/images/pcam_131524.jpg,1
pcam_131525,./ml_datasets/images/pcam_131525.jpg,1
pcam_131526,./ml_datasets/images/pcam_131526.jpg,1
pcam_131527,./ml_datasets/images/pcam_131527.jpg,1
pcam_131528,./ml_datasets/images/pcam_131528.jpg,1
pcam_131529,./ml_datasets/images/pcam_131529.jpg,1
pcam_131530,./ml_datasets/images/pcam_131530.jpg,1
pcam_131531,./ml_datasets/images/pcam_131531.jpg,1
pcam_131532,./ml_datasets/images/pcam_131532.jpg,1
pcam_131533,./ml_datasets/images/pcam_131533.jpg,1
pcam_131534,./ml_datasets/images/pcam_131534.jpg,1
pcam_131535,./ml_datasets/images/pcam_131535.jpg,1
pcam_131536,./ml_datasets/images/pcam_131536.jpg,1
pcam_131537,./ml_datasets/images/pcam_131537.jpg,1
pcam_131538,./ml_datasets/images/pcam_131538.jpg,1
pcam_131539,./ml_datasets/images/pcam_131539.jpg,1
pcam_131540,./ml_datasets/images/pcam_131540.jpg,1
pcam_131541,./ml_datasets/images/pcam_131541.jpg,1
pcam_131542,./ml_datasets/images/pcam_131542.jpg,1
pcam_131543,./ml_datasets/images/pcam_131543.jpg,1
pcam_131544,./ml_datasets/images/pcam_131544.jpg,1
pcam_131545,./ml_datasets/images/pcam_131545.jpg,1
pcam_131546,./ml_datasets/images/pcam_131546.jpg,1
pcam_131547,./ml_datasets/images/pcam_131547.jpg,1
pcam_131548,./ml_datasets/images/pcam_131548.jpg,1
pcam_131549,./ml_datasets/images/pcam_131549.jpg,1
pcam_131550,./ml_datasets/images/pcam_131550.jpg,1
pcam_131551,./ml_datasets/images/pcam_131551.jpg,1
pcam_131552,./ml_datasets/images/pcam_131552.jpg,1
pcam_131553,./ml_datasets/images/pcam_131553.jpg,1
pcam_131554,./ml_datasets/images/pcam_131554.jpg,1
pcam_131555,./ml_datasets/images/pcam_131555.jpg,1
pcam_131556,./ml_datasets/images/pcam_131556.jpg,1
pcam_131557,./ml_datasets/images/pcam_131557.jpg,1
pcam_131558,./ml_datasets/images/pcam_131558.jpg,1
pcam_131559,./ml_datasets/images/pcam_131559.jpg,1
pcam_131560,./ml_datasets/images/pcam_131560.jpg,1
pcam_131561,./ml_datasets/images/pcam_131561.jpg,1
pcam_131562,./ml_datasets/images/pcam_131562.jpg,1
pcam_131563,./ml_datasets/images/pcam_131563.jpg,1
pcam_131564,./ml_datasets/images/pcam_131564.jpg,1
pcam_131565,./ml_datasets/images/pcam_131565.jpg,1
pcam_131566,./ml_datasets/images/pcam_131566.jpg,1
pcam_131567,./ml_datasets/images/pcam_131567.jpg,1
pcam_131568,./ml_datasets/images/pcam_131568.jpg,1
pcam_131569,./ml_datasets/images/pcam_131569.jpg,1
pcam_131570,./ml_datasets/images/pcam_131570.jpg,1
pcam_131571,./ml_datasets/images/pcam_131571.jpg,1
pcam_131572,./ml_datasets/images/pcam_131572.jpg,1
pcam_131573,./ml_datasets/images/pcam_131573.jpg,1
pcam_131574,./ml_datasets/images/pcam_131574.jpg,1
pcam_131575,./ml_datasets/images/pcam_131575.jpg,1
pcam_131576,./ml_datasets/images/pcam_131576.jpg,1
pcam_131577,./ml_datasets/images/pcam_131577.jpg,1
pcam_131578,./ml_datasets/images/pcam_131578.jpg,1
pcam_131579,./ml_datasets/images/pcam_131579.jpg,1
pcam_131580,./ml_datasets/images/pcam_131580.jpg,1
pcam_131581,./ml_datasets/images/pcam_131581.jpg,1
pcam_131582,./ml_datasets/images/pcam_131582.jpg,1
pcam_131583,./ml_datasets/images/pcam_131583.jpg,1
pcam_131584,./ml_datasets/images/pcam_131584.jpg,1
pcam_131585,./ml_datasets/images/pcam_131585.jpg,1
pcam_131586,./ml_datasets/images/pcam_131586.jpg,1
pcam_131587,./ml_datasets/images/pcam_131587.jpg,1
pcam_131588,./ml_datasets/images/pcam_131588.jpg,1
pcam_131589,./ml_datasets/images/pcam_131589.jpg,1
pcam_131590,./ml_datasets/images/pcam_131590.jpg,1
pcam_131591,./ml_datasets/images/pcam_131591.jpg,1
pcam_131592,./ml_datasets/images/pcam_131592.jpg,1
pcam_131593,./ml_datasets/images/pcam_131593.jpg,1
pcam_131594,./ml_datasets/images/pcam_131594.jpg,1
pcam_131595,./ml_datasets/images/pcam_131595.jpg,1
pcam_131596,./ml_datasets/images/pcam_131596.jpg,1
pcam_131597,./ml_datasets/images/pcam_131597.jpg,1
pcam_131598,./ml_datasets/images/pcam_131598.jpg,1
pcam_131599,./ml_datasets/images/pcam_131599.jpg,1
pcam_131600,./ml_datasets/images/pcam_131600.jpg,1
pcam_131601,./ml_datasets/images/pcam_131601.jpg,1
pcam_131602,./ml_datasets/images/pcam_131602.jpg,1
pcam_131603,./ml_datasets/images/pcam_131603.jpg,1
pcam_131604,./ml_datasets/images/pcam_131604.jpg,1
pcam_131605,./ml_datasets/images/pcam_131605.jpg,1
pcam_131606,./ml_datasets/images/pcam_131606.jpg,1
pcam_131607,./ml_datasets/images/pcam_131607.jpg,1
pcam_131608,./ml_datasets/images/pcam_131608.jpg,1
pcam_131609,./ml_datasets/images/pcam_131609.jpg,1
pcam_131610,./ml_datasets/images/pcam_131610.jpg,1
pcam_131611,./ml_datasets/images/pcam_131611.jpg,1
pcam_131612,./ml_datasets/images/pcam_131612.jpg,1
pcam_131613,./ml_datasets/images/pcam_131613.jpg,1
pcam_131614,./ml_datasets/images/pcam_131614.jpg,1
pcam_131615,./ml_datasets/images/pcam_131615.jpg,1
pcam_131616,./ml_datasets/images/pcam_131616.jpg,1
pcam_131617,./ml_datasets/images/pcam_131617.jpg,1
pcam_131618,./ml_datasets/images/pcam_131618.jpg,1
pcam_131619,./ml_datasets/images/pcam_131619.jpg,1
pcam_131620,./ml_datasets/images/pcam_131620.jpg,1
pcam_131621,./ml_datasets/images/pcam_131621.jpg,1
pcam_131622,./ml_datasets/images/pcam_131622.jpg,1
pcam_131623,./ml_datasets/images/pcam_131623.jpg,1
pcam_131624,./ml_datasets/images/pcam_131624.jpg,1
pcam_131625,./ml_datasets/images/pcam_131625.jpg,1
pcam_131626,./ml_datasets/images/pcam_131626.jpg,1
pcam_131627,./ml_datasets/images/pcam_131627.jpg,1
pcam_131628,./ml_datasets/images/pcam_131628.jpg,1
pcam_131629,./ml_datasets/images/pcam_131629.jpg,1
pcam_131630,./ml_datasets/images/pcam_131630.jpg,1
pcam_131631,./ml_datasets/images/pcam_131631.jpg,1
pcam_131632,./ml_datasets/images/pcam_131632.jpg,1
pcam_131633,./ml_datasets/images/pcam_131633.jpg,1
pcam_131634,./ml_datasets/images/pcam_131634.jpg,1
pcam_131635,./ml_datasets/images/pcam_131635.jpg,1
pcam_131636,./ml_datasets/images/pcam_131636.jpg,1
pcam_131637,./ml_datasets/images/pcam_131637.jpg,1
pcam_131638,./ml_datasets/images/pcam_131638.jpg,1
pcam_131639,./ml_datasets/images/pcam_131639.jpg,1
pcam_131640,./ml_datasets/images/pcam_131640.jpg,1
pcam_131641,./ml_datasets/images/pcam_131641.jpg,1
pcam_131642,./ml_datasets/images/pcam_131642.jpg,1
pcam_131643,./ml_datasets/images/pcam_131643.jpg,1
pcam_131644,./ml_datasets/images/pcam_131644.jpg,1
pcam_131645,./ml_datasets/images/pcam_131645.jpg,1
pcam_131646,./ml_datasets/images/pcam_131646.jpg,1
pcam_131647,./ml_datasets/images/pcam_131647.jpg,1
pcam_131648,./ml_datasets/images/pcam_131648.jpg,1
pcam_131649,./ml_datasets/images/pcam_131649.jpg,1
pcam_131650,./ml_datasets/images/pcam_131650.jpg,1
pcam_131651,./ml_datasets/images/pcam_131651.jpg,1
pcam_131652,./ml_datasets/images/pcam_131652.jpg,1
pcam_131653,./ml_datasets/images/pcam_131653.jpg,1
pcam_131654,./ml_datasets/images/pcam_131654.jpg,1
pcam_131655,./ml_datasets/images/pcam_131655.jpg,1
pcam_131656,./ml_datasets/images/pcam_131656.jpg,1
pcam_131657,./ml_datasets/images/pcam_131657.jpg,1
pcam_131658,./ml_datasets/images/pcam_131658.jpg,1
pcam_131659,./ml_datasets/images/pcam_131659.jpg,1
pcam_131660,./ml_datasets/images/pcam_131660.jpg,1
pcam_131661,./ml_datasets/images/pcam_131661.jpg,1
pcam_131662,./ml_datasets/images/pcam_131662.jpg,1
pcam_131663,./ml_datasets/images/pcam_131663.jpg,1
pcam_131664,./ml_datasets/images/pcam_131664.jpg,1
pcam_131665,./ml_datasets/images/pcam_131665.jpg,1
pcam_131666,./ml_datasets/images/pcam_131666.jpg,1
pcam_131667,./ml_datasets/images/pcam_131667.jpg,1
pcam_131668,./ml_datasets/images/pcam_131668.jpg,1
pcam_131669,./ml_datasets/images/pcam_131669.jpg,1
pcam_131670,./ml_datasets/images/pcam_131670.jpg,1
pcam_131671,./ml_datasets/images/pcam_131671.jpg,1
pcam_131672,./ml_datasets/images/pcam_131672.jpg,1
pcam_131673,./ml_datasets/images/pcam_131673.jpg,1
pcam_131674,./ml_datasets/images/pcam_131674.jpg,1
pcam_131675,./ml_datasets/images/pcam_131675.jpg,1
pcam_131676,./ml_datasets/images/pcam_131676.jpg,1
pcam_131677,./ml_datasets/images/pcam_131677.jpg,1
pcam_131678,./ml_datasets/images/pcam_131678.jpg,1
pcam_131679,./ml_datasets/images/pcam_131679.jpg,1
pcam_131680,./ml_datasets/images/pcam_131680.jpg,1
pcam_131681,./ml_datasets/images/pcam_131681.jpg,1
pcam_131682,./ml_datasets/images/pcam_131682.jpg,1
pcam_131683,./ml_datasets/images/pcam_131683.jpg,1
pcam_131684,./ml_datasets/images/pcam_131684.jpg,1
pcam_131685,./ml_datasets/images/pcam_131685.jpg,1
pcam_131686,./ml_datasets/images/pcam_131686.jpg,1
pcam_131687,./ml_datasets/images/pcam_131687.jpg,1
pcam_131688,./ml_datasets/images/pcam_131688.jpg,1
pcam_131689,./ml_datasets/images/pcam_131689.jpg,1
pcam_131690,./ml_datasets/images/pcam_131690.jpg,1
pcam_131691,./ml_datasets/images/pcam_131691.jpg,1
pcam_131692,./ml_datasets/images/pcam_131692.jpg,1
pcam_131693,./ml_datasets/images/pcam_131693.jpg,1
pcam_131694,./ml_datasets/images/pcam_131694.jpg,1
pcam_131695,./ml_datasets/images/pcam_131695.jpg,1
pcam_131696,./ml_datasets/images/pcam_131696.jpg,1
pcam_131697,./ml_datasets/images/pcam_131697.jpg,1
pcam_131698,./ml_datasets/images/pcam_131698.jpg,1
pcam_131699,./ml_datasets/images/pcam_131699.jpg,1
pcam_131700,./ml_datasets/images/pcam_131700.jpg,1
pcam_131701,./ml_datasets/images/pcam_131701.jpg,1
pcam_131702,./ml_datasets/images/pcam_131702.jpg,1
pcam_131703,./ml_datasets/images/pcam_131703.jpg,1
pcam_131704,./ml_datasets/images/pcam_131704.jpg,1
pcam_131705,./ml_datasets/images/pcam_131705.jpg,1
pcam_131706,./ml_datasets/images/pcam_131706.jpg,1
pcam_131707,./ml_datasets/images/pcam_131707.jpg,1
pcam_131708,./ml_datasets/images/pcam_131708.jpg,1
pcam_131709,./ml_datasets/images/pcam_131709.jpg,1
pcam_131710,./ml_datasets/images/pcam_131710.jpg,1
pcam_131711,./ml_datasets/images/pcam_131711.jpg,1
pcam_131712,./ml_datasets/images/pcam_131712.jpg,1
pcam_131713,./ml_datasets/images/pcam_131713.jpg,1
pcam_131714,./ml_datasets/images/pcam_131714.jpg,1
pcam_131715,./ml_datasets/images/pcam_131715.jpg,1
pcam_131716,./ml_datasets/images/pcam_131716.jpg,1
pcam_131717,./ml_datasets/images/pcam_131717.jpg,1
pcam_131718,./ml_datasets/images/pcam_131718.jpg,1
pcam_131719,./ml_datasets/images/pcam_131719.jpg,1
pcam_131720,./ml_datasets/images/pcam_131720.jpg,1
pcam_131721,./ml_datasets/images/pcam_131721.jpg,1
pcam_131722,./ml_datasets/images/pcam_131722.jpg,1
pcam_131723,./ml_datasets/images/pcam_131723.jpg,1
pcam_131724,./ml_datasets/images/pcam_131724.jpg,1
pcam_131725,./ml_datasets/images/pcam_131725.jpg,1
pcam_131726,./ml_datasets/images/pcam_131726.jpg,1
pcam_131727,./ml_datasets/images/pcam_131727.jpg,1
pcam_131728,./ml_datasets/images/pcam_131728.jpg,1
pcam_131729,./ml_datasets/images/pcam_131729.jpg,1
pcam_131730,./ml_datasets/images/pcam_131730.jpg,1
pcam_131731,./ml_datasets/images/pcam_131731.jpg,1
pcam_131732,./ml_datasets/images/pcam_131732.jpg,1
pcam_131733,./ml_datasets/images/pcam_131733.jpg,1
pcam_131734,./ml_datasets/images/pcam_131734.jpg,1
pcam_131735,./ml_datasets/images/pcam_131735.jpg,1
pcam_131736,./ml_datasets/images/pcam_131736.jpg,1
pcam_131737,./ml_datasets/images/pcam_131737.jpg,1
pcam_131738,./ml_datasets/images/pcam_131738.jpg,1
pcam_131739,./ml_datasets/images/pcam_131739.jpg,1
pcam_131740,./ml_datasets/images/pcam_131740.jpg,1
pcam_131741,./ml_datasets/images/pcam_131741.jpg,1
pcam_131742,./ml_datasets/images/pcam_131742.jpg,1
pcam_131743,./ml_datasets/images/pcam_131743.jpg,1
pcam_131744,./ml_datasets/images/pcam_131744.jpg,1
pcam_131745,./ml_datasets/images/pcam_131745.jpg,1
pcam_131746,./ml_datasets/images/pcam_131746.jpg,1
pcam_131747,./ml_datasets/images/pcam_131747.jpg,1
pcam_131748,./ml_datasets/images/pcam_131748.jpg,1
pcam_131749,./ml_datasets/images/pcam_131749.jpg,1
pcam_131750,./ml_datasets/images/pcam_131750.jpg,1
pcam_131751,./ml_datasets/images/pcam_131751.jpg,1
pcam_131752,./ml_datasets/images/pcam_131752.jpg,1
pcam_131753,./ml_datasets/images/pcam_131753.jpg,1
pcam_131754,./ml_datasets/images/pcam_131754.jpg,1
pcam_131755,./ml_datasets/images/pcam_131755.jpg,1
pcam_131756,./ml_datasets/images/pcam_131756.jpg,1
pcam_131757,./ml_datasets/images/pcam_131757.jpg,1
pcam_131758,./ml_datasets/images/pcam_131758.jpg,1
pcam_131759,./ml_datasets/images/pcam_131759.jpg,1
pcam_131760,./ml_datasets/images/pcam_131760.jpg,1
pcam_131761,./ml_datasets/images/pcam_131761.jpg,1
pcam_131762,./ml_datasets/images/pcam_131762.jpg,1
pcam_131763,./ml_datasets/images/pcam_131763.jpg,1
pcam_131764,./ml_datasets/images/pcam_131764.jpg,1
pcam_131765,./ml_datasets/images/pcam_131765.jpg,1
pcam_131766,./ml_datasets/images/pcam_131766.jpg,1
pcam_131767,./ml_datasets/images/pcam_131767.jpg,1
pcam_131768,./ml_datasets/images/pcam_131768.jpg,1
pcam_131769,./ml_datasets/images/pcam_131769.jpg,1
pcam_131770,./ml_datasets/images/pcam_131770.jpg,1
pcam_131771,./ml_datasets/images/pcam_131771.jpg,1
pcam_131772,./ml_datasets/images/pcam_131772.jpg,1
pcam_131773,./ml_datasets/images/pcam_131773.jpg,1
pcam_131774,./ml_datasets/images/pcam_131774.jpg,1
pcam_131775,./ml_datasets/images/pcam_131775.jpg,1
pcam_131776,./ml_datasets/images/pcam_131776.jpg,1
pcam_131777,./ml_datasets/images/pcam_131777.jpg,1
pcam_131778,./ml_datasets/images/pcam_131778.jpg,1
pcam_131779,./ml_datasets/images/pcam_131779.jpg,1
pcam_131780,./ml_datasets/images/pcam_131780.jpg,1
pcam_131781,./ml_datasets/images/pcam_131781.jpg,1
pcam_131782,./ml_datasets/images/pcam_131782.jpg,1
pcam_131783,./ml_datasets/images/pcam_131783.jpg,1
pcam_131784,./ml_datasets/images/pcam_131784.jpg,1
pcam_131785,./ml_datasets/images/pcam_131785.jpg,1
pcam_131786,./ml_datasets/images/pcam_131786.jpg,1
pcam_131787,./ml_datasets/images/pcam_131787.jpg,1
pcam_131788,./ml_datasets/images/pcam_131788.jpg,1
pcam_131789,./ml_datasets/images/pcam_131789.jpg,1
pcam_131790,./ml_datasets/images/pcam_131790.jpg,1
pcam_131791,./ml_datasets/images/pcam_131791.jpg,1
pcam_131792,./ml_datasets/images/pcam_131792.jpg,1
pcam_131793,./ml_datasets/images/pcam_131793.jpg,1
pcam_131794,./ml_datasets/images/pcam_131794.jpg,1
pcam_131795,./ml_datasets/images/pcam_131795.jpg,1
pcam_131796,./ml_datasets/images/pcam_131796.jpg,1
pcam_131797,./ml_datasets/images/pcam_131797.jpg,1
pcam_131798,./ml_datasets/images/pcam_131798.jpg,1
pcam_131799,./ml_datasets/images/pcam_131799.jpg,1
pcam_131800,./ml_datasets/images/pcam_131800.jpg,1
pcam_131801,./ml_datasets/images/pcam_131801.jpg,1
pcam_131802,./ml_datasets/images/pcam_131802.jpg,1
pcam_131803,./ml_datasets/images/pcam_131803.jpg,1
pcam_131804,./ml_datasets/images/pcam_131804.jpg,1
pcam_131805,./ml_datasets/images/pcam_131805.jpg,1
pcam_131806,./ml_datasets/images/pcam_131806.jpg,1
pcam_131807,./ml_datasets/images/pcam_131807.jpg,1
pcam_131808,./ml_datasets/images/pcam_131808.jpg,1
pcam_131809,./ml_datasets/images/pcam_131809.jpg,1
pcam_131810,./ml_datasets/images/pcam_131810.jpg,1
pcam_131811,./ml_datasets/images/pcam_131811.jpg,1
pcam_131812,./ml_datasets/images/pcam_131812.jpg,1
pcam_131813,./ml_datasets/images/pcam_131813.jpg,1
pcam_131814,./ml_datasets/images/pcam_131814.jpg,1
pcam_131815,./ml_datasets/images/pcam_131815.jpg,1
pcam_131816,./ml_datasets/images/pcam_131816.jpg,1
pcam_131817,./ml_datasets/images/pcam_131817.jpg,1
pcam_131818,./ml_datasets/images/pcam_131818.jpg,1
pcam_131819,./ml_datasets/images/pcam_131819.jpg,1
pcam_131820,./ml_datasets/images/pcam_131820.jpg,1
pcam_131821,./ml_datasets/images/pcam_131821.jpg,1
pcam_131822,./ml_datasets/images/pcam_131822.jpg,1
pcam_131823,./ml_datasets/images/pcam_131823.jpg,1
pcam_131824,./ml_datasets/images/pcam_131824.jpg,1
pcam_131825,./ml_datasets/images/pcam_131825.jpg,1
pcam_131826,./ml_datasets/images/pcam_131826.jpg,1
pcam_131827,./ml_datasets/images/pcam_131827.jpg,1
pcam_131828,./ml_datasets/images/pcam_131828.jpg,1
pcam_131829,./ml_datasets/images/pcam_131829.jpg,1
pcam_131830,./ml_datasets/images/pcam_131830.jpg,1
pcam_131831,./ml_datasets/images/pcam_131831.jpg,1
pcam_131832,./ml_datasets/images/pcam_131832.jpg,1
pcam_131833,./ml_datasets/images/pcam_131833.jpg,1
pcam_131834,./ml_datasets/images/pcam_131834.jpg,1
pcam_131835,./ml_datasets/images/pcam_131835.jpg,1
pcam_131836,./ml_datasets/images/pcam_131836.jpg,1
pcam_131837,./ml_datasets/images/pcam_131837.jpg,1
pcam_131838,./ml_datasets/images/pcam_131838.jpg,1
pcam_131839,./ml_datasets/images/pcam_131839.jpg,1
pcam_131840,./ml_datasets/images/pcam_131840.jpg,1
pcam_131841,./ml_datasets/images/pcam_131841.jpg,1
pcam_131842,./ml_datasets/images/pcam_131842.jpg,1
pcam_131843,./ml_datasets/images/pcam_131843.jpg,1
pcam_131844,./ml_datasets/images/pcam_131844.jpg,1
pcam_131845,./ml_datasets/images/pcam_131845.jpg,1
pcam_131846,./ml_datasets/images/pcam_131846.jpg,1
pcam_131847,./ml_datasets/images/pcam_131847.jpg,1
pcam_131848,./ml_datasets/images/pcam_131848.jpg,1
pcam_131849,./ml_datasets/images/pcam_131849.jpg,1
pcam_131850,./ml_datasets/images/pcam_131850.jpg,1
pcam_131851,./ml_datasets/images/pcam_131851.jpg,1
pcam_131852,./ml_datasets/images/pcam_131852.jpg,1
pcam_131853,./ml_datasets/images/pcam_131853.jpg,1
pcam_131854,./ml_datasets/images/pcam_131854.jpg,1
pcam_131855,./ml_datasets/images/pcam_131855.jpg,1
pcam_131856,./ml_datasets/images/pcam_131856.jpg,1
pcam_131857,./ml_datasets/images/pcam_131857.jpg,1
pcam_131858,./ml_datasets/images/pcam_131858.jpg,1
pcam_131859,./ml_datasets/images/pcam_131859.jpg,1
pcam_131860,./ml_datasets/images/pcam_131860.jpg,1
pcam_131861,./ml_datasets/images/pcam_131861.jpg,1
pcam_131862,./ml_datasets/images/pcam_131862.jpg,1
pcam_131863,./ml_datasets/images/pcam_131863.jpg,1
pcam_131864,./ml_datasets/images/pcam_131864.jpg,1
pcam_131865,./ml_datasets/images/pcam_131865.jpg,1
pcam_131866,./ml_datasets/images/pcam_131866.jpg,1
pcam_131867,./ml_datasets/images/pcam_131867.jpg,1
pcam_131868,./ml_datasets/images/pcam_131868.jpg,1
pcam_131869,./ml_datasets/images/pcam_131869.jpg,1
pcam_131870,./ml_datasets/images/pcam_131870.jpg,1
pcam_131871,./ml_datasets/images/pcam_131871.jpg,1
pcam_131872,./ml_datasets/images/pcam_131872.jpg,1
pcam_131873,./ml_datasets/images/pcam_131873.jpg,1
pcam_131874,./ml_datasets/images/pcam_131874.jpg,1
pcam_131875,./ml_datasets/images/pcam_131875.jpg,1
pcam_131876,./ml_datasets/images/pcam_131876.jpg,1
pcam_131877,./ml_datasets/images/pcam_131877.jpg,1
pcam_131878,./ml_datasets/images/pcam_131878.jpg,1
pcam_131879,./ml_datasets/images/pcam_131879.jpg,1
pcam_131880,./ml_datasets/images/pcam_131880.jpg,1
pcam_131881,./ml_datasets/images/pcam_131881.jpg,1
pcam_131882,./ml_datasets/images/pcam_131882.jpg,1
pcam_131883,./ml_datasets/images/pcam_131883.jpg,1
pcam_131884,./ml_datasets/images/pcam_131884.jpg,1
pcam_131885,./ml_datasets/images/pcam_131885.jpg,1
pcam_131886,./ml_datasets/images/pcam_131886.jpg,1
pcam_131887,./ml_datasets/images/pcam_131887.jpg,1
pcam_131888,./ml_datasets/images/pcam_131888.jpg,1
pcam_131889,./ml_datasets/images/pcam_131889.jpg,1
pcam_131890,./ml_datasets/images/pcam_131890.jpg,1
pcam_131891,./ml_datasets/images/pcam_131891.jpg,1
pcam_131892,./ml_datasets/images/pcam_131892.jpg,1
pcam_131893,./ml_datasets/images/pcam_131893.jpg,1
pcam_131894,./ml_datasets/images/pcam_131894.jpg,1
pcam_131895,./ml_datasets/images/pcam_131895.jpg,1
pcam_131896,./ml_datasets/images/pcam_131896.jpg,1
pcam_131897,./ml_datasets/images/pcam_131897.jpg,1
pcam_131898,./ml_datasets/images/pcam_131898.jpg,1
pcam_131899,./ml_datasets/images/pcam_131899.jpg,1
pcam_131900,./ml_datasets/images/pcam_131900.jpg,1
pcam_131901,./ml_datasets/images/pcam_131901.jpg,1
pcam_131902,./ml_datasets/images/pcam_131902.jpg,1
pcam_131903,./ml_datasets/images/pcam_131903.jpg,1
pcam_131904,./ml_datasets/images/pcam_131904.jpg,1
pcam_131905,./ml_datasets/images/pcam_131905.jpg,1
pcam_131906,./ml_datasets/images/pcam_131906.jpg,1
pcam_131907,./ml_datasets/images/pcam_131907.jpg,1
pcam_131908,./ml_datasets/images/pcam_131908.jpg,1
pcam_131909,./ml_datasets/images/pcam_131909.jpg,1
pcam_131910,./ml_datasets/images/pcam_131910.jpg,1
pcam_131911,./ml_datasets/images/pcam_131911.jpg,1
pcam_131912,./ml_datasets/images/pcam_131912.jpg,1
pcam_131913,./ml_datasets/images/pcam_131913.jpg,1
pcam_131914,./ml_datasets/images/pcam_131914.jpg,1
pcam_131915,./ml_datasets/images/pcam_131915.jpg,1
pcam_131916,./ml_datasets/images/pcam_131916.jpg,1
pcam_131917,./ml_datasets/images/pcam_131917.jpg,1
pcam_131918,./ml_datasets/images/pcam_131918.jpg,1
pcam_131919,./ml_datasets/images/pcam_131919.jpg,1
pcam_131920,./ml_datasets/images/pcam_131920.jpg,1
pcam_131921,./ml_datasets/images/pcam_131921.jpg,1
pcam_131922,./ml_datasets/images/pcam_131922.jpg,1
pcam_131923,./ml_datasets/images/pcam_131923.jpg,1
pcam_131924,./ml_datasets/images/pcam_131924.jpg,1
pcam_131925,./ml_datasets/images/pcam_131925.jpg,1
pcam_131926,./ml_datasets/images/pcam_131926.jpg,1
pcam_131927,./ml_datasets/images/pcam_131927.jpg,1
pcam_131928,./ml_datasets/images/pcam_131928.jpg,1
pcam_131929,./ml_datasets/images/pcam_131929.jpg,1
pcam_131930,./ml_datasets/images/pcam_131930.jpg,1
pcam_131931,./ml_datasets/images/pcam_131931.jpg,1
pcam_131932,./ml_datasets/images/pcam_131932.jpg,1
pcam_131933,./ml_datasets/images/pcam_131933.jpg,1
pcam_131934,./ml_datasets/images/pcam_131934.jpg,1
pcam_131935,./ml_datasets/images/pcam_131935.jpg,1
pcam_131936,./ml_datasets/images/pcam_131936.jpg,1
pcam_131937,./ml_datasets/images/pcam_131937.jpg,1
pcam_131938,./ml_datasets/images/pcam_131938.jpg,1
pcam_131939,./ml_datasets/images/pcam_131939.jpg,1
pcam_131940,./ml_datasets/images/pcam_131940.jpg,1
pcam_131941,./ml_datasets/images/pcam_131941.jpg,1
pcam_131942,./ml_datasets/images/pcam_131942.jpg,1
pcam_131943,./ml_datasets/images/pcam_131943.jpg,1
pcam_131944,./ml_datasets/images/pcam_131944.jpg,1
pcam_131945,./ml_datasets/images/pcam_131945.jpg,1
pcam_131946,./ml_datasets/images/pcam_131946.jpg,1
pcam_131947,./ml_datasets/images/pcam_131947.jpg,1
pcam_131948,./ml_datasets/images/pcam_131948.jpg,1
pcam_131949,./ml_datasets/images/pcam_131949.jpg,1
pcam_131950,./ml_datasets/images/pcam_131950.jpg,1
pcam_131951,./ml_datasets/images/pcam_131951.jpg,1
pcam_131952,./ml_datasets/images/pcam_131952.jpg,1
pcam_131953,./ml_datasets/images/pcam_131953.jpg,1
pcam_131954,./ml_datasets/images/pcam_131954.jpg,1
pcam_131955,./ml_datasets/images/pcam_131955.jpg,1
pcam_131956,./ml_datasets/images/pcam_131956.jpg,1
pcam_131957,./ml_datasets/images/pcam_131957.jpg,1
pcam_131958,./ml_datasets/images/pcam_131958.jpg,1
pcam_131959,./ml_datasets/images/pcam_131959.jpg,1
pcam_131960,./ml_datasets/images/pcam_131960.jpg,1
pcam_131961,./ml_datasets/images/pcam_131961.jpg,1
pcam_131962,./ml_datasets/images/pcam_131962.jpg,1
pcam_131963,./ml_datasets/images/pcam_131963.jpg,1
pcam_131964,./ml_datasets/images/pcam_131964.jpg,1
pcam_131965,./ml_datasets/images/pcam_131965.jpg,1
pcam_131966,./ml_datasets/images/pcam_131966.jpg,1
pcam_131967,./ml_datasets/images/pcam_131967.jpg,1
pcam_131968,./ml_datasets/images/pcam_131968.jpg,1
pcam_131969,./ml_datasets/images/pcam_131969.jpg,1
pcam_131970,./ml_datasets/images/pcam_131970.jpg,1
pcam_131971,./ml_datasets/images/pcam_131971.jpg,1
pcam_131972,./ml_datasets/images/pcam_131972.jpg,1
pcam_131973,./ml_datasets/images/pcam_131973.jpg,1
pcam_131974,./ml_datasets/images/pcam_131974.jpg,1
pcam_131975,./ml_datasets/images/pcam_131975.jpg,1
pcam_131976,./ml_datasets/images/pcam_131976.jpg,1
pcam_131977,./ml_datasets/images/pcam_131977.jpg,1
pcam_131978,./ml_datasets/images/pcam_131978.jpg,1
pcam_131979,./ml_datasets/images/pcam_131979.jpg,1
pcam_131980,./ml_datasets/images/pcam_131980.jpg,1
pcam_131981,./ml_datasets/images/pcam_131981.jpg,1
pcam_131982,./ml_datasets/images/pcam_131982.jpg,1
pcam_131983,./ml_datasets/images/pcam_131983.jpg,1
pcam_131984,./ml_datasets/images/pcam_131984.jpg,1
pcam_131985,./ml_datasets/images/pcam_131985.jpg,1
pcam_131986,./ml_datasets/images/pcam_131986.jpg,1
pcam_131987,./ml_datasets/images/pcam_131987.jpg,1
pcam_131988,./ml_datasets/images/pcam_131988.jpg,1
pcam_131989,./ml_datasets/images/pcam_131989.jpg,1
pcam_131990,./ml_datasets/images/pcam_131990.jpg,1
pcam_131991,./ml_datasets/images/pcam_131991.jpg,1
pcam_131992,./ml_datasets/images/pcam_131992.jpg,1
pcam_131993,./ml_datasets/images/pcam_131993.jpg,1
pcam_131994,./ml_datasets/images/pcam_131994.jpg,1
pcam_131995,./ml_datasets/images/pcam_131995.jpg,1
pcam_131996,./ml_datasets/images/pcam_131996.jpg,1
pcam_131997,./ml_datasets/images/pcam_131997.jpg,1
pcam_131998,./ml_datasets/images/pcam_131998.jpg,1
pcam_131999,./ml_datasets/images/pcam_131999.jpg,1
pcam_132000,./ml_datasets/images/pcam_132000.jpg,1
pcam_132001,./ml_datasets/images/pcam_132001.jpg,1
pcam_132002,./ml_datasets/images/pcam_132002.jpg,1
pcam_132003,./ml_datasets/images/pcam_132003.jpg,1
pcam_132004,./ml_datasets/images/pcam_132004.jpg,1
pcam_132005,./ml_datasets/images/pcam_132005.jpg,1
pcam_132006,./ml_datasets/images/pcam_132006.jpg,1
pcam_132007,./ml_datasets/images/pcam_132007.jpg,1
pcam_132008,./ml_datasets/images/pcam_132008.jpg,1
pcam_132009,./ml_datasets/images/pcam_132009.jpg,1
pcam_132010,./ml_datasets/images/pcam_132010.jpg,1
pcam_132011,./ml_datasets/images/pcam_132011.jpg,1
pcam_132012,./ml_datasets/images/pcam_132012.jpg,1
pcam_132013,./ml_datasets/images/pcam_132013.jpg,1
pcam_132014,./ml_datasets/images/pcam_132014.jpg,1
pcam_132015,./ml_datasets/images/pcam_132015.jpg,1
pcam_132016,./ml_datasets/images/pcam_132016.jpg,1
pcam_132017,./ml_datasets/images/pcam_132017.jpg,1
pcam_132018,./ml_datasets/images/pcam_132018.jpg,1
pcam_132019,./ml_datasets/images/pcam_132019.jpg,1
pcam_132020,./ml_datasets/images/pcam_132020.jpg,1
pcam_132021,./ml_datasets/images/pcam_132021.jpg,1
pcam_132022,./ml_datasets/images/pcam_132022.jpg,1
pcam_132023,./ml_datasets/images/pcam_132023.jpg,1
pcam_132024,./ml_datasets/images/pcam_132024.jpg,1
pcam_132025,./ml_datasets/images/pcam_132025.jpg,1
pcam_132026,./ml_datasets/images/pcam_132026.jpg,1
pcam_132027,./ml_datasets/images/pcam_132027.jpg,1
pcam_132028,./ml_datasets/images/pcam_132028.jpg,1
pcam_132029,./ml_datasets/images/pcam_132029.jpg,1
pcam_132030,./ml_datasets/images/pcam_132030.jpg,1
pcam_132031,./ml_datasets/images/pcam_132031.jpg,1
pcam_132032,./ml_datasets/images/pcam_132032.jpg,1
pcam_132033,./ml_datasets/images/pcam_132033.jpg,1
pcam_132034,./ml_datasets/images/pcam_132034.jpg,1
pcam_132035,./ml_datasets/images/pcam_132035.jpg,1
pcam_132036,./ml_datasets/images/pcam_132036.jpg,1
pcam_132037,./ml_datasets/images/pcam_132037.jpg,1
pcam_132038,./ml_datasets/images/pcam_132038.jpg,1
pcam_132039,./ml_datasets/images/pcam_132039.jpg,1
pcam_132040,./ml_datasets/images/pcam_132040.jpg,1
pcam_132041,./ml_datasets/images/pcam_132041.jpg,1
pcam_132042,./ml_datasets/images/pcam_132042.jpg,1
pcam_132043,./ml_datasets/images/pcam_132043.jpg,1
pcam_132044,./ml_datasets/images/pcam_132044.jpg,1
pcam_132045,./ml_datasets/images/pcam_132045.jpg,1
pcam_132046,./ml_datasets/images/pcam_132046.jpg,1
pcam_132047,./ml_datasets/images/pcam_132047.jpg,1
pcam_132048,./ml_datasets/images/pcam_132048.jpg,1
pcam_132049,./ml_datasets/images/pcam_132049.jpg,1
pcam_132050,./ml_datasets/images/pcam_132050.jpg,1
pcam_132051,./ml_datasets/images/pcam_132051.jpg,1
pcam_132052,./ml_datasets/images/pcam_132052.jpg,1
pcam_132053,./ml_datasets/images/pcam_132053.jpg,1
pcam_132054,./ml_datasets/images/pcam_132054.jpg,1
pcam_132055,./ml_datasets/images/pcam_132055.jpg,1
pcam_132056,./ml_datasets/images/pcam_132056.jpg,1
pcam_132057,./ml_datasets/images/pcam_132057.jpg,1
pcam_132058,./ml_datasets/images/pcam_132058.jpg,1
pcam_132059,./ml_datasets/images/pcam_132059.jpg,1
pcam_132060,./ml_datasets/images/pcam_132060.jpg,1
pcam_132061,./ml_datasets/images/pcam_132061.jpg,1
pcam_132062,./ml_datasets/images/pcam_132062.jpg,1
pcam_132063,./ml_datasets/images/pcam_132063.jpg,1
pcam_132064,./ml_datasets/images/pcam_132064.jpg,1
pcam_132065,./ml_datasets/images/pcam_132065.jpg,1
pcam_132066,./ml_datasets/images/pcam_132066.jpg,1
pcam_132067,./ml_datasets/images/pcam_132067.jpg,1
pcam_132068,./ml_datasets/images/pcam_132068.jpg,1
pcam_132069,./ml_datasets/images/pcam_132069.jpg,1
pcam_132070,./ml_datasets/images/pcam_132070.jpg,1
pcam_132071,./ml_datasets/images/pcam_132071.jpg,1
pcam_132072,./ml_datasets/images/pcam_132072.jpg,1
pcam_132073,./ml_datasets/images/pcam_132073.jpg,1
pcam_132074,./ml_datasets/images/pcam_132074.jpg,1
pcam_132075,./ml_datasets/images/pcam_132075.jpg,1
pcam_132076,./ml_datasets/images/pcam_132076.jpg,1
pcam_132077,./ml_datasets/images/pcam_132077.jpg,1
pcam_132078,./ml_datasets/images/pcam_132078.jpg,1
pcam_132079,./ml_datasets/images/pcam_132079.jpg,1
pcam_132080,./ml_datasets/images/pcam_132080.jpg,1
pcam_132081,./ml_datasets/images/pcam_132081.jpg,1
pcam_132082,./ml_datasets/images/pcam_132082.jpg,1
pcam_132083,./ml_datasets/images/pcam_132083.jpg,1
pcam_132084,./ml_datasets/images/pcam_132084.jpg,1
pcam_132085,./ml_datasets/images/pcam_132085.jpg,1
pcam_132086,./ml_datasets/images/pcam_132086.jpg,1
pcam_132087,./ml_datasets/images/pcam_132087.jpg,1
pcam_132088,./ml_datasets/images/pcam_132088.jpg,1
pcam_132089,./ml_datasets/images/pcam_132089.jpg,1
pcam_132090,./ml_datasets/images/pcam_132090.jpg,1
pcam_132091,./ml_datasets/images/pcam_132091.jpg,1
pcam_132092,./ml_datasets/images/pcam_132092.jpg,1
pcam_132093,./ml_datasets/images/pcam_132093.jpg,1
pcam_132094,./ml_datasets/images/pcam_132094.jpg,1
pcam_132095,./ml_datasets/images/pcam_132095.jpg,1
pcam_132096,./ml_datasets/images/pcam_132096.jpg,1
pcam_132097,./ml_datasets/images/pcam_132097.jpg,1
pcam_132098,./ml_datasets/images/pcam_132098.jpg,1
pcam_132099,./ml_datasets/images/pcam_132099.jpg,1
pcam_132100,./ml_datasets/images/pcam_132100.jpg,1
pcam_132101,./ml_datasets/images/pcam_132101.jpg,1
pcam_132102,./ml_datasets/images/pcam_132102.jpg,1
pcam_132103,./ml_datasets/images/pcam_132103.jpg,1
pcam_132104,./ml_datasets/images/pcam_132104.jpg,1
pcam_132105,./ml_datasets/images/pcam_132105.jpg,1
pcam_132106,./ml_datasets/images/pcam_132106.jpg,1
pcam_132107,./ml_datasets/images/pcam_132107.jpg,1
pcam_132108,./ml_datasets/images/pcam_132108.jpg,1
pcam_132109,./ml_datasets/images/pcam_132109.jpg,1
pcam_132110,./ml_datasets/images/pcam_132110.jpg,1
pcam_132111,./ml_datasets/images/pcam_132111.jpg,1
pcam_132112,./ml_datasets/images/pcam_132112.jpg,1
pcam_132113,./ml_datasets/images/pcam_132113.jpg,1
pcam_132114,./ml_datasets/images/pcam_132114.jpg,1
pcam_132115,./ml_datasets/images/pcam_132115.jpg,1
pcam_132116,./ml_datasets/images/pcam_132116.jpg,1
pcam_132117,./ml_datasets/images/pcam_132117.jpg,1
pcam_132118,./ml_datasets/images/pcam_132118.jpg,1
pcam_132119,./ml_datasets/images/pcam_132119.jpg,1
pcam_132120,./ml_datasets/images/pcam_132120.jpg,1
pcam_132121,./ml_datasets/images/pcam_132121.jpg,1
pcam_132122,./ml_datasets/images/pcam_132122.jpg,1
pcam_132123,./ml_datasets/images/pcam_132123.jpg,1
pcam_132124,./ml_datasets/images/pcam_132124.jpg,1
pcam_132125,./ml_datasets/images/pcam_132125.jpg,1
pcam_132126,./ml_datasets/images/pcam_132126.jpg,1
pcam_132127,./ml_datasets/images/pcam_132127.jpg,1
pcam_132128,./ml_datasets/images/pcam_132128.jpg,1
pcam_132129,./ml_datasets/images/pcam_132129.jpg,1
pcam_132130,./ml_datasets/images/pcam_132130.jpg,1
pcam_132131,./ml_datasets/images/pcam_132131.jpg,1
pcam_132132,./ml_datasets/images/pcam_132132.jpg,1
pcam_132133,./ml_datasets/images/pcam_132133.jpg,1
pcam_132134,./ml_datasets/images/pcam_132134.jpg,1
pcam_132135,./ml_datasets/images/pcam_132135.jpg,1
pcam_132136,./ml_datasets/images/pcam_132136.jpg,1
pcam_132137,./ml_datasets/images/pcam_132137.jpg,1
pcam_132138,./ml_datasets/images/pcam_132138.jpg,1
pcam_132139,./ml_datasets/images/pcam_132139.jpg,1
pcam_132140,./ml_datasets/images/pcam_132140.jpg,1
pcam_132141,./ml_datasets/images/pcam_132141.jpg,1
pcam_132142,./ml_datasets/images/pcam_132142.jpg,1
pcam_132143,./ml_datasets/images/pcam_132143.jpg,1
pcam_132144,./ml_datasets/images/pcam_132144.jpg,1
pcam_132145,./ml_datasets/images/pcam_132145.jpg,1
pcam_132146,./ml_datasets/images/pcam_132146.jpg,1
pcam_132147,./ml_datasets/images/pcam_132147.jpg,1
pcam_132148,./ml_datasets/images/pcam_132148.jpg,1
pcam_132149,./ml_datasets/images/pcam_132149.jpg,1
pcam_132150,./ml_datasets/images/pcam_132150.jpg,1
pcam_132151,./ml_datasets/images/pcam_132151.jpg,1
pcam_132152,./ml_datasets/images/pcam_132152.jpg,1
pcam_132153,./ml_datasets/images/pcam_132153.jpg,1
pcam_132154,./ml_datasets/images/pcam_132154.jpg,1
pcam_132155,./ml_datasets/images/pcam_132155.jpg,1
pcam_132156,./ml_datasets/images/pcam_132156.jpg,1
pcam_132157,./ml_datasets/images/pcam_132157.jpg,1
pcam_132158,./ml_datasets/images/pcam_132158.jpg,1
pcam_132159,./ml_datasets/images/pcam_132159.jpg,1
pcam_132160,./ml_datasets/images/pcam_132160.jpg,1
pcam_132161,./ml_datasets/images/pcam_132161.jpg,1
pcam_132162,./ml_datasets/images/pcam_132162.jpg,1
pcam_132163,./ml_datasets/images/pcam_132163.jpg,1
pcam_132164,./ml_datasets/images/pcam_132164.jpg,1
pcam_132165,./ml_datasets/images/pcam_132165.jpg,1
pcam_132166,./ml_datasets/images/pcam_132166.jpg,1
pcam_132167,./ml_datasets/images/pcam_132167.jpg,1
pcam_132168,./ml_datasets/images/pcam_132168.jpg,1
pcam_132169,./ml_datasets/images/pcam_132169.jpg,1
pcam_132170,./ml_datasets/images/pcam_132170.jpg,1
pcam_132171,./ml_datasets/images/pcam_132171.jpg,1
pcam_132172,./ml_datasets/images/pcam_132172.jpg,1
pcam_132173,./ml_datasets/images/pcam_132173.jpg,1
pcam_132174,./ml_datasets/images/pcam_132174.jpg,1
pcam_132175,./ml_datasets/images/pcam_132175.jpg,1
pcam_132176,./ml_datasets/images/pcam_132176.jpg,1
pcam_132177,./ml_datasets/images/pcam_132177.jpg,1
pcam_132178,./ml_datasets/images/pcam_132178.jpg,1
pcam_132179,./ml_datasets/images/pcam_132179.jpg,1
pcam_132180,./ml_datasets/images/pcam_132180.jpg,1
pcam_132181,./ml_datasets/images/pcam_132181.jpg,1
pcam_132182,./ml_datasets/images/pcam_132182.jpg,1
pcam_132183,./ml_datasets/images/pcam_132183.jpg,1
pcam_132184,./ml_datasets/images/pcam_132184.jpg,1
pcam_132185,./ml_datasets/images/pcam_132185.jpg,1
pcam_132186,./ml_datasets/images/pcam_132186.jpg,1
pcam_132187,./ml_datasets/images/pcam_132187.jpg,1
pcam_132188,./ml_datasets/images/pcam_132188.jpg,1
pcam_132189,./ml_datasets/images/pcam_132189.jpg,1
pcam_132190,./ml_datasets/images/pcam_132190.jpg,1
pcam_132191,./ml_datasets/images/pcam_132191.jpg,1
pcam_132192,./ml_datasets/images/pcam_132192.jpg,1
pcam_132193,./ml_datasets/images/pcam_132193.jpg,1
pcam_132194,./ml_datasets/images/pcam_132194.jpg,1
pcam_132195,./ml_datasets/images/pcam_132195.jpg,1
pcam_132196,./ml_datasets/images/pcam_132196.jpg,1
pcam_132197,./ml_datasets/images/pcam_132197.jpg,1
pcam_132198,./ml_datasets/images/pcam_132198.jpg,1
pcam_132199,./ml_datasets/images/pcam_132199.jpg,1
pcam_132200,./ml_datasets/images/pcam_132200.jpg,1
pcam_132201,./ml_datasets/images/pcam_132201.jpg,1
pcam_132202,./ml_datasets/images/pcam_132202.jpg,1
pcam_132203,./ml_datasets/images/pcam_132203.jpg,1
pcam_132204,./ml_datasets/images/pcam_132204.jpg,1
pcam_132205,./ml_datasets/images/pcam_132205.jpg,1
pcam_132206,./ml_datasets/images/pcam_132206.jpg,1
pcam_132207,./ml_datasets/images/pcam_132207.jpg,1
pcam_132208,./ml_datasets/images/pcam_132208.jpg,1
pcam_132209,./ml_datasets/images/pcam_132209.jpg,1
pcam_132210,./ml_datasets/images/pcam_132210.jpg,1
pcam_132211,./ml_datasets/images/pcam_132211.jpg,1
pcam_132212,./ml_datasets/images/pcam_132212.jpg,1
pcam_132213,./ml_datasets/images/pcam_132213.jpg,1
pcam_132214,./ml_datasets/images/pcam_132214.jpg,1
pcam_132215,./ml_datasets/images/pcam_132215.jpg,1
pcam_132216,./ml_datasets/images/pcam_132216.jpg,1
pcam_132217,./ml_datasets/images/pcam_132217.jpg,1
pcam_132218,./ml_datasets/images/pcam_132218.jpg,1
pcam_132219,./ml_datasets/images/pcam_132219.jpg,1
pcam_132220,./ml_datasets/images/pcam_132220.jpg,1
pcam_132221,./ml_datasets/images/pcam_132221.jpg,1
pcam_132222,./ml_datasets/images/pcam_132222.jpg,1
pcam_132223,./ml_datasets/images/pcam_132223.jpg,1
pcam_132224,./ml_datasets/images/pcam_132224.jpg,1
pcam_132225,./ml_datasets/images/pcam_132225.jpg,1
pcam_132226,./ml_datasets/images/pcam_132226.jpg,1
pcam_132227,./ml_datasets/images/pcam_132227.jpg,1
pcam_132228,./ml_datasets/images/pcam_132228.jpg,1
pcam_132229,./ml_datasets/images/pcam_132229.jpg,1
pcam_132230,./ml_datasets/images/pcam_132230.jpg,1
pcam_132231,./ml_datasets/images/pcam_132231.jpg,1
pcam_132232,./ml_datasets/images/pcam_132232.jpg,1
pcam_132233,./ml_datasets/images/pcam_132233.jpg,1
pcam_132234,./ml_datasets/images/pcam_132234.jpg,1
pcam_132235,./ml_datasets/images/pcam_132235.jpg,1
pcam_132236,./ml_datasets/images/pcam_132236.jpg,1
pcam_132237,./ml_datasets/images/pcam_132237.jpg,1
pcam_132238,./ml_datasets/images/pcam_132238.jpg,1
pcam_132239,./ml_datasets/images/pcam_132239.jpg,1
pcam_132240,./ml_datasets/images/pcam_132240.jpg,1
pcam_132241,./ml_datasets/images/pcam_132241.jpg,1
pcam_132242,./ml_datasets/images/pcam_132242.jpg,1
pcam_132243,./ml_datasets/images/pcam_132243.jpg,1
pcam_132244,./ml_datasets/images/pcam_132244.jpg,1
pcam_132245,./ml_datasets/images/pcam_132245.jpg,1
pcam_132246,./ml_datasets/images/pcam_132246.jpg,1
pcam_132247,./ml_datasets/images/pcam_132247.jpg,1
pcam_132248,./ml_datasets/images/pcam_132248.jpg,1
pcam_132249,./ml_datasets/images/pcam_132249.jpg,1
pcam_132250,./ml_datasets/images/pcam_132250.jpg,1
pcam_132251,./ml_datasets/images/pcam_132251.jpg,1
pcam_132252,./ml_datasets/images/pcam_132252.jpg,1
pcam_132253,./ml_datasets/images/pcam_132253.jpg,1
pcam_132254,./ml_datasets/images/pcam_132254.jpg,1
pcam_132255,./ml_datasets/images/pcam_132255.jpg,1
pcam_132256,./ml_datasets/images/pcam_132256.jpg,1
pcam_132257,./ml_datasets/images/pcam_132257.jpg,1
pcam_132258,./ml_datasets/images/pcam_132258.jpg,1
pcam_132259,./ml_datasets/images/pcam_132259.jpg,1
pcam_132260,./ml_datasets/images/pcam_132260.jpg,1
pcam_132261,./ml_datasets/images/pcam_132261.jpg,1
pcam_132262,./ml_datasets/images/pcam_132262.jpg,1
pcam_132263,./ml_datasets/images/pcam_132263.jpg,1
pcam_132264,./ml_datasets/images/pcam_132264.jpg,1
pcam_132265,./ml_datasets/images/pcam_132265.jpg,1
pcam_132266,./ml_datasets/images/pcam_132266.jpg,1
pcam_132267,./ml_datasets/images/pcam_132267.jpg,1
pcam_132268,./ml_datasets/images/pcam_132268.jpg,1
pcam_132269,./ml_datasets/images/pcam_132269.jpg,1
pcam_132270,./ml_datasets/images/pcam_132270.jpg,1
pcam_132271,./ml_datasets/images/pcam_132271.jpg,1
pcam_132272,./ml_datasets/images/pcam_132272.jpg,1
pcam_132273,./ml_datasets/images/pcam_132273.jpg,1
pcam_132274,./ml_datasets/images/pcam_132274.jpg,1
pcam_132275,./ml_datasets/images/pcam_132275.jpg,1
pcam_132276,./ml_datasets/images/pcam_132276.jpg,1
pcam_132277,./ml_datasets/images/pcam_132277.jpg,1
pcam_132278,./ml_datasets/images/pcam_132278.jpg,1
pcam_132279,./ml_datasets/images/pcam_132279.jpg,1
pcam_132280,./ml_datasets/images/pcam_132280.jpg,1
pcam_132281,./ml_datasets/images/pcam_132281.jpg,1
pcam_132282,./ml_datasets/images/pcam_132282.jpg,1
pcam_132283,./ml_datasets/images/pcam_132283.jpg,1
pcam_132284,./ml_datasets/images/pcam_132284.jpg,1
pcam_132285,./ml_datasets/images/pcam_132285.jpg,1
pcam_132286,./ml_datasets/images/pcam_132286.jpg,1
pcam_132287,./ml_datasets/images/pcam_132287.jpg,1
pcam_132288,./ml_datasets/images/pcam_132288.jpg,1
pcam_132289,./ml_datasets/images/pcam_132289.jpg,1
pcam_132290,./ml_datasets/images/pcam_132290.jpg,1
pcam_132291,./ml_datasets/images/pcam_132291.jpg,1
pcam_132292,./ml_datasets/images/pcam_132292.jpg,1
pcam_132293,./ml_datasets/images/pcam_132293.jpg,1
pcam_132294,./ml_datasets/images/pcam_132294.jpg,1
pcam_132295,./ml_datasets/images/pcam_132295.jpg,1
pcam_132296,./ml_datasets/images/pcam_132296.jpg,1
pcam_132297,./ml_datasets/images/pcam_132297.jpg,1
pcam_132298,./ml_datasets/images/pcam_132298.jpg,1
pcam_132299,./ml_datasets/images/pcam_132299.jpg,1
pcam_132300,./ml_datasets/images/pcam_132300.jpg,1
pcam_132301,./ml_datasets/images/pcam_132301.jpg,1
pcam_132302,./ml_datasets/images/pcam_132302.jpg,1
pcam_132303,./ml_datasets/images/pcam_132303.jpg,1
pcam_132304,./ml_datasets/images/pcam_132304.jpg,1
pcam_132305,./ml_datasets/images/pcam_132305.jpg,1
pcam_132306,./ml_datasets/images/pcam_132306.jpg,1
pcam_132307,./ml_datasets/images/pcam_132307.jpg,1
pcam_132308,./ml_datasets/images/pcam_132308.jpg,1
pcam_132309,./ml_datasets/images/pcam_132309.jpg,1
pcam_132310,./ml_datasets/images/pcam_132310.jpg,1
pcam_132311,./ml_datasets/images/pcam_132311.jpg,1
pcam_132312,./ml_datasets/images/pcam_132312.jpg,1
pcam_132313,./ml_datasets/images/pcam_132313.jpg,1
pcam_132314,./ml_datasets/images/pcam_132314.jpg,1
pcam_132315,./ml_datasets/images/pcam_132315.jpg,1
pcam_132316,./ml_datasets/images/pcam_132316.jpg,1
pcam_132317,./ml_datasets/images/pcam_132317.jpg,1
pcam_132318,./ml_datasets/images/pcam_132318.jpg,1
pcam_132319,./ml_datasets/images/pcam_132319.jpg,1
pcam_132320,./ml_datasets/images/pcam_132320.jpg,1
pcam_132321,./ml_datasets/images/pcam_132321.jpg,1
pcam_132322,./ml_datasets/images/pcam_132322.jpg,1
pcam_132323,./ml_datasets/images/pcam_132323.jpg,1
pcam_132324,./ml_datasets/images/pcam_132324.jpg,1
pcam_132325,./ml_datasets/images/pcam_132325.jpg,1
pcam_132326,./ml_datasets/images/pcam_132326.jpg,1
pcam_132327,./ml_datasets/images/pcam_132327.jpg,1
pcam_132328,./ml_datasets/images/pcam_132328.jpg,1
pcam_132329,./ml_datasets/images/pcam_132329.jpg,1
pcam_132330,./ml_datasets/images/pcam_132330.jpg,1
pcam_132331,./ml_datasets/images/pcam_132331.jpg,1
pcam_132332,./ml_datasets/images/pcam_132332.jpg,1
pcam_132333,./ml_datasets/images/pcam_132333.jpg,1
pcam_132334,./ml_datasets/images/pcam_132334.jpg,1
pcam_132335,./ml_datasets/images/pcam_132335.jpg,1
pcam_132336,./ml_datasets/images/pcam_132336.jpg,1
pcam_132337,./ml_datasets/images/pcam_132337.jpg,1
pcam_132338,./ml_datasets/images/pcam_132338.jpg,1
pcam_132339,./ml_datasets/images/pcam_132339.jpg,1
pcam_132340,./ml_datasets/images/pcam_132340.jpg,1
pcam_132341,./ml_datasets/images/pcam_132341.jpg,1
pcam_132342,./ml_datasets/images/pcam_132342.jpg,1
pcam_132343,./ml_datasets/images/pcam_132343.jpg,1
pcam_132344,./ml_datasets/images/pcam_132344.jpg,1
pcam_132345,./ml_datasets/images/pcam_132345.jpg,1
pcam_132346,./ml_datasets/images/pcam_132346.jpg,1
pcam_132347,./ml_datasets/images/pcam_132347.jpg,1
pcam_132348,./ml_datasets/images/pcam_132348.jpg,1
pcam_132349,./ml_datasets/images/pcam_132349.jpg,1
pcam_132350,./ml_datasets/images/pcam_132350.jpg,1
pcam_132351,./ml_datasets/images/pcam_132351.jpg,1
pcam_132352,./ml_datasets/images/pcam_132352.jpg,1
pcam_132353,./ml_datasets/images/pcam_132353.jpg,1
pcam_132354,./ml_datasets/images/pcam_132354.jpg,1
pcam_132355,./ml_datasets/images/pcam_132355.jpg,1
pcam_132356,./ml_datasets/images/pcam_132356.jpg,1
pcam_132357,./ml_datasets/images/pcam_132357.jpg,1
pcam_132358,./ml_datasets/images/pcam_132358.jpg,1
pcam_132359,./ml_datasets/images/pcam_132359.jpg,1
pcam_132360,./ml_datasets/images/pcam_132360.jpg,1
pcam_132361,./ml_datasets/images/pcam_132361.jpg,1
pcam_132362,./ml_datasets/images/pcam_132362.jpg,1
pcam_132363,./ml_datasets/images/pcam_132363.jpg,1
pcam_132364,./ml_datasets/images/pcam_132364.jpg,1
pcam_132365,./ml_datasets/images/pcam_132365.jpg,1
pcam_132366,./ml_datasets/images/pcam_132366.jpg,1
pcam_132367,./ml_datasets/images/pcam_132367.jpg,1
pcam_132368,./ml_datasets/images/pcam_132368.jpg,1
pcam_132369,./ml_datasets/images/pcam_132369.jpg,1
pcam_132370,./ml_datasets/images/pcam_132370.jpg,1
pcam_132371,./ml_datasets/images/pcam_132371.jpg,1
pcam_132372,./ml_datasets/images/pcam_132372.jpg,1
pcam_132373,./ml_datasets/images/pcam_132373.jpg,1
pcam_132374,./ml_datasets/images/pcam_132374.jpg,1
pcam_132375,./ml_datasets/images/pcam_132375.jpg,1
pcam_132376,./ml_datasets/images/pcam_132376.jpg,1
pcam_132377,./ml_datasets/images/pcam_132377.jpg,1
pcam_132378,./ml_datasets/images/pcam_132378.jpg,1
pcam_132379,./ml_datasets/images/pcam_132379.jpg,1
pcam_132380,./ml_datasets/images/pcam_132380.jpg,1
pcam_132381,./ml_datasets/images/pcam_132381.jpg,1
pcam_132382,./ml_datasets/images/pcam_132382.jpg,1
pcam_132383,./ml_datasets/images/pcam_132383.jpg,1
pcam_132384,./ml_datasets/images/pcam_132384.jpg,1
pcam_132385,./ml_datasets/images/pcam_132385.jpg,1
pcam_132386,./ml_datasets/images/pcam_132386.jpg,1
pcam_132387,./ml_datasets/images/pcam_132387.jpg,1
pcam_132388,./ml_datasets/images/pcam_132388.jpg,1
pcam_132389,./ml_datasets/images/pcam_132389.jpg,1
pcam_132390,./ml_datasets/images/pcam_132390.jpg,1
pcam_132391,./ml_datasets/images/pcam_132391.jpg,1
pcam_132392,./ml_datasets/images/pcam_132392.jpg,1
pcam_132393,./ml_datasets/images/pcam_132393.jpg,1
pcam_132394,./ml_datasets/images/pcam_132394.jpg,1
pcam_132395,./ml_datasets/images/pcam_132395.jpg,1
pcam_132396,./ml_datasets/images/pcam_132396.jpg,1
pcam_132397,./ml_datasets/images/pcam_132397.jpg,1
pcam_132398,./ml_datasets/images/pcam_132398.jpg,1
pcam_132399,./ml_datasets/images/pcam_132399.jpg,1
pcam_132400,./ml_datasets/images/pcam_132400.jpg,1
pcam_132401,./ml_datasets/images/pcam_132401.jpg,1
pcam_132402,./ml_datasets/images/pcam_132402.jpg,1
pcam_132403,./ml_datasets/images/pcam_132403.jpg,1
pcam_132404,./ml_datasets/images/pcam_132404.jpg,1
pcam_132405,./ml_datasets/images/pcam_132405.jpg,1
pcam_132406,./ml_datasets/images/pcam_132406.jpg,1
pcam_132407,./ml_datasets/images/pcam_132407.jpg,1
pcam_132408,./ml_datasets/images/pcam_132408.jpg,1
pcam_132409,./ml_datasets/images/pcam_132409.jpg,1
pcam_132410,./ml_datasets/images/pcam_132410.jpg,1
pcam_132411,./ml_datasets/images/pcam_132411.jpg,1
pcam_132412,./ml_datasets/images/pcam_132412.jpg,1
pcam_132413,./ml_datasets/images/pcam_132413.jpg,1
pcam_132414,./ml_datasets/images/pcam_132414.jpg,1
pcam_132415,./ml_datasets/images/pcam_132415.jpg,1
pcam_132416,./ml_datasets/images/pcam_132416.jpg,1
pcam_132417,./ml_datasets/images/pcam_132417.jpg,1
pcam_132418,./ml_datasets/images/pcam_132418.jpg,1
pcam_132419,./ml_datasets/images/pcam_132419.jpg,1
pcam_132420,./ml_datasets/images/pcam_132420.jpg,1
pcam_132421,./ml_datasets/images/pcam_132421.jpg,1
pcam_132422,./ml_datasets/images/pcam_132422.jpg,1
pcam_132423,./ml_datasets/images/pcam_132423.jpg,1
pcam_132424,./ml_datasets/images/pcam_132424.jpg,1
pcam_132425,./ml_datasets/images/pcam_132425.jpg,1
pcam_132426,./ml_datasets/images/pcam_132426.jpg,1
pcam_132427,./ml_datasets/images/pcam_132427.jpg,1
pcam_132428,./ml_datasets/images/pcam_132428.jpg,1
pcam_132429,./ml_datasets/images/pcam_132429.jpg,1
pcam_132430,./ml_datasets/images/pcam_132430.jpg,1
pcam_132431,./ml_datasets/images/pcam_132431.jpg,1
pcam_132432,./ml_datasets/images/pcam_132432.jpg,1
pcam_132433,./ml_datasets/images/pcam_132433.jpg,1
pcam_132434,./ml_datasets/images/pcam_132434.jpg,1
pcam_132435,./ml_datasets/images/pcam_132435.jpg,1
pcam_132436,./ml_datasets/images/pcam_132436.jpg,1
pcam_132437,./ml_datasets/images/pcam_132437.jpg,1
pcam_132438,./ml_datasets/images/pcam_132438.jpg,1
pcam_132439,./ml_datasets/images/pcam_132439.jpg,1
pcam_132440,./ml_datasets/images/pcam_132440.jpg,1
pcam_132441,./ml_datasets/images/pcam_132441.jpg,1
pcam_132442,./ml_datasets/images/pcam_132442.jpg,1
pcam_132443,./ml_datasets/images/pcam_132443.jpg,1
pcam_132444,./ml_datasets/images/pcam_132444.jpg,1
pcam_132445,./ml_datasets/images/pcam_132445.jpg,1
pcam_132446,./ml_datasets/images/pcam_132446.jpg,1
pcam_132447,./ml_datasets/images/pcam_132447.jpg,1
pcam_132448,./ml_datasets/images/pcam_132448.jpg,1
pcam_132449,./ml_datasets/images/pcam_132449.jpg,1
pcam_132450,./ml_datasets/images/pcam_132450.jpg,1
pcam_132451,./ml_datasets/images/pcam_132451.jpg,1
pcam_132452,./ml_datasets/images/pcam_132452.jpg,1
pcam_132453,./ml_datasets/images/pcam_132453.jpg,1
pcam_132454,./ml_datasets/images/pcam_132454.jpg,1
pcam_132455,./ml_datasets/images/pcam_132455.jpg,1
pcam_132456,./ml_datasets/images/pcam_132456.jpg,1
pcam_132457,./ml_datasets/images/pcam_132457.jpg,1
pcam_132458,./ml_datasets/images/pcam_132458.jpg,1
pcam_132459,./ml_datasets/images/pcam_132459.jpg,1
pcam_132460,./ml_datasets/images/pcam_132460.jpg,1
pcam_132461,./ml_datasets/images/pcam_132461.jpg,1
pcam_132462,./ml_datasets/images/pcam_132462.jpg,1
pcam_132463,./ml_datasets/images/pcam_132463.jpg,1
pcam_132464,./ml_datasets/images/pcam_132464.jpg,1
pcam_132465,./ml_datasets/images/pcam_132465.jpg,1
pcam_132466,./ml_datasets/images/pcam_132466.jpg,1
pcam_132467,./ml_datasets/images/pcam_132467.jpg,1
pcam_132468,./ml_datasets/images/pcam_132468.jpg,1
pcam_132469,./ml_datasets/images/pcam_132469.jpg,1
pcam_132470,./ml_datasets/images/pcam_132470.jpg,1
pcam_132471,./ml_datasets/images/pcam_132471.jpg,1
pcam_132472,./ml_datasets/images/pcam_132472.jpg,1
pcam_132473,./ml_datasets/images/pcam_132473.jpg,1
pcam_132474,./ml_datasets/images/pcam_132474.jpg,1
pcam_132475,./ml_datasets/images/pcam_132475.jpg,1
pcam_132476,./ml_datasets/images/pcam_132476.jpg,1
pcam_132477,./ml_datasets/images/pcam_132477.jpg,1
pcam_132478,./ml_datasets/images/pcam_132478.jpg,1
pcam_132479,./ml_datasets/images/pcam_132479.jpg,1
pcam_132480,./ml_datasets/images/pcam_132480.jpg,1
pcam_132481,./ml_datasets/images/pcam_132481.jpg,1
pcam_132482,./ml_datasets/images/pcam_132482.jpg,1
pcam_132483,./ml_datasets/images/pcam_132483.jpg,1
pcam_132484,./ml_datasets/images/pcam_132484.jpg,1
pcam_132485,./ml_datasets/images/pcam_132485.jpg,1
pcam_132486,./ml_datasets/images/pcam_132486.jpg,1
pcam_132487,./ml_datasets/images/pcam_132487.jpg,1
pcam_132488,./ml_datasets/images/pcam_132488.jpg,1
pcam_132489,./ml_datasets/images/pcam_132489.jpg,1
pcam_132490,./ml_datasets/images/pcam_132490.jpg,1
pcam_132491,./ml_datasets/images/pcam_132491.jpg,1
pcam_132492,./ml_datasets/images/pcam_132492.jpg,1
pcam_132493,./ml_datasets/images/pcam_132493.jpg,1
pcam_132494,./ml_datasets/images/pcam_132494.jpg,1
pcam_132495,./ml_datasets/images/pcam_132495.jpg,1
pcam_132496,./ml_datasets/images/pcam_132496.jpg,1
pcam_132497,./ml_datasets/images/pcam_132497.jpg,1
pcam_132498,./ml_datasets/images/pcam_132498.jpg,1
pcam_132499,./ml_datasets/images/pcam_132499.jpg,1
pcam_132500,./ml_datasets/images/pcam_132500.jpg,1
pcam_132501,./ml_datasets/images/pcam_132501.jpg,1
pcam_132502,./ml_datasets/images/pcam_132502.jpg,1
pcam_132503,./ml_datasets/images/pcam_132503.jpg,1
pcam_132504,./ml_datasets/images/pcam_132504.jpg,1
pcam_132505,./ml_datasets/images/pcam_132505.jpg,1
pcam_132506,./ml_datasets/images/pcam_132506.jpg,1
pcam_132507,./ml_datasets/images/pcam_132507.jpg,1
pcam_132508,./ml_datasets/images/pcam_132508.jpg,1
pcam_132509,./ml_datasets/images/pcam_132509.jpg,1
pcam_132510,./ml_datasets/images/pcam_132510.jpg,1
pcam_132511,./ml_datasets/images/pcam_132511.jpg,1
pcam_132512,./ml_datasets/images/pcam_132512.jpg,1
pcam_132513,./ml_datasets/images/pcam_132513.jpg,1
pcam_132514,./ml_datasets/images/pcam_132514.jpg,1
pcam_132515,./ml_datasets/images/pcam_132515.jpg,1
pcam_132516,./ml_datasets/images/pcam_132516.jpg,1
pcam_132517,./ml_datasets/images/pcam_132517.jpg,1
pcam_132518,./ml_datasets/images/pcam_132518.jpg,1
pcam_132519,./ml_datasets/images/pcam_132519.jpg,1
pcam_132520,./ml_datasets/images/pcam_132520.jpg,1
pcam_132521,./ml_datasets/images/pcam_132521.jpg,1
pcam_132522,./ml_datasets/images/pcam_132522.jpg,1
pcam_132523,./ml_datasets/images/pcam_132523.jpg,1
pcam_132524,./ml_datasets/images/pcam_132524.jpg,1
pcam_132525,./ml_datasets/images/pcam_132525.jpg,1
pcam_132526,./ml_datasets/images/pcam_132526.jpg,1
pcam_132527,./ml_datasets/images/pcam_132527.jpg,1
pcam_132528,./ml_datasets/images/pcam_132528.jpg,1
pcam_132529,./ml_datasets/images/pcam_132529.jpg,1
pcam_132530,./ml_datasets/images/pcam_132530.jpg,1
pcam_132531,./ml_datasets/images/pcam_132531.jpg,1
pcam_132532,./ml_datasets/images/pcam_132532.jpg,1
pcam_132533,./ml_datasets/images/pcam_132533.jpg,1
pcam_132534,./ml_datasets/images/pcam_132534.jpg,1
pcam_132535,./ml_datasets/images/pcam_132535.jpg,1
pcam_132536,./ml_datasets/images/pcam_132536.jpg,1
pcam_132537,./ml_datasets/images/pcam_132537.jpg,1
pcam_132538,./ml_datasets/images/pcam_132538.jpg,1
pcam_132539,./ml_datasets/images/pcam_132539.jpg,1
pcam_132540,./ml_datasets/images/pcam_132540.jpg,1
pcam_132541,./ml_datasets/images/pcam_132541.jpg,1
pcam_132542,./ml_datasets/images/pcam_132542.jpg,1
pcam_132543,./ml_datasets/images/pcam_132543.jpg,1
pcam_132544,./ml_datasets/images/pcam_132544.jpg,1
pcam_132545,./ml_datasets/images/pcam_132545.jpg,1
pcam_132546,./ml_datasets/images/pcam_132546.jpg,1
pcam_132547,./ml_datasets/images/pcam_132547.jpg,1
pcam_132548,./ml_datasets/images/pcam_132548.jpg,1
pcam_132549,./ml_datasets/images/pcam_132549.jpg,1
pcam_132550,./ml_datasets/images/pcam_132550.jpg,1
pcam_132551,./ml_datasets/images/pcam_132551.jpg,1
pcam_132552,./ml_datasets/images/pcam_132552.jpg,1
pcam_132553,./ml_datasets/images/pcam_132553.jpg,1
pcam_132554,./ml_datasets/images/pcam_132554.jpg,1
pcam_132555,./ml_datasets/images/pcam_132555.jpg,1
pcam_132556,./ml_datasets/images/pcam_132556.jpg,1
pcam_132557,./ml_datasets/images/pcam_132557.jpg,1
pcam_132558,./ml_datasets/images/pcam_132558.jpg,1
pcam_132559,./ml_datasets/images/pcam_132559.jpg,1
pcam_132560,./ml_datasets/images/pcam_132560.jpg,1
pcam_132561,./ml_datasets/images/pcam_132561.jpg,1
pcam_132562,./ml_datasets/images/pcam_132562.jpg,1
pcam_132563,./ml_datasets/images/pcam_132563.jpg,1
pcam_132564,./ml_datasets/images/pcam_132564.jpg,1
pcam_132565,./ml_datasets/images/pcam_132565.jpg,1
pcam_132566,./ml_datasets/images/pcam_132566.jpg,1
pcam_132567,./ml_datasets/images/pcam_132567.jpg,1
pcam_132568,./ml_datasets/images/pcam_132568.jpg,1
pcam_132569,./ml_datasets/images/pcam_132569.jpg,1
pcam_132570,./ml_datasets/images/pcam_132570.jpg,1
pcam_132571,./ml_datasets/images/pcam_132571.jpg,1
pcam_132572,./ml_datasets/images/pcam_132572.jpg,1
pcam_132573,./ml_datasets/images/pcam_132573.jpg,1
pcam_132574,./ml_datasets/images/pcam_132574.jpg,1
pcam_132575,./ml_datasets/images/pcam_132575.jpg,1
pcam_132576,./ml_datasets/images/pcam_132576.jpg,1
pcam_132577,./ml_datasets/images/pcam_132577.jpg,1
pcam_132578,./ml_datasets/images/pcam_132578.jpg,1
pcam_132579,./ml_datasets/images/pcam_132579.jpg,1
pcam_132580,./ml_datasets/images/pcam_132580.jpg,1
pcam_132581,./ml_datasets/images/pcam_132581.jpg,1
pcam_132582,./ml_datasets/images/pcam_132582.jpg,1
pcam_132583,./ml_datasets/images/pcam_132583.jpg,1
pcam_132584,./ml_datasets/images/pcam_132584.jpg,1
pcam_132585,./ml_datasets/images/pcam_132585.jpg,1
pcam_132586,./ml_datasets/images/pcam_132586.jpg,1
pcam_132587,./ml_datasets/images/pcam_132587.jpg,1
pcam_132588,./ml_datasets/images/pcam_132588.jpg,1
pcam_132589,./ml_datasets/images/pcam_132589.jpg,1
pcam_132590,./ml_datasets/images/pcam_132590.jpg,1
pcam_132591,./ml_datasets/images/pcam_132591.jpg,1
pcam_132592,./ml_datasets/images/pcam_132592.jpg,1
pcam_132593,./ml_datasets/images/pcam_132593.jpg,1
pcam_132594,./ml_datasets/images/pcam_132594.jpg,1
pcam_132595,./ml_datasets/images/pcam_132595.jpg,1
pcam_132596,./ml_datasets/images/pcam_132596.jpg,1
pcam_132597,./ml_datasets/images/pcam_132597.jpg,1
pcam_132598,./ml_datasets/images/pcam_132598.jpg,1
pcam_132599,./ml_datasets/images/pcam_132599.jpg,1
pcam_132600,./ml_datasets/images/pcam_132600.jpg,1
pcam_132601,./ml_datasets/images/pcam_132601.jpg,1
pcam_132602,./ml_datasets/images/pcam_132602.jpg,1
pcam_132603,./ml_datasets/images/pcam_132603.jpg,1
pcam_132604,./ml_datasets/images/pcam_132604.jpg,1
pcam_132605,./ml_datasets/images/pcam_132605.jpg,1
pcam_132606,./ml_datasets/images/pcam_132606.jpg,1
pcam_132607,./ml_datasets/images/pcam_132607.jpg,1
pcam_132608,./ml_datasets/images/pcam_132608.jpg,1
pcam_132609,./ml_datasets/images/pcam_132609.jpg,1
pcam_132610,./ml_datasets/images/pcam_132610.jpg,1
pcam_132611,./ml_datasets/images/pcam_132611.jpg,1
pcam_132612,./ml_datasets/images/pcam_132612.jpg,1
pcam_132613,./ml_datasets/images/pcam_132613.jpg,1
pcam_132614,./ml_datasets/images/pcam_132614.jpg,1
pcam_132615,./ml_datasets/images/pcam_132615.jpg,1
pcam_132616,./ml_datasets/images/pcam_132616.jpg,1
pcam_132617,./ml_datasets/images/pcam_132617.jpg,1
pcam_132618,./ml_datasets/images/pcam_132618.jpg,1
pcam_132619,./ml_datasets/images/pcam_132619.jpg,1
pcam_132620,./ml_datasets/images/pcam_132620.jpg,1
pcam_132621,./ml_datasets/images/pcam_132621.jpg,1
pcam_132622,./ml_datasets/images/pcam_132622.jpg,1
pcam_132623,./ml_datasets/images/pcam_132623.jpg,1
pcam_132624,./ml_datasets/images/pcam_132624.jpg,1
pcam_132625,./ml_datasets/images/pcam_132625.jpg,1
pcam_132626,./ml_datasets/images/pcam_132626.jpg,1
pcam_132627,./ml_datasets/images/pcam_132627.jpg,1
pcam_132628,./ml_datasets/images/pcam_132628.jpg,1
pcam_132629,./ml_datasets/images/pcam_132629.jpg,1
pcam_132630,./ml_datasets/images/pcam_132630.jpg,1
pcam_132631,./ml_datasets/images/pcam_132631.jpg,1
pcam_132632,./ml_datasets/images/pcam_132632.jpg,1
pcam_132633,./ml_datasets/images/pcam_132633.jpg,1
pcam_132634,./ml_datasets/images/pcam_132634.jpg,1
pcam_132635,./ml_datasets/images/pcam_132635.jpg,1
pcam_132636,./ml_datasets/images/pcam_132636.jpg,1
pcam_132637,./ml_datasets/images/pcam_132637.jpg,1
pcam_132638,./ml_datasets/images/pcam_132638.jpg,1
pcam_132639,./ml_datasets/images/pcam_132639.jpg,1
pcam_132640,./ml_datasets/images/pcam_132640.jpg,1
pcam_132641,./ml_datasets/images/pcam_132641.jpg,1
pcam_132642,./ml_datasets/images/pcam_132642.jpg,1
pcam_132643,./ml_datasets/images/pcam_132643.jpg,1
pcam_132644,./ml_datasets/images/pcam_132644.jpg,1
pcam_132645,./ml_datasets/images/pcam_132645.jpg,1
pcam_132646,./ml_datasets/images/pcam_132646.jpg,1
pcam_132647,./ml_datasets/images/pcam_132647.jpg,1
pcam_132648,./ml_datasets/images/pcam_132648.jpg,1
pcam_132649,./ml_datasets/images/pcam_132649.jpg,1
pcam_132650,./ml_datasets/images/pcam_132650.jpg,1
pcam_132651,./ml_datasets/images/pcam_132651.jpg,1
pcam_132652,./ml_datasets/images/pcam_132652.jpg,1
pcam_132653,./ml_datasets/images/pcam_132653.jpg,1
pcam_132654,./ml_datasets/images/pcam_132654.jpg,1
pcam_132655,./ml_datasets/images/pcam_132655.jpg,1
pcam_132656,./ml_datasets/images/pcam_132656.jpg,1
pcam_132657,./ml_datasets/images/pcam_132657.jpg,1
pcam_132658,./ml_datasets/images/pcam_132658.jpg,1
pcam_132659,./ml_datasets/images/pcam_132659.jpg,1
pcam_132660,./ml_datasets/images/pcam_132660.jpg,1
pcam_132661,./ml_datasets/images/pcam_132661.jpg,1
pcam_132662,./ml_datasets/images/pcam_132662.jpg,1
pcam_132663,./ml_datasets/images/pcam_132663.jpg,1
pcam_132664,./ml_datasets/images/pcam_132664.jpg,1
pcam_132665,./ml_datasets/images/pcam_132665.jpg,1
pcam_132666,./ml_datasets/images/pcam_132666.jpg,1
pcam_132667,./ml_datasets/images/pcam_132667.jpg,1
pcam_132668,./ml_datasets/images/pcam_132668.jpg,1
pcam_132669,./ml_datasets/images/pcam_132669.jpg,1
pcam_132670,./ml_datasets/images/pcam_132670.jpg,1
pcam_132671,./ml_datasets/images/pcam_132671.jpg,1
pcam_132672,./ml_datasets/images/pcam_132672.jpg,1
pcam_132673,./ml_datasets/images/pcam_132673.jpg,1
pcam_132674,./ml_datasets/images/pcam_132674.jpg,1
pcam_132675,./ml_datasets/images/pcam_132675.jpg,1
pcam_132676,./ml_datasets/images/pcam_132676.jpg,1
pcam_132677,./ml_datasets/images/pcam_132677.jpg,1
pcam_132678,./ml_datasets/images/pcam_132678.jpg,1
pcam_132679,./ml_datasets/images/pcam_132679.jpg,1
pcam_132680,./ml_datasets/images/pcam_132680.jpg,1
pcam_132681,./ml_datasets/images/pcam_132681.jpg,1
pcam_132682,./ml_datasets/images/pcam_132682.jpg,1
pcam_132683,./ml_datasets/images/pcam_132683.jpg,1
pcam_132684,./ml_datasets/images/pcam_132684.jpg,1
pcam_132685,./ml_datasets/images/pcam_132685.jpg,1
pcam_132686,./ml_datasets/images/pcam_132686.jpg,1
pcam_132687,./ml_datasets/images/pcam_132687.jpg,1
pcam_132688,./ml_datasets/images/pcam_132688.jpg,1
pcam_132689,./ml_datasets/images/pcam_132689.jpg,1
pcam_132690,./ml_datasets/images/pcam_132690.jpg,1
pcam_132691,./ml_datasets/images/pcam_132691.jpg,1
pcam_132692,./ml_datasets/images/pcam_132692.jpg,1
pcam_132693,./ml_datasets/images/pcam_132693.jpg,1
pcam_132694,./ml_datasets/images/pcam_132694.jpg,1
pcam_132695,./ml_datasets/images/pcam_132695.jpg,1
pcam_132696,./ml_datasets/images/pcam_132696.jpg,1
pcam_132697,./ml_datasets/images/pcam_132697.jpg,1
pcam_132698,./ml_datasets/images/pcam_132698.jpg,1
pcam_132699,./ml_datasets/images/pcam_132699.jpg,1
pcam_132700,./ml_datasets/images/pcam_132700.jpg,1
pcam_132701,./ml_datasets/images/pcam_132701.jpg,1
pcam_132702,./ml_datasets/images/pcam_132702.jpg,1
pcam_132703,./ml_datasets/images/pcam_132703.jpg,1
pcam_132704,./ml_datasets/images/pcam_132704.jpg,1
pcam_132705,./ml_datasets/images/pcam_132705.jpg,1
pcam_132706,./ml_datasets/images/pcam_132706.jpg,1
pcam_132707,./ml_datasets/images/pcam_132707.jpg,1
pcam_132708,./ml_datasets/images/pcam_132708.jpg,1
pcam_132709,./ml_datasets/images/pcam_132709.jpg,1
pcam_132710,./ml_datasets/images/pcam_132710.jpg,1
pcam_132711,./ml_datasets/images/pcam_132711.jpg,1
pcam_132712,./ml_datasets/images/pcam_132712.jpg,1
pcam_132713,./ml_datasets/images/pcam_132713.jpg,1
pcam_132714,./ml_datasets/images/pcam_132714.jpg,1
pcam_132715,./ml_datasets/images/pcam_132715.jpg,1
pcam_132716,./ml_datasets/images/pcam_132716.jpg,1
pcam_132717,./ml_datasets/images/pcam_132717.jpg,1
pcam_132718,./ml_datasets/images/pcam_132718.jpg,1
pcam_132719,./ml_datasets/images/pcam_132719.jpg,1
pcam_132720,./ml_datasets/images/pcam_132720.jpg,1
pcam_132721,./ml_datasets/images/pcam_132721.jpg,1
pcam_132722,./ml_datasets/images/pcam_132722.jpg,1
pcam_132723,./ml_datasets/images/pcam_132723.jpg,1
pcam_132724,./ml_datasets/images/pcam_132724.jpg,1
pcam_132725,./ml_datasets/images/pcam_132725.jpg,1
pcam_132726,./ml_datasets/images/pcam_132726.jpg,1
pcam_132727,./ml_datasets/images/pcam_132727.jpg,1
pcam_132728,./ml_datasets/images/pcam_132728.jpg,1
pcam_132729,./ml_datasets/images/pcam_132729.jpg,1
pcam_132730,./ml_datasets/images/pcam_132730.jpg,1
pcam_132731,./ml_datasets/images/pcam_132731.jpg,1
pcam_132732,./ml_datasets/images/pcam_132732.jpg,1
pcam_132733,./ml_datasets/images/pcam_132733.jpg,1
pcam_132734,./ml_datasets/images/pcam_132734.jpg,1
pcam_132735,./ml_datasets/images/pcam_132735.jpg,1
pcam_132736,./ml_datasets/images/pcam_132736.jpg,1
pcam_132737,./ml_datasets/images/pcam_132737.jpg,1
pcam_132738,./ml_datasets/images/pcam_132738.jpg,1
pcam_132739,./ml_datasets/images/pcam_132739.jpg,1
pcam_132740,./ml_datasets/images/pcam_132740.jpg,1
pcam_132741,./ml_datasets/images/pcam_132741.jpg,1
pcam_132742,./ml_datasets/images/pcam_132742.jpg,1
pcam_132743,./ml_datasets/images/pcam_132743.jpg,1
pcam_132744,./ml_datasets/images/pcam_132744.jpg,1
pcam_132745,./ml_datasets/images/pcam_132745.jpg,1
pcam_132746,./ml_datasets/images/pcam_132746.jpg,1
pcam_132747,./ml_datasets/images/pcam_132747.jpg,1
pcam_132748,./ml_datasets/images/pcam_132748.jpg,1
pcam_132749,./ml_datasets/images/pcam_132749.jpg,1
pcam_132750,./ml_datasets/images/pcam_132750.jpg,1
pcam_132751,./ml_datasets/images/pcam_132751.jpg,1
pcam_132752,./ml_datasets/images/pcam_132752.jpg,1
pcam_132753,./ml_datasets/images/pcam_132753.jpg,1
pcam_132754,./ml_datasets/images/pcam_132754.jpg,1
pcam_132755,./ml_datasets/images/pcam_132755.jpg,1
pcam_132756,./ml_datasets/images/pcam_132756.jpg,1
pcam_132757,./ml_datasets/images/pcam_132757.jpg,1
pcam_132758,./ml_datasets/images/pcam_132758.jpg,1
pcam_132759,./ml_datasets/images/pcam_132759.jpg,1
pcam_132760,./ml_datasets/images/pcam_132760.jpg,1
pcam_132761,./ml_datasets/images/pcam_132761.jpg,1
pcam_132762,./ml_datasets/images/pcam_132762.jpg,1
pcam_132763,./ml_datasets/images/pcam_132763.jpg,1
pcam_132764,./ml_datasets/images/pcam_132764.jpg,1
pcam_132765,./ml_datasets/images/pcam_132765.jpg,1
pcam_132766,./ml_datasets/images/pcam_132766.jpg,1
pcam_132767,./ml_datasets/images/pcam_132767.jpg,1
pcam_132768,./ml_datasets/images/pcam_132768.jpg,1
pcam_132769,./ml_datasets/images/pcam_132769.jpg,1
pcam_132770,./ml_datasets/images/pcam_132770.jpg,1
pcam_132771,./ml_datasets/images/pcam_132771.jpg,1
pcam_132772,./ml_datasets/images/pcam_132772.jpg,1
pcam_132773,./ml_datasets/images/pcam_132773.jpg,1
pcam_132774,./ml_datasets/images/pcam_132774.jpg,1
pcam_132775,./ml_datasets/images/pcam_132775.jpg,1
pcam_132776,./ml_datasets/images/pcam_132776.jpg,1
pcam_132777,./ml_datasets/images/pcam_132777.jpg,1
pcam_132778,./ml_datasets/images/pcam_132778.jpg,1
pcam_132779,./ml_datasets/images/pcam_132779.jpg,1
pcam_132780,./ml_datasets/images/pcam_132780.jpg,1
pcam_132781,./ml_datasets/images/pcam_132781.jpg,1
pcam_132782,./ml_datasets/images/pcam_132782.jpg,1
pcam_132783,./ml_datasets/images/pcam_132783.jpg,1
pcam_132784,./ml_datasets/images/pcam_132784.jpg,1
pcam_132785,./ml_datasets/images/pcam_132785.jpg,1
pcam_132786,./ml_datasets/images/pcam_132786.jpg,1
pcam_132787,./ml_datasets/images/pcam_132787.jpg,1
pcam_132788,./ml_datasets/images/pcam_132788.jpg,1
pcam_132789,./ml_datasets/images/pcam_132789.jpg,1
pcam_132790,./ml_datasets/images/pcam_132790.jpg,1
pcam_132791,./ml_datasets/images/pcam_132791.jpg,1
pcam_132792,./ml_datasets/images/pcam_132792.jpg,1
pcam_132793,./ml_datasets/images/pcam_132793.jpg,1
pcam_132794,./ml_datasets/images/pcam_132794.jpg,1
pcam_132795,./ml_datasets/images/pcam_132795.jpg,1
pcam_132796,./ml_datasets/images/pcam_132796.jpg,1
pcam_132797,./ml_datasets/images/pcam_132797.jpg,1
pcam_132798,./ml_datasets/images/pcam_132798.jpg,1
pcam_132799,./ml_datasets/images/pcam_132799.jpg,1
pcam_132800,./ml_datasets/images/pcam_132800.jpg,1
pcam_132801,./ml_datasets/images/pcam_132801.jpg,1
pcam_132802,./ml_datasets/images/pcam_132802.jpg,1
pcam_132803,./ml_datasets/images/pcam_132803.jpg,1
pcam_132804,./ml_datasets/images/pcam_132804.jpg,1
pcam_132805,./ml_datasets/images/pcam_132805.jpg,1
pcam_132806,./ml_datasets/images/pcam_132806.jpg,1
pcam_132807,./ml_datasets/images/pcam_132807.jpg,1
pcam_132808,./ml_datasets/images/pcam_132808.jpg,1
pcam_132809,./ml_datasets/images/pcam_132809.jpg,1
pcam_132810,./ml_datasets/images/pcam_132810.jpg,1
pcam_132811,./ml_datasets/images/pcam_132811.jpg,1
pcam_132812,./ml_datasets/images/pcam_132812.jpg,1
pcam_132813,./ml_datasets/images/pcam_132813.jpg,1
pcam_132814,./ml_datasets/images/pcam_132814.jpg,1
pcam_132815,./ml_datasets/images/pcam_132815.jpg,1
pcam_132816,./ml_datasets/images/pcam_132816.jpg,1
pcam_132817,./ml_datasets/images/pcam_132817.jpg,1
pcam_132818,./ml_datasets/images/pcam_132818.jpg,1
pcam_132819,./ml_datasets/images/pcam_132819.jpg,1
pcam_132820,./ml_datasets/images/pcam_132820.jpg,1
pcam_132821,./ml_datasets/images/pcam_132821.jpg,1
pcam_132822,./ml_datasets/images/pcam_132822.jpg,1
pcam_132823,./ml_datasets/images/pcam_132823.jpg,1
pcam_132824,./ml_datasets/images/pcam_132824.jpg,1
pcam_132825,./ml_datasets/images/pcam_132825.jpg,1
pcam_132826,./ml_datasets/images/pcam_132826.jpg,1
pcam_132827,./ml_datasets/images/pcam_132827.jpg,1
pcam_132828,./ml_datasets/images/pcam_132828.jpg,1
pcam_132829,./ml_datasets/images/pcam_132829.jpg,1
pcam_132830,./ml_datasets/images/pcam_132830.jpg,1
pcam_132831,./ml_datasets/images/pcam_132831.jpg,1
pcam_132832,./ml_datasets/images/pcam_132832.jpg,1
pcam_132833,./ml_datasets/images/pcam_132833.jpg,1
pcam_132834,./ml_datasets/images/pcam_132834.jpg,1
pcam_132835,./ml_datasets/images/pcam_132835.jpg,1
pcam_132836,./ml_datasets/images/pcam_132836.jpg,1
pcam_132837,./ml_datasets/images/pcam_132837.jpg,1
pcam_132838,./ml_datasets/images/pcam_132838.jpg,1
pcam_132839,./ml_datasets/images/pcam_132839.jpg,1
pcam_132840,./ml_datasets/images/pcam_132840.jpg,1
pcam_132841,./ml_datasets/images/pcam_132841.jpg,1
pcam_132842,./ml_datasets/images/pcam_132842.jpg,1
pcam_132843,./ml_datasets/images/pcam_132843.jpg,1
pcam_132844,./ml_datasets/images/pcam_132844.jpg,1
pcam_132845,./ml_datasets/images/pcam_132845.jpg,1
pcam_132846,./ml_datasets/images/pcam_132846.jpg,1
pcam_132847,./ml_datasets/images/pcam_132847.jpg,1
pcam_132848,./ml_datasets/images/pcam_132848.jpg,1
pcam_132849,./ml_datasets/images/pcam_132849.jpg,1
pcam_132850,./ml_datasets/images/pcam_132850.jpg,1
pcam_132851,./ml_datasets/images/pcam_132851.jpg,1
pcam_132852,./ml_datasets/images/pcam_132852.jpg,1
pcam_132853,./ml_datasets/images/pcam_132853.jpg,1
pcam_132854,./ml_datasets/images/pcam_132854.jpg,1
pcam_132855,./ml_datasets/images/pcam_132855.jpg,1
pcam_132856,./ml_datasets/images/pcam_132856.jpg,1
pcam_132857,./ml_datasets/images/pcam_132857.jpg,1
pcam_132858,./ml_datasets/images/pcam_132858.jpg,1
pcam_132859,./ml_datasets/images/pcam_132859.jpg,1
pcam_132860,./ml_datasets/images/pcam_132860.jpg,1
pcam_132861,./ml_datasets/images/pcam_132861.jpg,1
pcam_132862,./ml_datasets/images/pcam_132862.jpg,1
pcam_132863,./ml_datasets/images/pcam_132863.jpg,1
pcam_132864,./ml_datasets/images/pcam_132864.jpg,1
pcam_132865,./ml_datasets/images/pcam_132865.jpg,1
pcam_132866,./ml_datasets/images/pcam_132866.jpg,1
pcam_132867,./ml_datasets/images/pcam_132867.jpg,1
pcam_132868,./ml_datasets/images/pcam_132868.jpg,1
pcam_132869,./ml_datasets/images/pcam_132869.jpg,1
pcam_132870,./ml_datasets/images/pcam_132870.jpg,1
pcam_132871,./ml_datasets/images/pcam_132871.jpg,1
pcam_132872,./ml_datasets/images/pcam_132872.jpg,1
pcam_132873,./ml_datasets/images/pcam_132873.jpg,1
pcam_132874,./ml_datasets/images/pcam_132874.jpg,1
pcam_132875,./ml_datasets/images/pcam_132875.jpg,1
pcam_132876,./ml_datasets/images/pcam_132876.jpg,1
pcam_132877,./ml_datasets/images/pcam_132877.jpg,1
pcam_132878,./ml_datasets/images/pcam_132878.jpg,1
pcam_132879,./ml_datasets/images/pcam_132879.jpg,1
pcam_132880,./ml_datasets/images/pcam_132880.jpg,1
pcam_132881,./ml_datasets/images/pcam_132881.jpg,1
pcam_132882,./ml_datasets/images/pcam_132882.jpg,1
pcam_132883,./ml_datasets/images/pcam_132883.jpg,1
pcam_132884,./ml_datasets/images/pcam_132884.jpg,1
pcam_132885,./ml_datasets/images/pcam_132885.jpg,1
pcam_132886,./ml_datasets/images/pcam_132886.jpg,1
pcam_132887,./ml_datasets/images/pcam_132887.jpg,1
pcam_132888,./ml_datasets/images/pcam_132888.jpg,1
pcam_132889,./ml_datasets/images/pcam_132889.jpg,1
pcam_132890,./ml_datasets/images/pcam_132890.jpg,1
pcam_132891,./ml_datasets/images/pcam_132891.jpg,1
pcam_132892,./ml_datasets/images/pcam_132892.jpg,1
pcam_132893,./ml_datasets/images/pcam_132893.jpg,1
pcam_132894,./ml_datasets/images/pcam_132894.jpg,1
pcam_132895,./ml_datasets/images/pcam_132895.jpg,1
pcam_132896,./ml_datasets/images/pcam_132896.jpg,1
pcam_132897,./ml_datasets/images/pcam_132897.jpg,1
pcam_132898,./ml_datasets/images/pcam_132898.jpg,1
pcam_132899,./ml_datasets/images/pcam_132899.jpg,1
pcam_132900,./ml_datasets/images/pcam_132900.jpg,1
pcam_132901,./ml_datasets/images/pcam_132901.jpg,1
pcam_132902,./ml_datasets/images/pcam_132902.jpg,1
pcam_132903,./ml_datasets/images/pcam_132903.jpg,1
pcam_132904,./ml_datasets/images/pcam_132904.jpg,1
pcam_132905,./ml_datasets/images/pcam_132905.jpg,1
pcam_132906,./ml_datasets/images/pcam_132906.jpg,1
pcam_132907,./ml_datasets/images/pcam_132907.jpg,1
pcam_132908,./ml_datasets/images/pcam_132908.jpg,1
pcam_132909,./ml_datasets/images/pcam_132909.jpg,1
pcam_132910,./ml_datasets/images/pcam_132910.jpg,1
pcam_132911,./ml_datasets/images/pcam_132911.jpg,1
pcam_132912,./ml_datasets/images/pcam_132912.jpg,1
pcam_132913,./ml_datasets/images/pcam_132913.jpg,1
pcam_132914,./ml_datasets/images/pcam_132914.jpg,1
pcam_132915,./ml_datasets/images/pcam_132915.jpg,1
pcam_132916,./ml_datasets/images/pcam_132916.jpg,1
pcam_132917,./ml_datasets/images/pcam_132917.jpg,1
pcam_132918,./ml_datasets/images/pcam_132918.jpg,1
pcam_132919,./ml_datasets/images/pcam_132919.jpg,1
pcam_132920,./ml_datasets/images/pcam_132920.jpg,1
pcam_132921,./ml_datasets/images/pcam_132921.jpg,1
pcam_132922,./ml_datasets/images/pcam_132922.jpg,1
pcam_132923,./ml_datasets/images/pcam_132923.jpg,1
pcam_132924,./ml_datasets/images/pcam_132924.jpg,1
pcam_132925,./ml_datasets/images/pcam_132925.jpg,1
pcam_132926,./ml_datasets/images/pcam_132926.jpg,1
pcam_132927,./ml_datasets/images/pcam_132927.jpg,1
pcam_132928,./ml_datasets/images/pcam_132928.jpg,1
pcam_132929,./ml_datasets/images/pcam_132929.jpg,1
pcam_132930,./ml_datasets/images/pcam_132930.jpg,1
pcam_132931,./ml_datasets/images/pcam_132931.jpg,1
pcam_132932,./ml_datasets/images/pcam_132932.jpg,1
pcam_132933,./ml_datasets/images/pcam_132933.jpg,1
pcam_132934,./ml_datasets/images/pcam_132934.jpg,1
pcam_132935,./ml_datasets/images/pcam_132935.jpg,1
pcam_132936,./ml_datasets/images/pcam_132936.jpg,1
pcam_132937,./ml_datasets/images/pcam_132937.jpg,1
pcam_132938,./ml_datasets/images/pcam_132938.jpg,1
pcam_132939,./ml_datasets/images/pcam_132939.jpg,1
pcam_132940,./ml_datasets/images/pcam_132940.jpg,1
pcam_132941,./ml_datasets/images/pcam_132941.jpg,1
pcam_132942,./ml_datasets/images/pcam_132942.jpg,1
pcam_132943,./ml_datasets/images/pcam_132943.jpg,1
pcam_132944,./ml_datasets/images/pcam_132944.jpg,1
pcam_132945,./ml_datasets/images/pcam_132945.jpg,1
pcam_132946,./ml_datasets/images/pcam_132946.jpg,1
pcam_132947,./ml_datasets/images/pcam_132947.jpg,1
pcam_132948,./ml_datasets/images/pcam_132948.jpg,1
pcam_132949,./ml_datasets/images/pcam_132949.jpg,1
pcam_132950,./ml_datasets/images/pcam_132950.jpg,1
pcam_132951,./ml_datasets/images/pcam_132951.jpg,1
pcam_132952,./ml_datasets/images/pcam_132952.jpg,1
pcam_132953,./ml_datasets/images/pcam_132953.jpg,1
pcam_132954,./ml_datasets/images/pcam_132954.jpg,1
pcam_132955,./ml_datasets/images/pcam_132955.jpg,1
pcam_132956,./ml_datasets/images/pcam_132956.jpg,1
pcam_132957,./ml_datasets/images/pcam_132957.jpg,1
pcam_132958,./ml_datasets/images/pcam_132958.jpg,1
pcam_132959,./ml_datasets/images/pcam_132959.jpg,1
pcam_132960,./ml_datasets/images/pcam_132960.jpg,1
pcam_132961,./ml_datasets/images/pcam_132961.jpg,1
pcam_132962,./ml_datasets/images/pcam_132962.jpg,1
pcam_132963,./ml_datasets/images/pcam_132963.jpg,1
pcam_132964,./ml_datasets/images/pcam_132964.jpg,1
pcam_132965,./ml_datasets/images/pcam_132965.jpg,1
pcam_132966,./ml_datasets/images/pcam_132966.jpg,1
pcam_132967,./ml_datasets/images/pcam_132967.jpg,1
pcam_132968,./ml_datasets/images/pcam_132968.jpg,1
pcam_132969,./ml_datasets/images/pcam_132969.jpg,1
pcam_132970,./ml_datasets/images/pcam_132970.jpg,1
pcam_132971,./ml_datasets/images/pcam_132971.jpg,1
pcam_132972,./ml_datasets/images/pcam_132972.jpg,1
pcam_132973,./ml_datasets/images/pcam_132973.jpg,1
pcam_132974,./ml_datasets/images/pcam_132974.jpg,1
pcam_132975,./ml_datasets/images/pcam_132975.jpg,1
pcam_132976,./ml_datasets/images/pcam_132976.jpg,1
pcam_132977,./ml_datasets/images/pcam_132977.jpg,1
pcam_132978,./ml_datasets/images/pcam_132978.jpg,1
pcam_132979,./ml_datasets/images/pcam_132979.jpg,1
pcam_132980,./ml_datasets/images/pcam_132980.jpg,1
pcam_132981,./ml_datasets/images/pcam_132981.jpg,1
pcam_132982,./ml_datasets/images/pcam_132982.jpg,1
pcam_132983,./ml_datasets/images/pcam_132983.jpg,1
pcam_132984,./ml_datasets/images/pcam_132984.jpg,1
pcam_132985,./ml_datasets/images/pcam_132985.jpg,1
pcam_132986,./ml_datasets/images/pcam_132986.jpg,1
pcam_132987,./ml_datasets/images/pcam_132987.jpg,1
pcam_132988,./ml_datasets/images/pcam_132988.jpg,1
pcam_132989,./ml_datasets/images/pcam_132989.jpg,1
pcam_132990,./ml_datasets/images/pcam_132990.jpg,1
pcam_132991,./ml_datasets/images/pcam_132991.jpg,1
pcam_132992,./ml_datasets/images/pcam_132992.jpg,1
pcam_132993,./ml_datasets/images/pcam_132993.jpg,1
pcam_132994,./ml_datasets/images/pcam_132994.jpg,1
pcam_132995,./ml_datasets/images/pcam_132995.jpg,1
pcam_132996,./ml_datasets/images/pcam_132996.jpg,1
pcam_132997,./ml_datasets/images/pcam_132997.jpg,1
pcam_132998,./ml_datasets/images/pcam_132998.jpg,1
pcam_132999,./ml_datasets/images/pcam_132999.jpg,1
pcam_133000,./ml_datasets/images/pcam_133000.jpg,1
pcam_133001,./ml_datasets/images/pcam_133001.jpg,1
pcam_133002,./ml_datasets/images/pcam_133002.jpg,1
pcam_133003,./ml_datasets/images/pcam_133003.jpg,1
pcam_133004,./ml_datasets/images/pcam_133004.jpg,1
pcam_133005,./ml_datasets/images/pcam_133005.jpg,1
pcam_133006,./ml_datasets/images/pcam_133006.jpg,1
pcam_133007,./ml_datasets/images/pcam_133007.jpg,1
pcam_133008,./ml_datasets/images/pcam_133008.jpg,1
pcam_133009,./ml_datasets/images/pcam_133009.jpg,1
pcam_133010,./ml_datasets/images/pcam_133010.jpg,1
pcam_133011,./ml_datasets/images/pcam_133011.jpg,1
pcam_133012,./ml_datasets/images/pcam_133012.jpg,1
pcam_133013,./ml_datasets/images/pcam_133013.jpg,1
pcam_133014,./ml_datasets/images/pcam_133014.jpg,1
pcam_133015,./ml_datasets/images/pcam_133015.jpg,1
pcam_133016,./ml_datasets/images/pcam_133016.jpg,1
pcam_133017,./ml_datasets/images/pcam_133017.jpg,1
pcam_133018,./ml_datasets/images/pcam_133018.jpg,1
pcam_133019,./ml_datasets/images/pcam_133019.jpg,1
pcam_133020,./ml_datasets/images/pcam_133020.jpg,1
pcam_133021,./ml_datasets/images/pcam_133021.jpg,1
pcam_133022,./ml_datasets/images/pcam_133022.jpg,1
pcam_133023,./ml_datasets/images/pcam_133023.jpg,1
pcam_133024,./ml_datasets/images/pcam_133024.jpg,1
pcam_133025,./ml_datasets/images/pcam_133025.jpg,1
pcam_133026,./ml_datasets/images/pcam_133026.jpg,1
pcam_133027,./ml_datasets/images/pcam_133027.jpg,1
pcam_133028,./ml_datasets/images/pcam_133028.jpg,1
pcam_133029,./ml_datasets/images/pcam_133029.jpg,1
pcam_133030,./ml_datasets/images/pcam_133030.jpg,1
pcam_133031,./ml_datasets/images/pcam_133031.jpg,1
pcam_133032,./ml_datasets/images/pcam_133032.jpg,1
pcam_133033,./ml_datasets/images/pcam_133033.jpg,1
pcam_133034,./ml_datasets/images/pcam_133034.jpg,1
pcam_133035,./ml_datasets/images/pcam_133035.jpg,1
pcam_133036,./ml_datasets/images/pcam_133036.jpg,1
pcam_133037,./ml_datasets/images/pcam_133037.jpg,1
pcam_133038,./ml_datasets/images/pcam_133038.jpg,1
pcam_133039,./ml_datasets/images/pcam_133039.jpg,1
pcam_133040,./ml_datasets/images/pcam_133040.jpg,1
pcam_133041,./ml_datasets/images/pcam_133041.jpg,1
pcam_133042,./ml_datasets/images/pcam_133042.jpg,1
pcam_133043,./ml_datasets/images/pcam_133043.jpg,1
pcam_133044,./ml_datasets/images/pcam_133044.jpg,1
pcam_133045,./ml_datasets/images/pcam_133045.jpg,1
pcam_133046,./ml_datasets/images/pcam_133046.jpg,1
pcam_133047,./ml_datasets/images/pcam_133047.jpg,1
pcam_133048,./ml_datasets/images/pcam_133048.jpg,1
pcam_133049,./ml_datasets/images/pcam_133049.jpg,1
pcam_133050,./ml_datasets/images/pcam_133050.jpg,1
pcam_133051,./ml_datasets/images/pcam_133051.jpg,1
pcam_133052,./ml_datasets/images/pcam_133052.jpg,1
pcam_133053,./ml_datasets/images/pcam_133053.jpg,1
pcam_133054,./ml_datasets/images/pcam_133054.jpg,1
pcam_133055,./ml_datasets/images/pcam_133055.jpg,1
pcam_133056,./ml_datasets/images/pcam_133056.jpg,1
pcam_133057,./ml_datasets/images/pcam_133057.jpg,1
pcam_133058,./ml_datasets/images/pcam_133058.jpg,1
pcam_133059,./ml_datasets/images/pcam_133059.jpg,1
pcam_133060,./ml_datasets/images/pcam_133060.jpg,1
pcam_133061,./ml_datasets/images/pcam_133061.jpg,1
pcam_133062,./ml_datasets/images/pcam_133062.jpg,1
pcam_133063,./ml_datasets/images/pcam_133063.jpg,1
pcam_133064,./ml_datasets/images/pcam_133064.jpg,1
pcam_133065,./ml_datasets/images/pcam_133065.jpg,1
pcam_133066,./ml_datasets/images/pcam_133066.jpg,1
pcam_133067,./ml_datasets/images/pcam_133067.jpg,1
pcam_133068,./ml_datasets/images/pcam_133068.jpg,1
pcam_133069,./ml_datasets/images/pcam_133069.jpg,1
pcam_133070,./ml_datasets/images/pcam_133070.jpg,1
pcam_133071,./ml_datasets/images/pcam_133071.jpg,1
pcam_133072,./ml_datasets/images/pcam_133072.jpg,1
pcam_133073,./ml_datasets/images/pcam_133073.jpg,1
pcam_133074,./ml_datasets/images/pcam_133074.jpg,1
pcam_133075,./ml_datasets/images/pcam_133075.jpg,1
pcam_133076,./ml_datasets/images/pcam_133076.jpg,1
pcam_133077,./ml_datasets/images/pcam_133077.jpg,1
pcam_133078,./ml_datasets/images/pcam_133078.jpg,1
pcam_133079,./ml_datasets/images/pcam_133079.jpg,1
pcam_133080,./ml_datasets/images/pcam_133080.jpg,1
pcam_133081,./ml_datasets/images/pcam_133081.jpg,1
pcam_133082,./ml_datasets/images/pcam_133082.jpg,1
pcam_133083,./ml_datasets/images/pcam_133083.jpg,1
pcam_133084,./ml_datasets/images/pcam_133084.jpg,1
pcam_133085,./ml_datasets/images/pcam_133085.jpg,1
pcam_133086,./ml_datasets/images/pcam_133086.jpg,1
pcam_133087,./ml_datasets/images/pcam_133087.jpg,1
pcam_133088,./ml_datasets/images/pcam_133088.jpg,1
pcam_133089,./ml_datasets/images/pcam_133089.jpg,1
pcam_133090,./ml_datasets/images/pcam_133090.jpg,1
pcam_133091,./ml_datasets/images/pcam_133091.jpg,1
pcam_133092,./ml_datasets/images/pcam_133092.jpg,1
pcam_133093,./ml_datasets/images/pcam_133093.jpg,1
pcam_133094,./ml_datasets/images/pcam_133094.jpg,1
pcam_133095,./ml_datasets/images/pcam_133095.jpg,1
pcam_133096,./ml_datasets/images/pcam_133096.jpg,1
pcam_133097,./ml_datasets/images/pcam_133097.jpg,1
pcam_133098,./ml_datasets/images/pcam_133098.jpg,1
pcam_133099,./ml_datasets/images/pcam_133099.jpg,1
pcam_133100,./ml_datasets/images/pcam_133100.jpg,1
pcam_133101,./ml_datasets/images/pcam_133101.jpg,1
pcam_133102,./ml_datasets/images/pcam_133102.jpg,1
pcam_133103,./ml_datasets/images/pcam_133103.jpg,1
pcam_133104,./ml_datasets/images/pcam_133104.jpg,1
pcam_133105,./ml_datasets/images/pcam_133105.jpg,1
pcam_133106,./ml_datasets/images/pcam_133106.jpg,1
pcam_133107,./ml_datasets/images/pcam_133107.jpg,1
pcam_133108,./ml_datasets/images/pcam_133108.jpg,1
pcam_133109,./ml_datasets/images/pcam_133109.jpg,1
pcam_133110,./ml_datasets/images/pcam_133110.jpg,1
pcam_133111,./ml_datasets/images/pcam_133111.jpg,1
pcam_133112,./ml_datasets/images/pcam_133112.jpg,1
pcam_133113,./ml_datasets/images/pcam_133113.jpg,1
pcam_133114,./ml_datasets/images/pcam_133114.jpg,1
pcam_133115,./ml_datasets/images/pcam_133115.jpg,1
pcam_133116,./ml_datasets/images/pcam_133116.jpg,1
pcam_133117,./ml_datasets/images/pcam_133117.jpg,1
pcam_133118,./ml_datasets/images/pcam_133118.jpg,1
pcam_133119,./ml_datasets/images/pcam_133119.jpg,1
pcam_133120,./ml_datasets/images/pcam_133120.jpg,1
pcam_133121,./ml_datasets/images/pcam_133121.jpg,1
pcam_133122,./ml_datasets/images/pcam_133122.jpg,1
pcam_133123,./ml_datasets/images/pcam_133123.jpg,1
pcam_133124,./ml_datasets/images/pcam_133124.jpg,1
pcam_133125,./ml_datasets/images/pcam_133125.jpg,1
pcam_133126,./ml_datasets/images/pcam_133126.jpg,1
pcam_133127,./ml_datasets/images/pcam_133127.jpg,1
pcam_133128,./ml_datasets/images/pcam_133128.jpg,1
pcam_133129,./ml_datasets/images/pcam_133129.jpg,1
pcam_133130,./ml_datasets/images/pcam_133130.jpg,1
pcam_133131,./ml_datasets/images/pcam_133131.jpg,1
pcam_133132,./ml_datasets/images/pcam_133132.jpg,1
pcam_133133,./ml_datasets/images/pcam_133133.jpg,1
pcam_133134,./ml_datasets/images/pcam_133134.jpg,1
pcam_133135,./ml_datasets/images/pcam_133135.jpg,1
pcam_133136,./ml_datasets/images/pcam_133136.jpg,1
pcam_133137,./ml_datasets/images/pcam_133137.jpg,1
pcam_133138,./ml_datasets/images/pcam_133138.jpg,1
pcam_133139,./ml_datasets/images/pcam_133139.jpg,1
pcam_133140,./ml_datasets/images/pcam_133140.jpg,1
pcam_133141,./ml_datasets/images/pcam_133141.jpg,1
pcam_133142,./ml_datasets/images/pcam_133142.jpg,1
pcam_133143,./ml_datasets/images/pcam_133143.jpg,1
pcam_133144,./ml_datasets/images/pcam_133144.jpg,1
pcam_133145,./ml_datasets/images/pcam_133145.jpg,1
pcam_133146,./ml_datasets/images/pcam_133146.jpg,1
pcam_133147,./ml_datasets/images/pcam_133147.jpg,1
pcam_133148,./ml_datasets/images/pcam_133148.jpg,1
pcam_133149,./ml_datasets/images/pcam_133149.jpg,1
pcam_133150,./ml_datasets/images/pcam_133150.jpg,1
pcam_133151,./ml_datasets/images/pcam_133151.jpg,1
pcam_133152,./ml_datasets/images/pcam_133152.jpg,1
pcam_133153,./ml_datasets/images/pcam_133153.jpg,1
pcam_133154,./ml_datasets/images/pcam_133154.jpg,1
pcam_133155,./ml_datasets/images/pcam_133155.jpg,1
pcam_133156,./ml_datasets/images/pcam_133156.jpg,1
pcam_133157,./ml_datasets/images/pcam_133157.jpg,1
pcam_133158,./ml_datasets/images/pcam_133158.jpg,1
pcam_133159,./ml_datasets/images/pcam_133159.jpg,1
pcam_133160,./ml_datasets/images/pcam_133160.jpg,1
pcam_133161,./ml_datasets/images/pcam_133161.jpg,1
pcam_133162,./ml_datasets/images/pcam_133162.jpg,1
pcam_133163,./ml_datasets/images/pcam_133163.jpg,1
pcam_133164,./ml_datasets/images/pcam_133164.jpg,1
pcam_133165,./ml_datasets/images/pcam_133165.jpg,1
pcam_133166,./ml_datasets/images/pcam_133166.jpg,1
pcam_133167,./ml_datasets/images/pcam_133167.jpg,1
pcam_133168,./ml_datasets/images/pcam_133168.jpg,1
pcam_133169,./ml_datasets/images/pcam_133169.jpg,1
pcam_133170,./ml_datasets/images/pcam_133170.jpg,1
pcam_133171,./ml_datasets/images/pcam_133171.jpg,1
pcam_133172,./ml_datasets/images/pcam_133172.jpg,1
pcam_133173,./ml_datasets/images/pcam_133173.jpg,1
pcam_133174,./ml_datasets/images/pcam_133174.jpg,1
pcam_133175,./ml_datasets/images/pcam_133175.jpg,1
pcam_133176,./ml_datasets/images/pcam_133176.jpg,1
pcam_133177,./ml_datasets/images/pcam_133177.jpg,1
pcam_133178,./ml_datasets/images/pcam_133178.jpg,1
pcam_133179,./ml_datasets/images/pcam_133179.jpg,1
pcam_133180,./ml_datasets/images/pcam_133180.jpg,1
pcam_133181,./ml_datasets/images/pcam_133181.jpg,1
pcam_133182,./ml_datasets/images/pcam_133182.jpg,1
pcam_133183,./ml_datasets/images/pcam_133183.jpg,1
pcam_133184,./ml_datasets/images/pcam_133184.jpg,1
pcam_133185,./ml_datasets/images/pcam_133185.jpg,1
pcam_133186,./ml_datasets/images/pcam_133186.jpg,1
pcam_133187,./ml_datasets/images/pcam_133187.jpg,1
pcam_133188,./ml_datasets/images/pcam_133188.jpg,1
pcam_133189,./ml_datasets/images/pcam_133189.jpg,1
pcam_133190,./ml_datasets/images/pcam_133190.jpg,1
pcam_133191,./ml_datasets/images/pcam_133191.jpg,1
pcam_133192,./ml_datasets/images/pcam_133192.jpg,1
pcam_133193,./ml_datasets/images/pcam_133193.jpg,1
pcam_133194,./ml_datasets/images/pcam_133194.jpg,1
pcam_133195,./ml_datasets/images/pcam_133195.jpg,1
pcam_133196,./ml_datasets/images/pcam_133196.jpg,1
pcam_133197,./ml_datasets/images/pcam_133197.jpg,1
pcam_133198,./ml_datasets/images/pcam_133198.jpg,1
pcam_133199,./ml_datasets/images/pcam_133199.jpg,1
pcam_133200,./ml_datasets/images/pcam_133200.jpg,1
pcam_133201,./ml_datasets/images/pcam_133201.jpg,1
pcam_133202,./ml_datasets/images/pcam_133202.jpg,1
pcam_133203,./ml_datasets/images/pcam_133203.jpg,1
pcam_133204,./ml_datasets/images/pcam_133204.jpg,1
pcam_133205,./ml_datasets/images/pcam_133205.jpg,1
pcam_133206,./ml_datasets/images/pcam_133206.jpg,1
pcam_133207,./ml_datasets/images/pcam_133207.jpg,1
pcam_133208,./ml_datasets/images/pcam_133208.jpg,1
pcam_133209,./ml_datasets/images/pcam_133209.jpg,1
pcam_133210,./ml_datasets/images/pcam_133210.jpg,1
pcam_133211,./ml_datasets/images/pcam_133211.jpg,1
pcam_133212,./ml_datasets/images/pcam_133212.jpg,1
pcam_133213,./ml_datasets/images/pcam_133213.jpg,1
pcam_133214,./ml_datasets/images/pcam_133214.jpg,1
pcam_133215,./ml_datasets/images/pcam_133215.jpg,1
pcam_133216,./ml_datasets/images/pcam_133216.jpg,1
pcam_133217,./ml_datasets/images/pcam_133217.jpg,1
pcam_133218,./ml_datasets/images/pcam_133218.jpg,1
pcam_133219,./ml_datasets/images/pcam_133219.jpg,1
pcam_133220,./ml_datasets/images/pcam_133220.jpg,1
pcam_133221,./ml_datasets/images/pcam_133221.jpg,1
pcam_133222,./ml_datasets/images/pcam_133222.jpg,1
pcam_133223,./ml_datasets/images/pcam_133223.jpg,1
pcam_133224,./ml_datasets/images/pcam_133224.jpg,1
pcam_133225,./ml_datasets/images/pcam_133225.jpg,1
pcam_133226,./ml_datasets/images/pcam_133226.jpg,1
pcam_133227,./ml_datasets/images/pcam_133227.jpg,1
pcam_133228,./ml_datasets/images/pcam_133228.jpg,1
pcam_133229,./ml_datasets/images/pcam_133229.jpg,1
pcam_133230,./ml_datasets/images/pcam_133230.jpg,1
pcam_133231,./ml_datasets/images/pcam_133231.jpg,1
pcam_133232,./ml_datasets/images/pcam_133232.jpg,1
pcam_133233,./ml_datasets/images/pcam_133233.jpg,1
pcam_133234,./ml_datasets/images/pcam_133234.jpg,1
pcam_133235,./ml_datasets/images/pcam_133235.jpg,1
pcam_133236,./ml_datasets/images/pcam_133236.jpg,1
pcam_133237,./ml_datasets/images/pcam_133237.jpg,1
pcam_133238,./ml_datasets/images/pcam_133238.jpg,1
pcam_133239,./ml_datasets/images/pcam_133239.jpg,1
pcam_133240,./ml_datasets/images/pcam_133240.jpg,1
pcam_133241,./ml_datasets/images/pcam_133241.jpg,1
pcam_133242,./ml_datasets/images/pcam_133242.jpg,1
pcam_133243,./ml_datasets/images/pcam_133243.jpg,1
pcam_133244,./ml_datasets/images/pcam_133244.jpg,1
pcam_133245,./ml_datasets/images/pcam_133245.jpg,1
pcam_133246,./ml_datasets/images/pcam_133246.jpg,1
pcam_133247,./ml_datasets/images/pcam_133247.jpg,1
pcam_133248,./ml_datasets/images/pcam_133248.jpg,1
pcam_133249,./ml_datasets/images/pcam_133249.jpg,1
pcam_133250,./ml_datasets/images/pcam_133250.jpg,1
pcam_133251,./ml_datasets/images/pcam_133251.jpg,1
pcam_133252,./ml_datasets/images/pcam_133252.jpg,1
pcam_133253,./ml_datasets/images/pcam_133253.jpg,1
pcam_133254,./ml_datasets/images/pcam_133254.jpg,1
pcam_133255,./ml_datasets/images/pcam_133255.jpg,1
pcam_133256,./ml_datasets/images/pcam_133256.jpg,1
pcam_133257,./ml_datasets/images/pcam_133257.jpg,1
pcam_133258,./ml_datasets/images/pcam_133258.jpg,1
pcam_133259,./ml_datasets/images/pcam_133259.jpg,1
pcam_133260,./ml_datasets/images/pcam_133260.jpg,1
pcam_133261,./ml_datasets/images/pcam_133261.jpg,1
pcam_133262,./ml_datasets/images/pcam_133262.jpg,1
pcam_133263,./ml_datasets/images/pcam_133263.jpg,1
pcam_133264,./ml_datasets/images/pcam_133264.jpg,1
pcam_133265,./ml_datasets/images/pcam_133265.jpg,1
pcam_133266,./ml_datasets/images/pcam_133266.jpg,1
pcam_133267,./ml_datasets/images/pcam_133267.jpg,1
pcam_133268,./ml_datasets/images/pcam_133268.jpg,1
pcam_133269,./ml_datasets/images/pcam_133269.jpg,1
pcam_133270,./ml_datasets/images/pcam_133270.jpg,1
pcam_133271,./ml_datasets/images/pcam_133271.jpg,1
pcam_133272,./ml_datasets/images/pcam_133272.jpg,1
pcam_133273,./ml_datasets/images/pcam_133273.jpg,1
pcam_133274,./ml_datasets/images/pcam_133274.jpg,1
pcam_133275,./ml_datasets/images/pcam_133275.jpg,1
pcam_133276,./ml_datasets/images/pcam_133276.jpg,1
pcam_133277,./ml_datasets/images/pcam_133277.jpg,1
pcam_133278,./ml_datasets/images/pcam_133278.jpg,1
pcam_133279,./ml_datasets/images/pcam_133279.jpg,1
pcam_133280,./ml_datasets/images/pcam_133280.jpg,1
pcam_133281,./ml_datasets/images/pcam_133281.jpg,1
pcam_133282,./ml_datasets/images/pcam_133282.jpg,1
pcam_133283,./ml_datasets/images/pcam_133283.jpg,1
pcam_133284,./ml_datasets/images/pcam_133284.jpg,1
pcam_133285,./ml_datasets/images/pcam_133285.jpg,1
pcam_133286,./ml_datasets/images/pcam_133286.jpg,1
pcam_133287,./ml_datasets/images/pcam_133287.jpg,1
pcam_133288,./ml_datasets/images/pcam_133288.jpg,1
pcam_133289,./ml_datasets/images/pcam_133289.jpg,1
pcam_133290,./ml_datasets/images/pcam_133290.jpg,1
pcam_133291,./ml_datasets/images/pcam_133291.jpg,1
pcam_133292,./ml_datasets/images/pcam_133292.jpg,1
pcam_133293,./ml_datasets/images/pcam_133293.jpg,1
pcam_133294,./ml_datasets/images/pcam_133294.jpg,1
pcam_133295,./ml_datasets/images/pcam_133295.jpg,1
pcam_133296,./ml_datasets/images/pcam_133296.jpg,1
pcam_133297,./ml_datasets/images/pcam_133297.jpg,1
pcam_133298,./ml_datasets/images/pcam_133298.jpg,1
pcam_133299,./ml_datasets/images/pcam_133299.jpg,1
pcam_133300,./ml_datasets/images/pcam_133300.jpg,1
pcam_133301,./ml_datasets/images/pcam_133301.jpg,1
pcam_133302,./ml_datasets/images/pcam_133302.jpg,1
pcam_133303,./ml_datasets/images/pcam_133303.jpg,1
pcam_133304,./ml_datasets/images/pcam_133304.jpg,1
pcam_133305,./ml_datasets/images/pcam_133305.jpg,1
pcam_133306,./ml_datasets/images/pcam_133306.jpg,1
pcam_133307,./ml_datasets/images/pcam_133307.jpg,1
pcam_133308,./ml_datasets/images/pcam_133308.jpg,1
pcam_133309,./ml_datasets/images/pcam_133309.jpg,1
pcam_133310,./ml_datasets/images/pcam_133310.jpg,1
pcam_133311,./ml_datasets/images/pcam_133311.jpg,1
pcam_133312,./ml_datasets/images/pcam_133312.jpg,1
pcam_133313,./ml_datasets/images/pcam_133313.jpg,1
pcam_133314,./ml_datasets/images/pcam_133314.jpg,1
pcam_133315,./ml_datasets/images/pcam_133315.jpg,1
pcam_133316,./ml_datasets/images/pcam_133316.jpg,1
pcam_133317,./ml_datasets/images/pcam_133317.jpg,1
pcam_133318,./ml_datasets/images/pcam_133318.jpg,1
pcam_133319,./ml_datasets/images/pcam_133319.jpg,1
pcam_133320,./ml_datasets/images/pcam_133320.jpg,1
pcam_133321,./ml_datasets/images/pcam_133321.jpg,1
pcam_133322,./ml_datasets/images/pcam_133322.jpg,1
pcam_133323,./ml_datasets/images/pcam_133323.jpg,1
pcam_133324,./ml_datasets/images/pcam_133324.jpg,1
pcam_133325,./ml_datasets/images/pcam_133325.jpg,1
pcam_133326,./ml_datasets/images/pcam_133326.jpg,1
pcam_133327,./ml_datasets/images/pcam_133327.jpg,1
pcam_133328,./ml_datasets/images/pcam_133328.jpg,1
pcam_133329,./ml_datasets/images/pcam_133329.jpg,1
pcam_133330,./ml_datasets/images/pcam_133330.jpg,1
pcam_133331,./ml_datasets/images/pcam_133331.jpg,1
pcam_133332,./ml_datasets/images/pcam_133332.jpg,1
pcam_133333,./ml_datasets/images/pcam_133333.jpg,1
pcam_133334,./ml_datasets/images/pcam_133334.jpg,1
pcam_133335,./ml_datasets/images/pcam_133335.jpg,1
pcam_133336,./ml_datasets/images/pcam_133336.jpg,1
pcam_133337,./ml_datasets/images/pcam_133337.jpg,1
pcam_133338,./ml_datasets/images/pcam_133338.jpg,1
pcam_133339,./ml_datasets/images/pcam_133339.jpg,1
pcam_133340,./ml_datasets/images/pcam_133340.jpg,1
pcam_133341,./ml_datasets/images/pcam_133341.jpg,1
pcam_133342,./ml_datasets/images/pcam_133342.jpg,1
pcam_133343,./ml_datasets/images/pcam_133343.jpg,1
pcam_133344,./ml_datasets/images/pcam_133344.jpg,1
pcam_133345,./ml_datasets/images/pcam_133345.jpg,1
pcam_133346,./ml_datasets/images/pcam_133346.jpg,1
pcam_133347,./ml_datasets/images/pcam_133347.jpg,1
pcam_133348,./ml_datasets/images/pcam_133348.jpg,1
pcam_133349,./ml_datasets/images/pcam_133349.jpg,1
pcam_133350,./ml_datasets/images/pcam_133350.jpg,1
pcam_133351,./ml_datasets/images/pcam_133351.jpg,1
pcam_133352,./ml_datasets/images/pcam_133352.jpg,1
pcam_133353,./ml_datasets/images/pcam_133353.jpg,1
pcam_133354,./ml_datasets/images/pcam_133354.jpg,1
pcam_133355,./ml_datasets/images/pcam_133355.jpg,1
pcam_133356,./ml_datasets/images/pcam_133356.jpg,1
pcam_133357,./ml_datasets/images/pcam_133357.jpg,1
pcam_133358,./ml_datasets/images/pcam_133358.jpg,1
pcam_133359,./ml_datasets/images/pcam_133359.jpg,1
pcam_133360,./ml_datasets/images/pcam_133360.jpg,1
pcam_133361,./ml_datasets/images/pcam_133361.jpg,1
pcam_133362,./ml_datasets/images/pcam_133362.jpg,1
pcam_133363,./ml_datasets/images/pcam_133363.jpg,1
pcam_133364,./ml_datasets/images/pcam_133364.jpg,1
pcam_133365,./ml_datasets/images/pcam_133365.jpg,1
pcam_133366,./ml_datasets/images/pcam_133366.jpg,1
pcam_133367,./ml_datasets/images/pcam_133367.jpg,1
pcam_133368,./ml_datasets/images/pcam_133368.jpg,1
pcam_133369,./ml_datasets/images/pcam_133369.jpg,1
pcam_133370,./ml_datasets/images/pcam_133370.jpg,1
pcam_133371,./ml_datasets/images/pcam_133371.jpg,1
pcam_133372,./ml_datasets/images/pcam_133372.jpg,1
pcam_133373,./ml_datasets/images/pcam_133373.jpg,1
pcam_133374,./ml_datasets/images/pcam_133374.jpg,1
pcam_133375,./ml_datasets/images/pcam_133375.jpg,1
pcam_133376,./ml_datasets/images/pcam_133376.jpg,1
pcam_133377,./ml_datasets/images/pcam_133377.jpg,1
pcam_133378,./ml_datasets/images/pcam_133378.jpg,1
pcam_133379,./ml_datasets/images/pcam_133379.jpg,1
pcam_133380,./ml_datasets/images/pcam_133380.jpg,1
pcam_133381,./ml_datasets/images/pcam_133381.jpg,1
pcam_133382,./ml_datasets/images/pcam_133382.jpg,1
pcam_133383,./ml_datasets/images/pcam_133383.jpg,1
pcam_133384,./ml_datasets/images/pcam_133384.jpg,1
pcam_133385,./ml_datasets/images/pcam_133385.jpg,1
pcam_133386,./ml_datasets/images/pcam_133386.jpg,1
pcam_133387,./ml_datasets/images/pcam_133387.jpg,1
pcam_133388,./ml_datasets/images/pcam_133388.jpg,1
pcam_133389,./ml_datasets/images/pcam_133389.jpg,1
pcam_133390,./ml_datasets/images/pcam_133390.jpg,1
pcam_133391,./ml_datasets/images/pcam_133391.jpg,1
pcam_133392,./ml_datasets/images/pcam_133392.jpg,1
pcam_133393,./ml_datasets/images/pcam_133393.jpg,1
pcam_133394,./ml_datasets/images/pcam_133394.jpg,1
pcam_133395,./ml_datasets/images/pcam_133395.jpg,1
pcam_133396,./ml_datasets/images/pcam_133396.jpg,1
pcam_133397,./ml_datasets/images/pcam_133397.jpg,1
pcam_133398,./ml_datasets/images/pcam_133398.jpg,1
pcam_133399,./ml_datasets/images/pcam_133399.jpg,1
pcam_133400,./ml_datasets/images/pcam_133400.jpg,1
pcam_133401,./ml_datasets/images/pcam_133401.jpg,1
pcam_133402,./ml_datasets/images/pcam_133402.jpg,1
pcam_133403,./ml_datasets/images/pcam_133403.jpg,1
pcam_133404,./ml_datasets/images/pcam_133404.jpg,1
pcam_133405,./ml_datasets/images/pcam_133405.jpg,1
pcam_133406,./ml_datasets/images/pcam_133406.jpg,1
pcam_133407,./ml_datasets/images/pcam_133407.jpg,1
pcam_133408,./ml_datasets/images/pcam_133408.jpg,1
pcam_133409,./ml_datasets/images/pcam_133409.jpg,1
pcam_133410,./ml_datasets/images/pcam_133410.jpg,1
pcam_133411,./ml_datasets/images/pcam_133411.jpg,1
pcam_133412,./ml_datasets/images/pcam_133412.jpg,1
pcam_133413,./ml_datasets/images/pcam_133413.jpg,1
pcam_133414,./ml_datasets/images/pcam_133414.jpg,1
pcam_133415,./ml_datasets/images/pcam_133415.jpg,1
pcam_133416,./ml_datasets/images/pcam_133416.jpg,1
pcam_133417,./ml_datasets/images/pcam_133417.jpg,1
pcam_133418,./ml_datasets/images/pcam_133418.jpg,1
pcam_133419,./ml_datasets/images/pcam_133419.jpg,1
pcam_133420,./ml_datasets/images/pcam_133420.jpg,1
pcam_133421,./ml_datasets/images/pcam_133421.jpg,1
pcam_133422,./ml_datasets/images/pcam_133422.jpg,1
pcam_133423,./ml_datasets/images/pcam_133423.jpg,1
pcam_133424,./ml_datasets/images/pcam_133424.jpg,1
pcam_133425,./ml_datasets/images/pcam_133425.jpg,1
pcam_133426,./ml_datasets/images/pcam_133426.jpg,1
pcam_133427,./ml_datasets/images/pcam_133427.jpg,1
pcam_133428,./ml_datasets/images/pcam_133428.jpg,1
pcam_133429,./ml_datasets/images/pcam_133429.jpg,1
pcam_133430,./ml_datasets/images/pcam_133430.jpg,1
pcam_133431,./ml_datasets/images/pcam_133431.jpg,1
pcam_133432,./ml_datasets/images/pcam_133432.jpg,1
pcam_133433,./ml_datasets/images/pcam_133433.jpg,1
pcam_133434,./ml_datasets/images/pcam_133434.jpg,1
pcam_133435,./ml_datasets/images/pcam_133435.jpg,1
pcam_133436,./ml_datasets/images/pcam_133436.jpg,1
pcam_133437,./ml_datasets/images/pcam_133437.jpg,1
pcam_133438,./ml_datasets/images/pcam_133438.jpg,1
pcam_133439,./ml_datasets/images/pcam_133439.jpg,1
pcam_133440,./ml_datasets/images/pcam_133440.jpg,1
pcam_133441,./ml_datasets/images/pcam_133441.jpg,1
pcam_133442,./ml_datasets/images/pcam_133442.jpg,1
pcam_133443,./ml_datasets/images/pcam_133443.jpg,1
pcam_133444,./ml_datasets/images/pcam_133444.jpg,1
pcam_133445,./ml_datasets/images/pcam_133445.jpg,1
pcam_133446,./ml_datasets/images/pcam_133446.jpg,1
pcam_133447,./ml_datasets/images/pcam_133447.jpg,1
pcam_133448,./ml_datasets/images/pcam_133448.jpg,1
pcam_133449,./ml_datasets/images/pcam_133449.jpg,1
pcam_133450,./ml_datasets/images/pcam_133450.jpg,1
pcam_133451,./ml_datasets/images/pcam_133451.jpg,1
pcam_133452,./ml_datasets/images/pcam_133452.jpg,1
pcam_133453,./ml_datasets/images/pcam_133453.jpg,1
pcam_133454,./ml_datasets/images/pcam_133454.jpg,1
pcam_133455,./ml_datasets/images/pcam_133455.jpg,1
pcam_133456,./ml_datasets/images/pcam_133456.jpg,1
pcam_133457,./ml_datasets/images/pcam_133457.jpg,1
pcam_133458,./ml_datasets/images/pcam_133458.jpg,1
pcam_133459,./ml_datasets/images/pcam_133459.jpg,1
pcam_133460,./ml_datasets/images/pcam_133460.jpg,1
pcam_133461,./ml_datasets/images/pcam_133461.jpg,1
pcam_133462,./ml_datasets/images/pcam_133462.jpg,1
pcam_133463,./ml_datasets/images/pcam_133463.jpg,1
pcam_133464,./ml_datasets/images/pcam_133464.jpg,1
pcam_133465,./ml_datasets/images/pcam_133465.jpg,1
pcam_133466,./ml_datasets/images/pcam_133466.jpg,1
pcam_133467,./ml_datasets/images/pcam_133467.jpg,1
pcam_133468,./ml_datasets/images/pcam_133468.jpg,1
pcam_133469,./ml_datasets/images/pcam_133469.jpg,1
pcam_133470,./ml_datasets/images/pcam_133470.jpg,1
pcam_133471,./ml_datasets/images/pcam_133471.jpg,1
pcam_133472,./ml_datasets/images/pcam_133472.jpg,1
pcam_133473,./ml_datasets/images/pcam_133473.jpg,1
pcam_133474,./ml_datasets/images/pcam_133474.jpg,1
pcam_133475,./ml_datasets/images/pcam_133475.jpg,1
pcam_133476,./ml_datasets/images/pcam_133476.jpg,1
pcam_133477,./ml_datasets/images/pcam_133477.jpg,1
pcam_133478,./ml_datasets/images/pcam_133478.jpg,1
pcam_133479,./ml_datasets/images/pcam_133479.jpg,1
pcam_133480,./ml_datasets/images/pcam_133480.jpg,1
pcam_133481,./ml_datasets/images/pcam_133481.jpg,1
pcam_133482,./ml_datasets/images/pcam_133482.jpg,1
pcam_133483,./ml_datasets/images/pcam_133483.jpg,1
pcam_133484,./ml_datasets/images/pcam_133484.jpg,1
pcam_133485,./ml_datasets/images/pcam_133485.jpg,1
pcam_133486,./ml_datasets/images/pcam_133486.jpg,1
pcam_133487,./ml_datasets/images/pcam_133487.jpg,1
pcam_133488,./ml_datasets/images/pcam_133488.jpg,1
pcam_133489,./ml_datasets/images/pcam_133489.jpg,1
pcam_133490,./ml_datasets/images/pcam_133490.jpg,1
pcam_133491,./ml_datasets/images/pcam_133491.jpg,1
pcam_133492,./ml_datasets/images/pcam_133492.jpg,1
pcam_133493,./ml_datasets/images/pcam_133493.jpg,1
pcam_133494,./ml_datasets/images/pcam_133494.jpg,1
pcam_133495,./ml_datasets/images/pcam_133495.jpg,1
pcam_133496,./ml_datasets/images/pcam_133496.jpg,1
pcam_133497,./ml_datasets/images/pcam_133497.jpg,1
pcam_133498,./ml_datasets/images/pcam_133498.jpg,1
pcam_133499,./ml_datasets/images/pcam_133499.jpg,1
pcam_133500,./ml_datasets/images/pcam_133500.jpg,1
pcam_133501,./ml_datasets/images/pcam_133501.jpg,1
pcam_133502,./ml_datasets/images/pcam_133502.jpg,1
pcam_133503,./ml_datasets/images/pcam_133503.jpg,1
pcam_133504,./ml_datasets/images/pcam_133504.jpg,1
pcam_133505,./ml_datasets/images/pcam_133505.jpg,1
pcam_133506,./ml_datasets/images/pcam_133506.jpg,1
pcam_133507,./ml_datasets/images/pcam_133507.jpg,1
pcam_133508,./ml_datasets/images/pcam_133508.jpg,1
pcam_133509,./ml_datasets/images/pcam_133509.jpg,1
pcam_133510,./ml_datasets/images/pcam_133510.jpg,1
pcam_133511,./ml_datasets/images/pcam_133511.jpg,1
pcam_133512,./ml_datasets/images/pcam_133512.jpg,1
pcam_133513,./ml_datasets/images/pcam_133513.jpg,1
pcam_133514,./ml_datasets/images/pcam_133514.jpg,1
pcam_133515,./ml_datasets/images/pcam_133515.jpg,1
pcam_133516,./ml_datasets/images/pcam_133516.jpg,1
pcam_133517,./ml_datasets/images/pcam_133517.jpg,1
pcam_133518,./ml_datasets/images/pcam_133518.jpg,1
pcam_133519,./ml_datasets/images/pcam_133519.jpg,1
pcam_133520,./ml_datasets/images/pcam_133520.jpg,1
pcam_133521,./ml_datasets/images/pcam_133521.jpg,1
pcam_133522,./ml_datasets/images/pcam_133522.jpg,1
pcam_133523,./ml_datasets/images/pcam_133523.jpg,1
pcam_133524,./ml_datasets/images/pcam_133524.jpg,1
pcam_133525,./ml_datasets/images/pcam_133525.jpg,1
pcam_133526,./ml_datasets/images/pcam_133526.jpg,1
pcam_133527,./ml_datasets/images/pcam_133527.jpg,1
pcam_133528,./ml_datasets/images/pcam_133528.jpg,1
pcam_133529,./ml_datasets/images/pcam_133529.jpg,1
pcam_133530,./ml_datasets/images/pcam_133530.jpg,1
pcam_133531,./ml_datasets/images/pcam_133531.jpg,1
pcam_133532,./ml_datasets/images/pcam_133532.jpg,1
pcam_133533,./ml_datasets/images/pcam_133533.jpg,1
pcam_133534,./ml_datasets/images/pcam_133534.jpg,1
pcam_133535,./ml_datasets/images/pcam_133535.jpg,1
pcam_133536,./ml_datasets/images/pcam_133536.jpg,1
pcam_133537,./ml_datasets/images/pcam_133537.jpg,1
pcam_133538,./ml_datasets/images/pcam_133538.jpg,1
pcam_133539,./ml_datasets/images/pcam_133539.jpg,1
pcam_133540,./ml_datasets/images/pcam_133540.jpg,1
pcam_133541,./ml_datasets/images/pcam_133541.jpg,1
pcam_133542,./ml_datasets/images/pcam_133542.jpg,1
pcam_133543,./ml_datasets/images/pcam_133543.jpg,1
pcam_133544,./ml_datasets/images/pcam_133544.jpg,1
pcam_133545,./ml_datasets/images/pcam_133545.jpg,1
pcam_133546,./ml_datasets/images/pcam_133546.jpg,1
pcam_133547,./ml_datasets/images/pcam_133547.jpg,1
pcam_133548,./ml_datasets/images/pcam_133548.jpg,1
pcam_133549,./ml_datasets/images/pcam_133549.jpg,1
pcam_133550,./ml_datasets/images/pcam_133550.jpg,1
pcam_133551,./ml_datasets/images/pcam_133551.jpg,1
pcam_133552,./ml_datasets/images/pcam_133552.jpg,1
pcam_133553,./ml_datasets/images/pcam_133553.jpg,1
pcam_133554,./ml_datasets/images/pcam_133554.jpg,1
pcam_133555,./ml_datasets/images/pcam_133555.jpg,1
pcam_133556,./ml_datasets/images/pcam_133556.jpg,1
pcam_133557,./ml_datasets/images/pcam_133557.jpg,1
pcam_133558,./ml_datasets/images/pcam_133558.jpg,1
pcam_133559,./ml_datasets/images/pcam_133559.jpg,1
pcam_133560,./ml_datasets/images/pcam_133560.jpg,1
pcam_133561,./ml_datasets/images/pcam_133561.jpg,1
pcam_133562,./ml_datasets/images/pcam_133562.jpg,1
pcam_133563,./ml_datasets/images/pcam_133563.jpg,1
pcam_133564,./ml_datasets/images/pcam_133564.jpg,1
pcam_133565,./ml_datasets/images/pcam_133565.jpg,1
pcam_133566,./ml_datasets/images/pcam_133566.jpg,1
pcam_133567,./ml_datasets/images/pcam_133567.jpg,1
pcam_133568,./ml_datasets/images/pcam_133568.jpg,1
pcam_133569,./ml_datasets/images/pcam_133569.jpg,1
pcam_133570,./ml_datasets/images/pcam_133570.jpg,1
pcam_133571,./ml_datasets/images/pcam_133571.jpg,1
pcam_133572,./ml_datasets/images/pcam_133572.jpg,1
pcam_133573,./ml_datasets/images/pcam_133573.jpg,1
pcam_133574,./ml_datasets/images/pcam_133574.jpg,1
pcam_133575,./ml_datasets/images/pcam_133575.jpg,1
pcam_133576,./ml_datasets/images/pcam_133576.jpg,1
pcam_133577,./ml_datasets/images/pcam_133577.jpg,1
pcam_133578,./ml_datasets/images/pcam_133578.jpg,1
pcam_133579,./ml_datasets/images/pcam_133579.jpg,1
pcam_133580,./ml_datasets/images/pcam_133580.jpg,1
pcam_133581,./ml_datasets/images/pcam_133581.jpg,1
pcam_133582,./ml_datasets/images/pcam_133582.jpg,1
pcam_133583,./ml_datasets/images/pcam_133583.jpg,1
pcam_133584,./ml_datasets/images/pcam_133584.jpg,1
pcam_133585,./ml_datasets/images/pcam_133585.jpg,1
pcam_133586,./ml_datasets/images/pcam_133586.jpg,1
pcam_133587,./ml_datasets/images/pcam_133587.jpg,1
pcam_133588,./ml_datasets/images/pcam_133588.jpg,1
pcam_133589,./ml_datasets/images/pcam_133589.jpg,1
pcam_133590,./ml_datasets/images/pcam_133590.jpg,1
pcam_133591,./ml_datasets/images/pcam_133591.jpg,1
pcam_133592,./ml_datasets/images/pcam_133592.jpg,1
pcam_133593,./ml_datasets/images/pcam_133593.jpg,1
pcam_133594,./ml_datasets/images/pcam_133594.jpg,1
pcam_133595,./ml_datasets/images/pcam_133595.jpg,1
pcam_133596,./ml_datasets/images/pcam_133596.jpg,1
pcam_133597,./ml_datasets/images/pcam_133597.jpg,1
pcam_133598,./ml_datasets/images/pcam_133598.jpg,1
pcam_133599,./ml_datasets/images/pcam_133599.jpg,1
pcam_133600,./ml_datasets/images/pcam_133600.jpg,1
pcam_133601,./ml_datasets/images/pcam_133601.jpg,1
pcam_133602,./ml_datasets/images/pcam_133602.jpg,1
pcam_133603,./ml_datasets/images/pcam_133603.jpg,1
pcam_133604,./ml_datasets/images/pcam_133604.jpg,1
pcam_133605,./ml_datasets/images/pcam_133605.jpg,1
pcam_133606,./ml_datasets/images/pcam_133606.jpg,1
pcam_133607,./ml_datasets/images/pcam_133607.jpg,1
pcam_133608,./ml_datasets/images/pcam_133608.jpg,1
pcam_133609,./ml_datasets/images/pcam_133609.jpg,1
pcam_133610,./ml_datasets/images/pcam_133610.jpg,1
pcam_133611,./ml_datasets/images/pcam_133611.jpg,1
pcam_133612,./ml_datasets/images/pcam_133612.jpg,1
pcam_133613,./ml_datasets/images/pcam_133613.jpg,1
pcam_133614,./ml_datasets/images/pcam_133614.jpg,1
pcam_133615,./ml_datasets/images/pcam_133615.jpg,1
pcam_133616,./ml_datasets/images/pcam_133616.jpg,1
pcam_133617,./ml_datasets/images/pcam_133617.jpg,1
pcam_133618,./ml_datasets/images/pcam_133618.jpg,1
pcam_133619,./ml_datasets/images/pcam_133619.jpg,1
pcam_133620,./ml_datasets/images/pcam_133620.jpg,1
pcam_133621,./ml_datasets/images/pcam_133621.jpg,1
pcam_133622,./ml_datasets/images/pcam_133622.jpg,1
pcam_133623,./ml_datasets/images/pcam_133623.jpg,1
pcam_133624,./ml_datasets/images/pcam_133624.jpg,1
pcam_133625,./ml_datasets/images/pcam_133625.jpg,1
pcam_133626,./ml_datasets/images/pcam_133626.jpg,1
pcam_133627,./ml_datasets/images/pcam_133627.jpg,1
pcam_133628,./ml_datasets/images/pcam_133628.jpg,1
pcam_133629,./ml_datasets/images/pcam_133629.jpg,1
pcam_133630,./ml_datasets/images/pcam_133630.jpg,1
pcam_133631,./ml_datasets/images/pcam_133631.jpg,1
pcam_133632,./ml_datasets/images/pcam_133632.jpg,1
pcam_133633,./ml_datasets/images/pcam_133633.jpg,1
pcam_133634,./ml_datasets/images/pcam_133634.jpg,1
pcam_133635,./ml_datasets/images/pcam_133635.jpg,1
pcam_133636,./ml_datasets/images/pcam_133636.jpg,1
pcam_133637,./ml_datasets/images/pcam_133637.jpg,1
pcam_133638,./ml_datasets/images/pcam_133638.jpg,1
pcam_133639,./ml_datasets/images/pcam_133639.jpg,1
pcam_133640,./ml_datasets/images/pcam_133640.jpg,1
pcam_133641,./ml_datasets/images/pcam_133641.jpg,1
pcam_133642,./ml_datasets/images/pcam_133642.jpg,1
pcam_133643,./ml_datasets/images/pcam_133643.jpg,1
pcam_133644,./ml_datasets/images/pcam_133644.jpg,1
pcam_133645,./ml_datasets/images/pcam_133645.jpg,1
pcam_133646,./ml_datasets/images/pcam_133646.jpg,1
pcam_133647,./ml_datasets/images/pcam_133647.jpg,1
pcam_133648,./ml_datasets/images/pcam_133648.jpg,1
pcam_133649,./ml_datasets/images/pcam_133649.jpg,1
pcam_133650,./ml_datasets/images/pcam_133650.jpg,1
pcam_133651,./ml_datasets/images/pcam_133651.jpg,1
pcam_133652,./ml_datasets/images/pcam_133652.jpg,1
pcam_133653,./ml_datasets/images/pcam_133653.jpg,1
pcam_133654,./ml_datasets/images/pcam_133654.jpg,1
pcam_133655,./ml_datasets/images/pcam_133655.jpg,1
pcam_133656,./ml_datasets/images/pcam_133656.jpg,1
pcam_133657,./ml_datasets/images/pcam_133657.jpg,1
pcam_133658,./ml_datasets/images/pcam_133658.jpg,1
pcam_133659,./ml_datasets/images/pcam_133659.jpg,1
pcam_133660,./ml_datasets/images/pcam_133660.jpg,1
pcam_133661,./ml_datasets/images/pcam_133661.jpg,1
pcam_133662,./ml_datasets/images/pcam_133662.jpg,1
pcam_133663,./ml_datasets/images/pcam_133663.jpg,1
pcam_133664,./ml_datasets/images/pcam_133664.jpg,1
pcam_133665,./ml_datasets/images/pcam_133665.jpg,1
pcam_133666,./ml_datasets/images/pcam_133666.jpg,1
pcam_133667,./ml_datasets/images/pcam_133667.jpg,1
pcam_133668,./ml_datasets/images/pcam_133668.jpg,1
pcam_133669,./ml_datasets/images/pcam_133669.jpg,1
pcam_133670,./ml_datasets/images/pcam_133670.jpg,1
pcam_133671,./ml_datasets/images/pcam_133671.jpg,1
pcam_133672,./ml_datasets/images/pcam_133672.jpg,1
pcam_133673,./ml_datasets/images/pcam_133673.jpg,1
pcam_133674,./ml_datasets/images/pcam_133674.jpg,1
pcam_133675,./ml_datasets/images/pcam_133675.jpg,1
pcam_133676,./ml_datasets/images/pcam_133676.jpg,1
pcam_133677,./ml_datasets/images/pcam_133677.jpg,1
pcam_133678,./ml_datasets/images/pcam_133678.jpg,1
pcam_133679,./ml_datasets/images/pcam_133679.jpg,1
pcam_133680,./ml_datasets/images/pcam_133680.jpg,1
pcam_133681,./ml_datasets/images/pcam_133681.jpg,1
pcam_133682,./ml_datasets/images/pcam_133682.jpg,1
pcam_133683,./ml_datasets/images/pcam_133683.jpg,1
pcam_133684,./ml_datasets/images/pcam_133684.jpg,1
pcam_133685,./ml_datasets/images/pcam_133685.jpg,1
pcam_133686,./ml_datasets/images/pcam_133686.jpg,1
pcam_133687,./ml_datasets/images/pcam_133687.jpg,1
pcam_133688,./ml_datasets/images/pcam_133688.jpg,1
pcam_133689,./ml_datasets/images/pcam_133689.jpg,1
pcam_133690,./ml_datasets/images/pcam_133690.jpg,1
pcam_133691,./ml_datasets/images/pcam_133691.jpg,1
pcam_133692,./ml_datasets/images/pcam_133692.jpg,1
pcam_133693,./ml_datasets/images/pcam_133693.jpg,1
pcam_133694,./ml_datasets/images/pcam_133694.jpg,1
pcam_133695,./ml_datasets/images/pcam_133695.jpg,1
pcam_133696,./ml_datasets/images/pcam_133696.jpg,1
pcam_133697,./ml_datasets/images/pcam_133697.jpg,1
pcam_133698,./ml_datasets/images/pcam_133698.jpg,1
pcam_133699,./ml_datasets/images/pcam_133699.jpg,1
pcam_133700,./ml_datasets/images/pcam_133700.jpg,1
pcam_133701,./ml_datasets/images/pcam_133701.jpg,1
pcam_133702,./ml_datasets/images/pcam_133702.jpg,1
pcam_133703,./ml_datasets/images/pcam_133703.jpg,1
pcam_133704,./ml_datasets/images/pcam_133704.jpg,1
pcam_133705,./ml_datasets/images/pcam_133705.jpg,1
pcam_133706,./ml_datasets/images/pcam_133706.jpg,1
pcam_133707,./ml_datasets/images/pcam_133707.jpg,1
pcam_133708,./ml_datasets/images/pcam_133708.jpg,1
pcam_133709,./ml_datasets/images/pcam_133709.jpg,1
pcam_133710,./ml_datasets/images/pcam_133710.jpg,1
pcam_133711,./ml_datasets/images/pcam_133711.jpg,1
pcam_133712,./ml_datasets/images/pcam_133712.jpg,1
pcam_133713,./ml_datasets/images/pcam_133713.jpg,1
pcam_133714,./ml_datasets/images/pcam_133714.jpg,1
pcam_133715,./ml_datasets/images/pcam_133715.jpg,1
pcam_133716,./ml_datasets/images/pcam_133716.jpg,1
pcam_133717,./ml_datasets/images/pcam_133717.jpg,1
pcam_133718,./ml_datasets/images/pcam_133718.jpg,1
pcam_133719,./ml_datasets/images/pcam_133719.jpg,1
pcam_133720,./ml_datasets/images/pcam_133720.jpg,1
pcam_133721,./ml_datasets/images/pcam_133721.jpg,1
pcam_133722,./ml_datasets/images/pcam_133722.jpg,1
pcam_133723,./ml_datasets/images/pcam_133723.jpg,1
pcam_133724,./ml_datasets/images/pcam_133724.jpg,1
pcam_133725,./ml_datasets/images/pcam_133725.jpg,1
pcam_133726,./ml_datasets/images/pcam_133726.jpg,1
pcam_133727,./ml_datasets/images/pcam_133727.jpg,1
pcam_133728,./ml_datasets/images/pcam_133728.jpg,1
pcam_133729,./ml_datasets/images/pcam_133729.jpg,1
pcam_133730,./ml_datasets/images/pcam_133730.jpg,1
pcam_133731,./ml_datasets/images/pcam_133731.jpg,1
pcam_133732,./ml_datasets/images/pcam_133732.jpg,1
pcam_133733,./ml_datasets/images/pcam_133733.jpg,1
pcam_133734,./ml_datasets/images/pcam_133734.jpg,1
pcam_133735,./ml_datasets/images/pcam_133735.jpg,1
pcam_133736,./ml_datasets/images/pcam_133736.jpg,1
pcam_133737,./ml_datasets/images/pcam_133737.jpg,1
pcam_133738,./ml_datasets/images/pcam_133738.jpg,1
pcam_133739,./ml_datasets/images/pcam_133739.jpg,1
pcam_133740,./ml_datasets/images/pcam_133740.jpg,1
pcam_133741,./ml_datasets/images/pcam_133741.jpg,1
pcam_133742,./ml_datasets/images/pcam_133742.jpg,1
pcam_133743,./ml_datasets/images/pcam_133743.jpg,1
pcam_133744,./ml_datasets/images/pcam_133744.jpg,1
pcam_133745,./ml_datasets/images/pcam_133745.jpg,1
pcam_133746,./ml_datasets/images/pcam_133746.jpg,1
pcam_133747,./ml_datasets/images/pcam_133747.jpg,1
pcam_133748,./ml_datasets/images/pcam_133748.jpg,1
pcam_133749,./ml_datasets/images/pcam_133749.jpg,1
pcam_133750,./ml_datasets/images/pcam_133750.jpg,1
pcam_133751,./ml_datasets/images/pcam_133751.jpg,1
pcam_133752,./ml_datasets/images/pcam_133752.jpg,1
pcam_133753,./ml_datasets/images/pcam_133753.jpg,1
pcam_133754,./ml_datasets/images/pcam_133754.jpg,1
pcam_133755,./ml_datasets/images/pcam_133755.jpg,1
pcam_133756,./ml_datasets/images/pcam_133756.jpg,1
pcam_133757,./ml_datasets/images/pcam_133757.jpg,1
pcam_133758,./ml_datasets/images/pcam_133758.jpg,1
pcam_133759,./ml_datasets/images/pcam_133759.jpg,1
pcam_133760,./ml_datasets/images/pcam_133760.jpg,1
pcam_133761,./ml_datasets/images/pcam_133761.jpg,1
pcam_133762,./ml_datasets/images/pcam_133762.jpg,1
pcam_133763,./ml_datasets/images/pcam_133763.jpg,1
pcam_133764,./ml_datasets/images/pcam_133764.jpg,1
pcam_133765,./ml_datasets/images/pcam_133765.jpg,1
pcam_133766,./ml_datasets/images/pcam_133766.jpg,1
pcam_133767,./ml_datasets/images/pcam_133767.jpg,1
pcam_133768,./ml_datasets/images/pcam_133768.jpg,1
pcam_133769,./ml_datasets/images/pcam_133769.jpg,1
pcam_133770,./ml_datasets/images/pcam_133770.jpg,1
pcam_133771,./ml_datasets/images/pcam_133771.jpg,1
pcam_133772,./ml_datasets/images/pcam_133772.jpg,1
pcam_133773,./ml_datasets/images/pcam_133773.jpg,1
pcam_133774,./ml_datasets/images/pcam_133774.jpg,1
pcam_133775,./ml_datasets/images/pcam_133775.jpg,1
pcam_133776,./ml_datasets/images/pcam_133776.jpg,1
pcam_133777,./ml_datasets/images/pcam_133777.jpg,1
pcam_133778,./ml_datasets/images/pcam_133778.jpg,1
pcam_133779,./ml_datasets/images/pcam_133779.jpg,1
pcam_133780,./ml_datasets/images/pcam_133780.jpg,1
pcam_133781,./ml_datasets/images/pcam_133781.jpg,1
pcam_133782,./ml_datasets/images/pcam_133782.jpg,1
pcam_133783,./ml_datasets/images/pcam_133783.jpg,1
pcam_133784,./ml_datasets/images/pcam_133784.jpg,1
pcam_133785,./ml_datasets/images/pcam_133785.jpg,1
pcam_133786,./ml_datasets/images/pcam_133786.jpg,1
pcam_133787,./ml_datasets/images/pcam_133787.jpg,1
pcam_133788,./ml_datasets/images/pcam_133788.jpg,1
pcam_133789,./ml_datasets/images/pcam_133789.jpg,1
pcam_133790,./ml_datasets/images/pcam_133790.jpg,1
pcam_133791,./ml_datasets/images/pcam_133791.jpg,1
pcam_133792,./ml_datasets/images/pcam_133792.jpg,1
pcam_133793,./ml_datasets/images/pcam_133793.jpg,1
pcam_133794,./ml_datasets/images/pcam_133794.jpg,1
pcam_133795,./ml_datasets/images/pcam_133795.jpg,1
pcam_133796,./ml_datasets/images/pcam_133796.jpg,1
pcam_133797,./ml_datasets/images/pcam_133797.jpg,1
pcam_133798,./ml_datasets/images/pcam_133798.jpg,1
pcam_133799,./ml_datasets/images/pcam_133799.jpg,1
pcam_133800,./ml_datasets/images/pcam_133800.jpg,1
pcam_133801,./ml_datasets/images/pcam_133801.jpg,1
pcam_133802,./ml_datasets/images/pcam_133802.jpg,1
pcam_133803,./ml_datasets/images/pcam_133803.jpg,1
pcam_133804,./ml_datasets/images/pcam_133804.jpg,1
pcam_133805,./ml_datasets/images/pcam_133805.jpg,1
pcam_133806,./ml_datasets/images/pcam_133806.jpg,1
pcam_133807,./ml_datasets/images/pcam_133807.jpg,1
pcam_133808,./ml_datasets/images/pcam_133808.jpg,1
pcam_133809,./ml_datasets/images/pcam_133809.jpg,1
pcam_133810,./ml_datasets/images/pcam_133810.jpg,1
pcam_133811,./ml_datasets/images/pcam_133811.jpg,1
pcam_133812,./ml_datasets/images/pcam_133812.jpg,1
pcam_133813,./ml_datasets/images/pcam_133813.jpg,1
pcam_133814,./ml_datasets/images/pcam_133814.jpg,1
pcam_133815,./ml_datasets/images/pcam_133815.jpg,1
pcam_133816,./ml_datasets/images/pcam_133816.jpg,1
pcam_133817,./ml_datasets/images/pcam_133817.jpg,1
pcam_133818,./ml_datasets/images/pcam_133818.jpg,1
pcam_133819,./ml_datasets/images/pcam_133819.jpg,1
pcam_133820,./ml_datasets/images/pcam_133820.jpg,1
pcam_133821,./ml_datasets/images/pcam_133821.jpg,1
pcam_133822,./ml_datasets/images/pcam_133822.jpg,1
pcam_133823,./ml_datasets/images/pcam_133823.jpg,1
pcam_133824,./ml_datasets/images/pcam_133824.jpg,1
pcam_133825,./ml_datasets/images/pcam_133825.jpg,1
pcam_133826,./ml_datasets/images/pcam_133826.jpg,1
pcam_133827,./ml_datasets/images/pcam_133827.jpg,1
pcam_133828,./ml_datasets/images/pcam_133828.jpg,1
pcam_133829,./ml_datasets/images/pcam_133829.jpg,1
pcam_133830,./ml_datasets/images/pcam_133830.jpg,1
pcam_133831,./ml_datasets/images/pcam_133831.jpg,1
pcam_133832,./ml_datasets/images/pcam_133832.jpg,1
pcam_133833,./ml_datasets/images/pcam_133833.jpg,1
pcam_133834,./ml_datasets/images/pcam_133834.jpg,1
pcam_133835,./ml_datasets/images/pcam_133835.jpg,1
pcam_133836,./ml_datasets/images/pcam_133836.jpg,1
pcam_133837,./ml_datasets/images/pcam_133837.jpg,1
pcam_133838,./ml_datasets/images/pcam_133838.jpg,1
pcam_133839,./ml_datasets/images/pcam_133839.jpg,1
pcam_133840,./ml_datasets/images/pcam_133840.jpg,1
pcam_133841,./ml_datasets/images/pcam_133841.jpg,1
pcam_133842,./ml_datasets/images/pcam_133842.jpg,1
pcam_133843,./ml_datasets/images/pcam_133843.jpg,1
pcam_133844,./ml_datasets/images/pcam_133844.jpg,1
pcam_133845,./ml_datasets/images/pcam_133845.jpg,1
pcam_133846,./ml_datasets/images/pcam_133846.jpg,1
pcam_133847,./ml_datasets/images/pcam_133847.jpg,1
pcam_133848,./ml_datasets/images/pcam_133848.jpg,1
pcam_133849,./ml_datasets/images/pcam_133849.jpg,1
pcam_133850,./ml_datasets/images/pcam_133850.jpg,1
pcam_133851,./ml_datasets/images/pcam_133851.jpg,1
pcam_133852,./ml_datasets/images/pcam_133852.jpg,1
pcam_133853,./ml_datasets/images/pcam_133853.jpg,1
pcam_133854,./ml_datasets/images/pcam_133854.jpg,1
pcam_133855,./ml_datasets/images/pcam_133855.jpg,1
pcam_133856,./ml_datasets/images/pcam_133856.jpg,1
pcam_133857,./ml_datasets/images/pcam_133857.jpg,1
pcam_133858,./ml_datasets/images/pcam_133858.jpg,1
pcam_133859,./ml_datasets/images/pcam_133859.jpg,1
pcam_133860,./ml_datasets/images/pcam_133860.jpg,1
pcam_133861,./ml_datasets/images/pcam_133861.jpg,1
pcam_133862,./ml_datasets/images/pcam_133862.jpg,1
pcam_133863,./ml_datasets/images/pcam_133863.jpg,1
pcam_133864,./ml_datasets/images/pcam_133864.jpg,1
pcam_133865,./ml_datasets/images/pcam_133865.jpg,1
pcam_133866,./ml_datasets/images/pcam_133866.jpg,1
pcam_133867,./ml_datasets/images/pcam_133867.jpg,1
pcam_133868,./ml_datasets/images/pcam_133868.jpg,1
pcam_133869,./ml_datasets/images/pcam_133869.jpg,1
pcam_133870,./ml_datasets/images/pcam_133870.jpg,1
pcam_133871,./ml_datasets/images/pcam_133871.jpg,1
pcam_133872,./ml_datasets/images/pcam_133872.jpg,1
pcam_133873,./ml_datasets/images/pcam_133873.jpg,1
pcam_133874,./ml_datasets/images/pcam_133874.jpg,1
pcam_133875,./ml_datasets/images/pcam_133875.jpg,1
pcam_133876,./ml_datasets/images/pcam_133876.jpg,1
pcam_133877,./ml_datasets/images/pcam_133877.jpg,1
pcam_133878,./ml_datasets/images/pcam_133878.jpg,1
pcam_133879,./ml_datasets/images/pcam_133879.jpg,1
pcam_133880,./ml_datasets/images/pcam_133880.jpg,1
pcam_133881,./ml_datasets/images/pcam_133881.jpg,1
pcam_133882,./ml_datasets/images/pcam_133882.jpg,1
pcam_133883,./ml_datasets/images/pcam_133883.jpg,1
pcam_133884,./ml_datasets/images/pcam_133884.jpg,1
pcam_133885,./ml_datasets/images/pcam_133885.jpg,1
pcam_133886,./ml_datasets/images/pcam_133886.jpg,1
pcam_133887,./ml_datasets/images/pcam_133887.jpg,1
pcam_133888,./ml_datasets/images/pcam_133888.jpg,1
pcam_133889,./ml_datasets/images/pcam_133889.jpg,1
pcam_133890,./ml_datasets/images/pcam_133890.jpg,1
pcam_133891,./ml_datasets/images/pcam_133891.jpg,1
pcam_133892,./ml_datasets/images/pcam_133892.jpg,1
pcam_133893,./ml_datasets/images/pcam_133893.jpg,1
pcam_133894,./ml_datasets/images/pcam_133894.jpg,1
pcam_133895,./ml_datasets/images/pcam_133895.jpg,1
pcam_133896,./ml_datasets/images/pcam_133896.jpg,1
pcam_133897,./ml_datasets/images/pcam_133897.jpg,1
pcam_133898,./ml_datasets/images/pcam_133898.jpg,1
pcam_133899,./ml_datasets/images/pcam_133899.jpg,1
pcam_133900,./ml_datasets/images/pcam_133900.jpg,1
pcam_133901,./ml_datasets/images/pcam_133901.jpg,1
pcam_133902,./ml_datasets/images/pcam_133902.jpg,1
pcam_133903,./ml_datasets/images/pcam_133903.jpg,1
pcam_133904,./ml_datasets/images/pcam_133904.jpg,1
pcam_133905,./ml_datasets/images/pcam_133905.jpg,1
pcam_133906,./ml_datasets/images/pcam_133906.jpg,1
pcam_133907,./ml_datasets/images/pcam_133907.jpg,1
pcam_133908,./ml_datasets/images/pcam_133908.jpg,1
pcam_133909,./ml_datasets/images/pcam_133909.jpg,1
pcam_133910,./ml_datasets/images/pcam_133910.jpg,1
pcam_133911,./ml_datasets/images/pcam_133911.jpg,1
pcam_133912,./ml_datasets/images/pcam_133912.jpg,1
pcam_133913,./ml_datasets/images/pcam_133913.jpg,1
pcam_133914,./ml_datasets/images/pcam_133914.jpg,1
pcam_133915,./ml_datasets/images/pcam_133915.jpg,1
pcam_133916,./ml_datasets/images/pcam_133916.jpg,1
pcam_133917,./ml_datasets/images/pcam_133917.jpg,1
pcam_133918,./ml_datasets/images/pcam_133918.jpg,1
pcam_133919,./ml_datasets/images/pcam_133919.jpg,1
pcam_133920,./ml_datasets/images/pcam_133920.jpg,1
pcam_133921,./ml_datasets/images/pcam_133921.jpg,1
pcam_133922,./ml_datasets/images/pcam_133922.jpg,1
pcam_133923,./ml_datasets/images/pcam_133923.jpg,1
pcam_133924,./ml_datasets/images/pcam_133924.jpg,1
pcam_133925,./ml_datasets/images/pcam_133925.jpg,1
pcam_133926,./ml_datasets/images/pcam_133926.jpg,1
pcam_133927,./ml_datasets/images/pcam_133927.jpg,1
pcam_133928,./ml_datasets/images/pcam_133928.jpg,1
pcam_133929,./ml_datasets/images/pcam_133929.jpg,1
pcam_133930,./ml_datasets/images/pcam_133930.jpg,1
pcam_133931,./ml_datasets/images/pcam_133931.jpg,1
pcam_133932,./ml_datasets/images/pcam_133932.jpg,1
pcam_133933,./ml_datasets/images/pcam_133933.jpg,1
pcam_133934,./ml_datasets/images/pcam_133934.jpg,1
pcam_133935,./ml_datasets/images/pcam_133935.jpg,1
pcam_133936,./ml_datasets/images/pcam_133936.jpg,1
pcam_133937,./ml_datasets/images/pcam_133937.jpg,1
pcam_133938,./ml_datasets/images/pcam_133938.jpg,1
pcam_133939,./ml_datasets/images/pcam_133939.jpg,1
pcam_133940,./ml_datasets/images/pcam_133940.jpg,1
pcam_133941,./ml_datasets/images/pcam_133941.jpg,1
pcam_133942,./ml_datasets/images/pcam_133942.jpg,1
pcam_133943,./ml_datasets/images/pcam_133943.jpg,1
pcam_133944,./ml_datasets/images/pcam_133944.jpg,1
pcam_133945,./ml_datasets/images/pcam_133945.jpg,1
pcam_133946,./ml_datasets/images/pcam_133946.jpg,1
pcam_133947,./ml_datasets/images/pcam_133947.jpg,1
pcam_133948,./ml_datasets/images/pcam_133948.jpg,1
pcam_133949,./ml_datasets/images/pcam_133949.jpg,1
pcam_133950,./ml_datasets/images/pcam_133950.jpg,1
pcam_133951,./ml_datasets/images/pcam_133951.jpg,1
pcam_133952,./ml_datasets/images/pcam_133952.jpg,1
pcam_133953,./ml_datasets/images/pcam_133953.jpg,1
pcam_133954,./ml_datasets/images/pcam_133954.jpg,1
pcam_133955,./ml_datasets/images/pcam_133955.jpg,1
pcam_133956,./ml_datasets/images/pcam_133956.jpg,1
pcam_133957,./ml_datasets/images/pcam_133957.jpg,1
pcam_133958,./ml_datasets/images/pcam_133958.jpg,1
pcam_133959,./ml_datasets/images/pcam_133959.jpg,1
pcam_133960,./ml_datasets/images/pcam_133960.jpg,1
pcam_133961,./ml_datasets/images/pcam_133961.jpg,1
pcam_133962,./ml_datasets/images/pcam_133962.jpg,1
pcam_133963,./ml_datasets/images/pcam_133963.jpg,1
pcam_133964,./ml_datasets/images/pcam_133964.jpg,1
pcam_133965,./ml_datasets/images/pcam_133965.jpg,1
pcam_133966,./ml_datasets/images/pcam_133966.jpg,1
pcam_133967,./ml_datasets/images/pcam_133967.jpg,1
pcam_133968,./ml_datasets/images/pcam_133968.jpg,1
pcam_133969,./ml_datasets/images/pcam_133969.jpg,1
pcam_133970,./ml_datasets/images/pcam_133970.jpg,1
pcam_133971,./ml_datasets/images/pcam_133971.jpg,1
pcam_133972,./ml_datasets/images/pcam_133972.jpg,1
pcam_133973,./ml_datasets/images/pcam_133973.jpg,1
pcam_133974,./ml_datasets/images/pcam_133974.jpg,1
pcam_133975,./ml_datasets/images/pcam_133975.jpg,1
pcam_133976,./ml_datasets/images/pcam_133976.jpg,1
pcam_133977,./ml_datasets/images/pcam_133977.jpg,1
pcam_133978,./ml_datasets/images/pcam_133978.jpg,1
pcam_133979,./ml_datasets/images/pcam_133979.jpg,1
pcam_133980,./ml_datasets/images/pcam_133980.jpg,1
pcam_133981,./ml_datasets/images/pcam_133981.jpg,1
pcam_133982,./ml_datasets/images/pcam_133982.jpg,1
pcam_133983,./ml_datasets/images/pcam_133983.jpg,1
pcam_133984,./ml_datasets/images/pcam_133984.jpg,1
pcam_133985,./ml_datasets/images/pcam_133985.jpg,1
pcam_133986,./ml_datasets/images/pcam_133986.jpg,1
pcam_133987,./ml_datasets/images/pcam_133987.jpg,1
pcam_133988,./ml_datasets/images/pcam_133988.jpg,1
pcam_133989,./ml_datasets/images/pcam_133989.jpg,1
pcam_133990,./ml_datasets/images/pcam_133990.jpg,1
pcam_133991,./ml_datasets/images/pcam_133991.jpg,1
pcam_133992,./ml_datasets/images/pcam_133992.jpg,1
pcam_133993,./ml_datasets/images/pcam_133993.jpg,1
pcam_133994,./ml_datasets/images/pcam_133994.jpg,1
pcam_133995,./ml_datasets/images/pcam_133995.jpg,1
pcam_133996,./ml_datasets/images/pcam_133996.jpg,1
pcam_133997,./ml_datasets/images/pcam_133997.jpg,1
pcam_133998,./ml_datasets/images/pcam_133998.jpg,1
pcam_133999,./ml_datasets/images/pcam_133999.jpg,1
pcam_134000,./ml_datasets/images/pcam_134000.jpg,1
pcam_134001,./ml_datasets/images/pcam_134001.jpg,1
pcam_134002,./ml_datasets/images/pcam_134002.jpg,1
pcam_134003,./ml_datasets/images/pcam_134003.jpg,1
pcam_134004,./ml_datasets/images/pcam_134004.jpg,1
pcam_134005,./ml_datasets/images/pcam_134005.jpg,1
pcam_134006,./ml_datasets/images/pcam_134006.jpg,1
pcam_134007,./ml_datasets/images/pcam_134007.jpg,1
pcam_134008,./ml_datasets/images/pcam_134008.jpg,1
pcam_134009,./ml_datasets/images/pcam_134009.jpg,1
pcam_134010,./ml_datasets/images/pcam_134010.jpg,1
pcam_134011,./ml_datasets/images/pcam_134011.jpg,1
pcam_134012,./ml_datasets/images/pcam_134012.jpg,1
pcam_134013,./ml_datasets/images/pcam_134013.jpg,1
pcam_134014,./ml_datasets/images/pcam_134014.jpg,1
pcam_134015,./ml_datasets/images/pcam_134015.jpg,1
pcam_134016,./ml_datasets/images/pcam_134016.jpg,1
pcam_134017,./ml_datasets/images/pcam_134017.jpg,1
pcam_134018,./ml_datasets/images/pcam_134018.jpg,1
pcam_134019,./ml_datasets/images/pcam_134019.jpg,1
pcam_134020,./ml_datasets/images/pcam_134020.jpg,1
pcam_134021,./ml_datasets/images/pcam_134021.jpg,1
pcam_134022,./ml_datasets/images/pcam_134022.jpg,1
pcam_134023,./ml_datasets/images/pcam_134023.jpg,1
pcam_134024,./ml_datasets/images/pcam_134024.jpg,1
pcam_134025,./ml_datasets/images/pcam_134025.jpg,1
pcam_134026,./ml_datasets/images/pcam_134026.jpg,1
pcam_134027,./ml_datasets/images/pcam_134027.jpg,1
pcam_134028,./ml_datasets/images/pcam_134028.jpg,1
pcam_134029,./ml_datasets/images/pcam_134029.jpg,1
pcam_134030,./ml_datasets/images/pcam_134030.jpg,1
pcam_134031,./ml_datasets/images/pcam_134031.jpg,1
pcam_134032,./ml_datasets/images/pcam_134032.jpg,1
pcam_134033,./ml_datasets/images/pcam_134033.jpg,1
pcam_134034,./ml_datasets/images/pcam_134034.jpg,1
pcam_134035,./ml_datasets/images/pcam_134035.jpg,1
pcam_134036,./ml_datasets/images/pcam_134036.jpg,1
pcam_134037,./ml_datasets/images/pcam_134037.jpg,1
pcam_134038,./ml_datasets/images/pcam_134038.jpg,1
pcam_134039,./ml_datasets/images/pcam_134039.jpg,1
pcam_134040,./ml_datasets/images/pcam_134040.jpg,1
pcam_134041,./ml_datasets/images/pcam_134041.jpg,1
pcam_134042,./ml_datasets/images/pcam_134042.jpg,1
pcam_134043,./ml_datasets/images/pcam_134043.jpg,1
pcam_134044,./ml_datasets/images/pcam_134044.jpg,1
pcam_134045,./ml_datasets/images/pcam_134045.jpg,1
pcam_134046,./ml_datasets/images/pcam_134046.jpg,1
pcam_134047,./ml_datasets/images/pcam_134047.jpg,1
pcam_134048,./ml_datasets/images/pcam_134048.jpg,1
pcam_134049,./ml_datasets/images/pcam_134049.jpg,1
pcam_134050,./ml_datasets/images/pcam_134050.jpg,1
pcam_134051,./ml_datasets/images/pcam_134051.jpg,1
pcam_134052,./ml_datasets/images/pcam_134052.jpg,1
pcam_134053,./ml_datasets/images/pcam_134053.jpg,1
pcam_134054,./ml_datasets/images/pcam_134054.jpg,1
pcam_134055,./ml_datasets/images/pcam_134055.jpg,1
pcam_134056,./ml_datasets/images/pcam_134056.jpg,1
pcam_134057,./ml_datasets/images/pcam_134057.jpg,1
pcam_134058,./ml_datasets/images/pcam_134058.jpg,1
pcam_134059,./ml_datasets/images/pcam_134059.jpg,1
pcam_134060,./ml_datasets/images/pcam_134060.jpg,1
pcam_134061,./ml_datasets/images/pcam_134061.jpg,1
pcam_134062,./ml_datasets/images/pcam_134062.jpg,1
pcam_134063,./ml_datasets/images/pcam_134063.jpg,1
pcam_134064,./ml_datasets/images/pcam_134064.jpg,1
pcam_134065,./ml_datasets/images/pcam_134065.jpg,1
pcam_134066,./ml_datasets/images/pcam_134066.jpg,1
pcam_134067,./ml_datasets/images/pcam_134067.jpg,1
pcam_134068,./ml_datasets/images/pcam_134068.jpg,1
pcam_134069,./ml_datasets/images/pcam_134069.jpg,1
pcam_134070,./ml_datasets/images/pcam_134070.jpg,1
pcam_134071,./ml_datasets/images/pcam_134071.jpg,1
pcam_134072,./ml_datasets/images/pcam_134072.jpg,1
pcam_134073,./ml_datasets/images/pcam_134073.jpg,1
pcam_134074,./ml_datasets/images/pcam_134074.jpg,1
pcam_134075,./ml_datasets/images/pcam_134075.jpg,1
pcam_134076,./ml_datasets/images/pcam_134076.jpg,1
pcam_134077,./ml_datasets/images/pcam_134077.jpg,1
pcam_134078,./ml_datasets/images/pcam_134078.jpg,1
pcam_134079,./ml_datasets/images/pcam_134079.jpg,1
pcam_134080,./ml_datasets/images/pcam_134080.jpg,1
pcam_134081,./ml_datasets/images/pcam_134081.jpg,1
pcam_134082,./ml_datasets/images/pcam_134082.jpg,1
pcam_134083,./ml_datasets/images/pcam_134083.jpg,1
pcam_134084,./ml_datasets/images/pcam_134084.jpg,1
pcam_134085,./ml_datasets/images/pcam_134085.jpg,1
pcam_134086,./ml_datasets/images/pcam_134086.jpg,1
pcam_134087,./ml_datasets/images/pcam_134087.jpg,1
pcam_134088,./ml_datasets/images/pcam_134088.jpg,1
pcam_134089,./ml_datasets/images/pcam_134089.jpg,1
pcam_134090,./ml_datasets/images/pcam_134090.jpg,1
pcam_134091,./ml_datasets/images/pcam_134091.jpg,1
pcam_134092,./ml_datasets/images/pcam_134092.jpg,1
pcam_134093,./ml_datasets/images/pcam_134093.jpg,1
pcam_134094,./ml_datasets/images/pcam_134094.jpg,1
pcam_134095,./ml_datasets/images/pcam_134095.jpg,1
pcam_134096,./ml_datasets/images/pcam_134096.jpg,1
pcam_134097,./ml_datasets/images/pcam_134097.jpg,1
pcam_134098,./ml_datasets/images/pcam_134098.jpg,1
pcam_134099,./ml_datasets/images/pcam_134099.jpg,1
pcam_134100,./ml_datasets/images/pcam_134100.jpg,1
pcam_134101,./ml_datasets/images/pcam_134101.jpg,1
pcam_134102,./ml_datasets/images/pcam_134102.jpg,1
pcam_134103,./ml_datasets/images/pcam_134103.jpg,1
pcam_134104,./ml_datasets/images/pcam_134104.jpg,1
pcam_134105,./ml_datasets/images/pcam_134105.jpg,1
pcam_134106,./ml_datasets/images/pcam_134106.jpg,1
pcam_134107,./ml_datasets/images/pcam_134107.jpg,1
pcam_134108,./ml_datasets/images/pcam_134108.jpg,1
pcam_134109,./ml_datasets/images/pcam_134109.jpg,1
pcam_134110,./ml_datasets/images/pcam_134110.jpg,1
pcam_134111,./ml_datasets/images/pcam_134111.jpg,1
pcam_134112,./ml_datasets/images/pcam_134112.jpg,1
pcam_134113,./ml_datasets/images/pcam_134113.jpg,1
pcam_134114,./ml_datasets/images/pcam_134114.jpg,1
pcam_134115,./ml_datasets/images/pcam_134115.jpg,1
pcam_134116,./ml_datasets/images/pcam_134116.jpg,1
pcam_134117,./ml_datasets/images/pcam_134117.jpg,1
pcam_134118,./ml_datasets/images/pcam_134118.jpg,1
pcam_134119,./ml_datasets/images/pcam_134119.jpg,1
pcam_134120,./ml_datasets/images/pcam_134120.jpg,1
pcam_134121,./ml_datasets/images/pcam_134121.jpg,1
pcam_134122,./ml_datasets/images/pcam_134122.jpg,1
pcam_134123,./ml_datasets/images/pcam_134123.jpg,1
pcam_134124,./ml_datasets/images/pcam_134124.jpg,1
pcam_134125,./ml_datasets/images/pcam_134125.jpg,1
pcam_134126,./ml_datasets/images/pcam_134126.jpg,1
pcam_134127,./ml_datasets/images/pcam_134127.jpg,1
pcam_134128,./ml_datasets/images/pcam_134128.jpg,1
pcam_134129,./ml_datasets/images/pcam_134129.jpg,1
pcam_134130,./ml_datasets/images/pcam_134130.jpg,1
pcam_134131,./ml_datasets/images/pcam_134131.jpg,1
pcam_134132,./ml_datasets/images/pcam_134132.jpg,1
pcam_134133,./ml_datasets/images/pcam_134133.jpg,1
pcam_134134,./ml_datasets/images/pcam_134134.jpg,1
pcam_134135,./ml_datasets/images/pcam_134135.jpg,1
pcam_134136,./ml_datasets/images/pcam_134136.jpg,1
pcam_134137,./ml_datasets/images/pcam_134137.jpg,1
pcam_134138,./ml_datasets/images/pcam_134138.jpg,1
pcam_134139,./ml_datasets/images/pcam_134139.jpg,1
pcam_134140,./ml_datasets/images/pcam_134140.jpg,1
pcam_134141,./ml_datasets/images/pcam_134141.jpg,1
pcam_134142,./ml_datasets/images/pcam_134142.jpg,1
pcam_134143,./ml_datasets/images/pcam_134143.jpg,1
pcam_134144,./ml_datasets/images/pcam_134144.jpg,1
pcam_134145,./ml_datasets/images/pcam_134145.jpg,1
pcam_134146,./ml_datasets/images/pcam_134146.jpg,1
pcam_134147,./ml_datasets/images/pcam_134147.jpg,1
pcam_134148,./ml_datasets/images/pcam_134148.jpg,1
pcam_134149,./ml_datasets/images/pcam_134149.jpg,1
pcam_134150,./ml_datasets/images/pcam_134150.jpg,1
pcam_134151,./ml_datasets/images/pcam_134151.jpg,1
pcam_134152,./ml_datasets/images/pcam_134152.jpg,1
pcam_134153,./ml_datasets/images/pcam_134153.jpg,1
pcam_134154,./ml_datasets/images/pcam_134154.jpg,1
pcam_134155,./ml_datasets/images/pcam_134155.jpg,1
pcam_134156,./ml_datasets/images/pcam_134156.jpg,1
pcam_134157,./ml_datasets/images/pcam_134157.jpg,1
pcam_134158,./ml_datasets/images/pcam_134158.jpg,1
pcam_134159,./ml_datasets/images/pcam_134159.jpg,1
pcam_134160,./ml_datasets/images/pcam_134160.jpg,1
pcam_134161,./ml_datasets/images/pcam_134161.jpg,1
pcam_134162,./ml_datasets/images/pcam_134162.jpg,1
pcam_134163,./ml_datasets/images/pcam_134163.jpg,1
pcam_134164,./ml_datasets/images/pcam_134164.jpg,1
pcam_134165,./ml_datasets/images/pcam_134165.jpg,1
pcam_134166,./ml_datasets/images/pcam_134166.jpg,1
pcam_134167,./ml_datasets/images/pcam_134167.jpg,1
pcam_134168,./ml_datasets/images/pcam_134168.jpg,1
pcam_134169,./ml_datasets/images/pcam_134169.jpg,1
pcam_134170,./ml_datasets/images/pcam_134170.jpg,1
pcam_134171,./ml_datasets/images/pcam_134171.jpg,1
pcam_134172,./ml_datasets/images/pcam_134172.jpg,1
pcam_134173,./ml_datasets/images/pcam_134173.jpg,1
pcam_134174,./ml_datasets/images/pcam_134174.jpg,1
pcam_134175,./ml_datasets/images/pcam_134175.jpg,1
pcam_134176,./ml_datasets/images/pcam_134176.jpg,1
pcam_134177,./ml_datasets/images/pcam_134177.jpg,1
pcam_134178,./ml_datasets/images/pcam_134178.jpg,1
pcam_134179,./ml_datasets/images/pcam_134179.jpg,1
pcam_134180,./ml_datasets/images/pcam_134180.jpg,1
pcam_134181,./ml_datasets/images/pcam_134181.jpg,1
pcam_134182,./ml_datasets/images/pcam_134182.jpg,1
pcam_134183,./ml_datasets/images/pcam_134183.jpg,1
pcam_134184,./ml_datasets/images/pcam_134184.jpg,1
pcam_134185,./ml_datasets/images/pcam_134185.jpg,1
pcam_134186,./ml_datasets/images/pcam_134186.jpg,1
pcam_134187,./ml_datasets/images/pcam_134187.jpg,1
pcam_134188,./ml_datasets/images/pcam_134188.jpg,1
pcam_134189,./ml_datasets/images/pcam_134189.jpg,1
pcam_134190,./ml_datasets/images/pcam_134190.jpg,1
pcam_134191,./ml_datasets/images/pcam_134191.jpg,1
pcam_134192,./ml_datasets/images/pcam_134192.jpg,1
pcam_134193,./ml_datasets/images/pcam_134193.jpg,1
pcam_134194,./ml_datasets/images/pcam_134194.jpg,1
pcam_134195,./ml_datasets/images/pcam_134195.jpg,1
pcam_134196,./ml_datasets/images/pcam_134196.jpg,1
pcam_134197,./ml_datasets/images/pcam_134197.jpg,1
pcam_134198,./ml_datasets/images/pcam_134198.jpg,1
pcam_134199,./ml_datasets/images/pcam_134199.jpg,1
pcam_134200,./ml_datasets/images/pcam_134200.jpg,1
pcam_134201,./ml_datasets/images/pcam_134201.jpg,1
pcam_134202,./ml_datasets/images/pcam_134202.jpg,1
pcam_134203,./ml_datasets/images/pcam_134203.jpg,1
pcam_134204,./ml_datasets/images/pcam_134204.jpg,1
pcam_134205,./ml_datasets/images/pcam_134205.jpg,1
pcam_134206,./ml_datasets/images/pcam_134206.jpg,1
pcam_134207,./ml_datasets/images/pcam_134207.jpg,1
pcam_134208,./ml_datasets/images/pcam_134208.jpg,1
pcam_134209,./ml_datasets/images/pcam_134209.jpg,1
pcam_134210,./ml_datasets/images/pcam_134210.jpg,1
pcam_134211,./ml_datasets/images/pcam_134211.jpg,1
pcam_134212,./ml_datasets/images/pcam_134212.jpg,1
pcam_134213,./ml_datasets/images/pcam_134213.jpg,1
pcam_134214,./ml_datasets/images/pcam_134214.jpg,1
pcam_134215,./ml_datasets/images/pcam_134215.jpg,1
pcam_134216,./ml_datasets/images/pcam_134216.jpg,1
pcam_134217,./ml_datasets/images/pcam_134217.jpg,1
pcam_134218,./ml_datasets/images/pcam_134218.jpg,1
pcam_134219,./ml_datasets/images/pcam_134219.jpg,1
pcam_134220,./ml_datasets/images/pcam_134220.jpg,1
pcam_134221,./ml_datasets/images/pcam_134221.jpg,1
pcam_134222,./ml_datasets/images/pcam_134222.jpg,1
pcam_134223,./ml_datasets/images/pcam_134223.jpg,1
pcam_134224,./ml_datasets/images/pcam_134224.jpg,1
pcam_134225,./ml_datasets/images/pcam_134225.jpg,1
pcam_134226,./ml_datasets/images/pcam_134226.jpg,1
pcam_134227,./ml_datasets/images/pcam_134227.jpg,1
pcam_134228,./ml_datasets/images/pcam_134228.jpg,1
pcam_134229,./ml_datasets/images/pcam_134229.jpg,1
pcam_134230,./ml_datasets/images/pcam_134230.jpg,1
pcam_134231,./ml_datasets/images/pcam_134231.jpg,1
pcam_134232,./ml_datasets/images/pcam_134232.jpg,1
pcam_134233,./ml_datasets/images/pcam_134233.jpg,1
pcam_134234,./ml_datasets/images/pcam_134234.jpg,1
pcam_134235,./ml_datasets/images/pcam_134235.jpg,1
pcam_134236,./ml_datasets/images/pcam_134236.jpg,1
pcam_134237,./ml_datasets/images/pcam_134237.jpg,1
pcam_134238,./ml_datasets/images/pcam_134238.jpg,1
pcam_134239,./ml_datasets/images/pcam_134239.jpg,1
pcam_134240,./ml_datasets/images/pcam_134240.jpg,1
pcam_134241,./ml_datasets/images/pcam_134241.jpg,1
pcam_134242,./ml_datasets/images/pcam_134242.jpg,1
pcam_134243,./ml_datasets/images/pcam_134243.jpg,1
pcam_134244,./ml_datasets/images/pcam_134244.jpg,1
pcam_134245,./ml_datasets/images/pcam_134245.jpg,1
pcam_134246,./ml_datasets/images/pcam_134246.jpg,1
pcam_134247,./ml_datasets/images/pcam_134247.jpg,1
pcam_134248,./ml_datasets/images/pcam_134248.jpg,1
pcam_134249,./ml_datasets/images/pcam_134249.jpg,1
pcam_134250,./ml_datasets/images/pcam_134250.jpg,1
pcam_134251,./ml_datasets/images/pcam_134251.jpg,1
pcam_134252,./ml_datasets/images/pcam_134252.jpg,1
pcam_134253,./ml_datasets/images/pcam_134253.jpg,1
pcam_134254,./ml_datasets/images/pcam_134254.jpg,1
pcam_134255,./ml_datasets/images/pcam_134255.jpg,1
pcam_134256,./ml_datasets/images/pcam_134256.jpg,1
pcam_134257,./ml_datasets/images/pcam_134257.jpg,1
pcam_134258,./ml_datasets/images/pcam_134258.jpg,1
pcam_134259,./ml_datasets/images/pcam_134259.jpg,1
pcam_134260,./ml_datasets/images/pcam_134260.jpg,1
pcam_134261,./ml_datasets/images/pcam_134261.jpg,1
pcam_134262,./ml_datasets/images/pcam_134262.jpg,1
pcam_134263,./ml_datasets/images/pcam_134263.jpg,1
pcam_134264,./ml_datasets/images/pcam_134264.jpg,1
pcam_134265,./ml_datasets/images/pcam_134265.jpg,1
pcam_134266,./ml_datasets/images/pcam_134266.jpg,1
pcam_134267,./ml_datasets/images/pcam_134267.jpg,1
pcam_134268,./ml_datasets/images/pcam_134268.jpg,1
pcam_134269,./ml_datasets/images/pcam_134269.jpg,1
pcam_134270,./ml_datasets/images/pcam_134270.jpg,1
pcam_134271,./ml_datasets/images/pcam_134271.jpg,1
pcam_134272,./ml_datasets/images/pcam_134272.jpg,1
pcam_134273,./ml_datasets/images/pcam_134273.jpg,1
pcam_134274,./ml_datasets/images/pcam_134274.jpg,1
pcam_134275,./ml_datasets/images/pcam_134275.jpg,1
pcam_134276,./ml_datasets/images/pcam_134276.jpg,1
pcam_134277,./ml_datasets/images/pcam_134277.jpg,1
pcam_134278,./ml_datasets/images/pcam_134278.jpg,1
pcam_134279,./ml_datasets/images/pcam_134279.jpg,1
pcam_134280,./ml_datasets/images/pcam_134280.jpg,1
pcam_134281,./ml_datasets/images/pcam_134281.jpg,1
pcam_134282,./ml_datasets/images/pcam_134282.jpg,1
pcam_134283,./ml_datasets/images/pcam_134283.jpg,1
pcam_134284,./ml_datasets/images/pcam_134284.jpg,1
pcam_134285,./ml_datasets/images/pcam_134285.jpg,1
pcam_134286,./ml_datasets/images/pcam_134286.jpg,1
pcam_134287,./ml_datasets/images/pcam_134287.jpg,1
pcam_134288,./ml_datasets/images/pcam_134288.jpg,1
pcam_134289,./ml_datasets/images/pcam_134289.jpg,1
pcam_134290,./ml_datasets/images/pcam_134290.jpg,1
pcam_134291,./ml_datasets/images/pcam_134291.jpg,1
pcam_134292,./ml_datasets/images/pcam_134292.jpg,1
pcam_134293,./ml_datasets/images/pcam_134293.jpg,1
pcam_134294,./ml_datasets/images/pcam_134294.jpg,1
pcam_134295,./ml_datasets/images/pcam_134295.jpg,1
pcam_134296,./ml_datasets/images/pcam_134296.jpg,1
pcam_134297,./ml_datasets/images/pcam_134297.jpg,1
pcam_134298,./ml_datasets/images/pcam_134298.jpg,1
pcam_134299,./ml_datasets/images/pcam_134299.jpg,1
pcam_134300,./ml_datasets/images/pcam_134300.jpg,1
pcam_134301,./ml_datasets/images/pcam_134301.jpg,1
pcam_134302,./ml_datasets/images/pcam_134302.jpg,1
pcam_134303,./ml_datasets/images/pcam_134303.jpg,1
pcam_134304,./ml_datasets/images/pcam_134304.jpg,1
pcam_134305,./ml_datasets/images/pcam_134305.jpg,1
pcam_134306,./ml_datasets/images/pcam_134306.jpg,1
pcam_134307,./ml_datasets/images/pcam_134307.jpg,1
pcam_134308,./ml_datasets/images/pcam_134308.jpg,1
pcam_134309,./ml_datasets/images/pcam_134309.jpg,1
pcam_134310,./ml_datasets/images/pcam_134310.jpg,1
pcam_134311,./ml_datasets/images/pcam_134311.jpg,1
pcam_134312,./ml_datasets/images/pcam_134312.jpg,1
pcam_134313,./ml_datasets/images/pcam_134313.jpg,1
pcam_134314,./ml_datasets/images/pcam_134314.jpg,1
pcam_134315,./ml_datasets/images/pcam_134315.jpg,1
pcam_134316,./ml_datasets/images/pcam_134316.jpg,1
pcam_134317,./ml_datasets/images/pcam_134317.jpg,1
pcam_134318,./ml_datasets/images/pcam_134318.jpg,1
pcam_134319,./ml_datasets/images/pcam_134319.jpg,1
pcam_134320,./ml_datasets/images/pcam_134320.jpg,1
pcam_134321,./ml_datasets/images/pcam_134321.jpg,1
pcam_134322,./ml_datasets/images/pcam_134322.jpg,1
pcam_134323,./ml_datasets/images/pcam_134323.jpg,1
pcam_134324,./ml_datasets/images/pcam_134324.jpg,1
pcam_134325,./ml_datasets/images/pcam_134325.jpg,1
pcam_134326,./ml_datasets/images/pcam_134326.jpg,1
pcam_134327,./ml_datasets/images/pcam_134327.jpg,1
pcam_134328,./ml_datasets/images/pcam_134328.jpg,1
pcam_134329,./ml_datasets/images/pcam_134329.jpg,1
pcam_134330,./ml_datasets/images/pcam_134330.jpg,1
pcam_134331,./ml_datasets/images/pcam_134331.jpg,1
pcam_134332,./ml_datasets/images/pcam_134332.jpg,1
pcam_134333,./ml_datasets/images/pcam_134333.jpg,1
pcam_134334,./ml_datasets/images/pcam_134334.jpg,1
pcam_134335,./ml_datasets/images/pcam_134335.jpg,1
pcam_134336,./ml_datasets/images/pcam_134336.jpg,1
pcam_134337,./ml_datasets/images/pcam_134337.jpg,1
pcam_134338,./ml_datasets/images/pcam_134338.jpg,1
pcam_134339,./ml_datasets/images/pcam_134339.jpg,1
pcam_134340,./ml_datasets/images/pcam_134340.jpg,1
pcam_134341,./ml_datasets/images/pcam_134341.jpg,1
pcam_134342,./ml_datasets/images/pcam_134342.jpg,1
pcam_134343,./ml_datasets/images/pcam_134343.jpg,1
pcam_134344,./ml_datasets/images/pcam_134344.jpg,1
pcam_134345,./ml_datasets/images/pcam_134345.jpg,1
pcam_134346,./ml_datasets/images/pcam_134346.jpg,1
pcam_134347,./ml_datasets/images/pcam_134347.jpg,1
pcam_134348,./ml_datasets/images/pcam_134348.jpg,1
pcam_134349,./ml_datasets/images/pcam_134349.jpg,1
pcam_134350,./ml_datasets/images/pcam_134350.jpg,1
pcam_134351,./ml_datasets/images/pcam_134351.jpg,1
pcam_134352,./ml_datasets/images/pcam_134352.jpg,1
pcam_134353,./ml_datasets/images/pcam_134353.jpg,1
pcam_134354,./ml_datasets/images/pcam_134354.jpg,1
pcam_134355,./ml_datasets/images/pcam_134355.jpg,1
pcam_134356,./ml_datasets/images/pcam_134356.jpg,1
pcam_134357,./ml_datasets/images/pcam_134357.jpg,1
pcam_134358,./ml_datasets/images/pcam_134358.jpg,1
pcam_134359,./ml_datasets/images/pcam_134359.jpg,1
pcam_134360,./ml_datasets/images/pcam_134360.jpg,1
pcam_134361,./ml_datasets/images/pcam_134361.jpg,1
pcam_134362,./ml_datasets/images/pcam_134362.jpg,1
pcam_134363,./ml_datasets/images/pcam_134363.jpg,1
pcam_134364,./ml_datasets/images/pcam_134364.jpg,1
pcam_134365,./ml_datasets/images/pcam_134365.jpg,1
pcam_134366,./ml_datasets/images/pcam_134366.jpg,1
pcam_134367,./ml_datasets/images/pcam_134367.jpg,1
pcam_134368,./ml_datasets/images/pcam_134368.jpg,1
pcam_134369,./ml_datasets/images/pcam_134369.jpg,1
pcam_134370,./ml_datasets/images/pcam_134370.jpg,1
pcam_134371,./ml_datasets/images/pcam_134371.jpg,1
pcam_134372,./ml_datasets/images/pcam_134372.jpg,1
pcam_134373,./ml_datasets/images/pcam_134373.jpg,1
pcam_134374,./ml_datasets/images/pcam_134374.jpg,1
pcam_134375,./ml_datasets/images/pcam_134375.jpg,1
pcam_134376,./ml_datasets/images/pcam_134376.jpg,1
pcam_134377,./ml_datasets/images/pcam_134377.jpg,1
pcam_134378,./ml_datasets/images/pcam_134378.jpg,1
pcam_134379,./ml_datasets/images/pcam_134379.jpg,1
pcam_134380,./ml_datasets/images/pcam_134380.jpg,1
pcam_134381,./ml_datasets/images/pcam_134381.jpg,1
pcam_134382,./ml_datasets/images/pcam_134382.jpg,1
pcam_134383,./ml_datasets/images/pcam_134383.jpg,1
pcam_134384,./ml_datasets/images/pcam_134384.jpg,1
pcam_134385,./ml_datasets/images/pcam_134385.jpg,1
pcam_134386,./ml_datasets/images/pcam_134386.jpg,1
pcam_134387,./ml_datasets/images/pcam_134387.jpg,1
pcam_134388,./ml_datasets/images/pcam_134388.jpg,1
pcam_134389,./ml_datasets/images/pcam_134389.jpg,1
pcam_134390,./ml_datasets/images/pcam_134390.jpg,1
pcam_134391,./ml_datasets/images/pcam_134391.jpg,1
pcam_134392,./ml_datasets/images/pcam_134392.jpg,1
pcam_134393,./ml_datasets/images/pcam_134393.jpg,1
pcam_134394,./ml_datasets/images/pcam_134394.jpg,1
pcam_134395,./ml_datasets/images/pcam_134395.jpg,1
pcam_134396,./ml_datasets/images/pcam_134396.jpg,1
pcam_134397,./ml_datasets/images/pcam_134397.jpg,1
pcam_134398,./ml_datasets/images/pcam_134398.jpg,1
pcam_134399,./ml_datasets/images/pcam_134399.jpg,1
pcam_134400,./ml_datasets/images/pcam_134400.jpg,1
pcam_134401,./ml_datasets/images/pcam_134401.jpg,1
pcam_134402,./ml_datasets/images/pcam_134402.jpg,1
pcam_134403,./ml_datasets/images/pcam_134403.jpg,1
pcam_134404,./ml_datasets/images/pcam_134404.jpg,1
pcam_134405,./ml_datasets/images/pcam_134405.jpg,1
pcam_134406,./ml_datasets/images/pcam_134406.jpg,1
pcam_134407,./ml_datasets/images/pcam_134407.jpg,1
pcam_134408,./ml_datasets/images/pcam_134408.jpg,1
pcam_134409,./ml_datasets/images/pcam_134409.jpg,1
pcam_134410,./ml_datasets/images/pcam_134410.jpg,1
pcam_134411,./ml_datasets/images/pcam_134411.jpg,1
pcam_134412,./ml_datasets/images/pcam_134412.jpg,1
pcam_134413,./ml_datasets/images/pcam_134413.jpg,1
pcam_134414,./ml_datasets/images/pcam_134414.jpg,1
pcam_134415,./ml_datasets/images/pcam_134415.jpg,1
pcam_134416,./ml_datasets/images/pcam_134416.jpg,1
pcam_134417,./ml_datasets/images/pcam_134417.jpg,1
pcam_134418,./ml_datasets/images/pcam_134418.jpg,1
pcam_134419,./ml_datasets/images/pcam_134419.jpg,1
pcam_134420,./ml_datasets/images/pcam_134420.jpg,1
pcam_134421,./ml_datasets/images/pcam_134421.jpg,1
pcam_134422,./ml_datasets/images/pcam_134422.jpg,1
pcam_134423,./ml_datasets/images/pcam_134423.jpg,1
pcam_134424,./ml_datasets/images/pcam_134424.jpg,1
pcam_134425,./ml_datasets/images/pcam_134425.jpg,1
pcam_134426,./ml_datasets/images/pcam_134426.jpg,1
pcam_134427,./ml_datasets/images/pcam_134427.jpg,1
pcam_134428,./ml_datasets/images/pcam_134428.jpg,1
pcam_134429,./ml_datasets/images/pcam_134429.jpg,1
pcam_134430,./ml_datasets/images/pcam_134430.jpg,1
pcam_134431,./ml_datasets/images/pcam_134431.jpg,1
pcam_134432,./ml_datasets/images/pcam_134432.jpg,1
pcam_134433,./ml_datasets/images/pcam_134433.jpg,1
pcam_134434,./ml_datasets/images/pcam_134434.jpg,1
pcam_134435,./ml_datasets/images/pcam_134435.jpg,1
pcam_134436,./ml_datasets/images/pcam_134436.jpg,1
pcam_134437,./ml_datasets/images/pcam_134437.jpg,1
pcam_134438,./ml_datasets/images/pcam_134438.jpg,1
pcam_134439,./ml_datasets/images/pcam_134439.jpg,1
pcam_134440,./ml_datasets/images/pcam_134440.jpg,1
pcam_134441,./ml_datasets/images/pcam_134441.jpg,1
pcam_134442,./ml_datasets/images/pcam_134442.jpg,1
pcam_134443,./ml_datasets/images/pcam_134443.jpg,1
pcam_134444,./ml_datasets/images/pcam_134444.jpg,1
pcam_134445,./ml_datasets/images/pcam_134445.jpg,1
pcam_134446,./ml_datasets/images/pcam_134446.jpg,1
pcam_134447,./ml_datasets/images/pcam_134447.jpg,1
pcam_134448,./ml_datasets/images/pcam_134448.jpg,1
pcam_134449,./ml_datasets/images/pcam_134449.jpg,1
pcam_134450,./ml_datasets/images/pcam_134450.jpg,1
pcam_134451,./ml_datasets/images/pcam_134451.jpg,1
pcam_134452,./ml_datasets/images/pcam_134452.jpg,1
pcam_134453,./ml_datasets/images/pcam_134453.jpg,1
pcam_134454,./ml_datasets/images/pcam_134454.jpg,1
pcam_134455,./ml_datasets/images/pcam_134455.jpg,1
pcam_134456,./ml_datasets/images/pcam_134456.jpg,1
pcam_134457,./ml_datasets/images/pcam_134457.jpg,1
pcam_134458,./ml_datasets/images/pcam_134458.jpg,1
pcam_134459,./ml_datasets/images/pcam_134459.jpg,1
pcam_134460,./ml_datasets/images/pcam_134460.jpg,1
pcam_134461,./ml_datasets/images/pcam_134461.jpg,1
pcam_134462,./ml_datasets/images/pcam_134462.jpg,1
pcam_134463,./ml_datasets/images/pcam_134463.jpg,1
pcam_134464,./ml_datasets/images/pcam_134464.jpg,1
pcam_134465,./ml_datasets/images/pcam_134465.jpg,1
pcam_134466,./ml_datasets/images/pcam_134466.jpg,1
pcam_134467,./ml_datasets/images/pcam_134467.jpg,1
pcam_134468,./ml_datasets/images/pcam_134468.jpg,1
pcam_134469,./ml_datasets/images/pcam_134469.jpg,1
pcam_134470,./ml_datasets/images/pcam_134470.jpg,1
pcam_134471,./ml_datasets/images/pcam_134471.jpg,1
pcam_134472,./ml_datasets/images/pcam_134472.jpg,1
pcam_134473,./ml_datasets/images/pcam_134473.jpg,1
pcam_134474,./ml_datasets/images/pcam_134474.jpg,1
pcam_134475,./ml_datasets/images/pcam_134475.jpg,1
pcam_134476,./ml_datasets/images/pcam_134476.jpg,1
pcam_134477,./ml_datasets/images/pcam_134477.jpg,1
pcam_134478,./ml_datasets/images/pcam_134478.jpg,1
pcam_134479,./ml_datasets/images/pcam_134479.jpg,1
pcam_134480,./ml_datasets/images/pcam_134480.jpg,1
pcam_134481,./ml_datasets/images/pcam_134481.jpg,1
pcam_134482,./ml_datasets/images/pcam_134482.jpg,1
pcam_134483,./ml_datasets/images/pcam_134483.jpg,1
pcam_134484,./ml_datasets/images/pcam_134484.jpg,1
pcam_134485,./ml_datasets/images/pcam_134485.jpg,1
pcam_134486,./ml_datasets/images/pcam_134486.jpg,1
pcam_134487,./ml_datasets/images/pcam_134487.jpg,1
pcam_134488,./ml_datasets/images/pcam_134488.jpg,1
pcam_134489,./ml_datasets/images/pcam_134489.jpg,1
pcam_134490,./ml_datasets/images/pcam_134490.jpg,1
pcam_134491,./ml_datasets/images/pcam_134491.jpg,1
pcam_134492,./ml_datasets/images/pcam_134492.jpg,1
pcam_134493,./ml_datasets/images/pcam_134493.jpg,1
pcam_134494,./ml_datasets/images/pcam_134494.jpg,1
pcam_134495,./ml_datasets/images/pcam_134495.jpg,1
pcam_134496,./ml_datasets/images/pcam_134496.jpg,1
pcam_134497,./ml_datasets/images/pcam_134497.jpg,1
pcam_134498,./ml_datasets/images/pcam_134498.jpg,1
pcam_134499,./ml_datasets/images/pcam_134499.jpg,1
pcam_134500,./ml_datasets/images/pcam_134500.jpg,1
pcam_134501,./ml_datasets/images/pcam_134501.jpg,1
pcam_134502,./ml_datasets/images/pcam_134502.jpg,1
pcam_134503,./ml_datasets/images/pcam_134503.jpg,1
pcam_134504,./ml_datasets/images/pcam_134504.jpg,1
pcam_134505,./ml_datasets/images/pcam_134505.jpg,1
pcam_134506,./ml_datasets/images/pcam_134506.jpg,1
pcam_134507,./ml_datasets/images/pcam_134507.jpg,1
pcam_134508,./ml_datasets/images/pcam_134508.jpg,1
pcam_134509,./ml_datasets/images/pcam_134509.jpg,1
pcam_134510,./ml_datasets/images/pcam_134510.jpg,1
pcam_134511,./ml_datasets/images/pcam_134511.jpg,1
pcam_134512,./ml_datasets/images/pcam_134512.jpg,1
pcam_134513,./ml_datasets/images/pcam_134513.jpg,1
pcam_134514,./ml_datasets/images/pcam_134514.jpg,1
pcam_134515,./ml_datasets/images/pcam_134515.jpg,1
pcam_134516,./ml_datasets/images/pcam_134516.jpg,1
pcam_134517,./ml_datasets/images/pcam_134517.jpg,1
pcam_134518,./ml_datasets/images/pcam_134518.jpg,1
pcam_134519,./ml_datasets/images/pcam_134519.jpg,1
pcam_134520,./ml_datasets/images/pcam_134520.jpg,1
pcam_134521,./ml_datasets/images/pcam_134521.jpg,1
pcam_134522,./ml_datasets/images/pcam_134522.jpg,1
pcam_134523,./ml_datasets/images/pcam_134523.jpg,1
pcam_134524,./ml_datasets/images/pcam_134524.jpg,1
pcam_134525,./ml_datasets/images/pcam_134525.jpg,1
pcam_134526,./ml_datasets/images/pcam_134526.jpg,1
pcam_134527,./ml_datasets/images/pcam_134527.jpg,1
pcam_134528,./ml_datasets/images/pcam_134528.jpg,1
pcam_134529,./ml_datasets/images/pcam_134529.jpg,1
pcam_134530,./ml_datasets/images/pcam_134530.jpg,1
pcam_134531,./ml_datasets/images/pcam_134531.jpg,1
pcam_134532,./ml_datasets/images/pcam_134532.jpg,1
pcam_134533,./ml_datasets/images/pcam_134533.jpg,1
pcam_134534,./ml_datasets/images/pcam_134534.jpg,1
pcam_134535,./ml_datasets/images/pcam_134535.jpg,1
pcam_134536,./ml_datasets/images/pcam_134536.jpg,1
pcam_134537,./ml_datasets/images/pcam_134537.jpg,1
pcam_134538,./ml_datasets/images/pcam_134538.jpg,1
pcam_134539,./ml_datasets/images/pcam_134539.jpg,1
pcam_134540,./ml_datasets/images/pcam_134540.jpg,1
pcam_134541,./ml_datasets/images/pcam_134541.jpg,1
pcam_134542,./ml_datasets/images/pcam_134542.jpg,1
pcam_134543,./ml_datasets/images/pcam_134543.jpg,1
pcam_134544,./ml_datasets/images/pcam_134544.jpg,1
pcam_134545,./ml_datasets/images/pcam_134545.jpg,1
pcam_134546,./ml_datasets/images/pcam_134546.jpg,1
pcam_134547,./ml_datasets/images/pcam_134547.jpg,1
pcam_134548,./ml_datasets/images/pcam_134548.jpg,1
pcam_134549,./ml_datasets/images/pcam_134549.jpg,1
pcam_134550,./ml_datasets/images/pcam_134550.jpg,1
pcam_134551,./ml_datasets/images/pcam_134551.jpg,1
pcam_134552,./ml_datasets/images/pcam_134552.jpg,1
pcam_134553,./ml_datasets/images/pcam_134553.jpg,1
pcam_134554,./ml_datasets/images/pcam_134554.jpg,1
pcam_134555,./ml_datasets/images/pcam_134555.jpg,1
pcam_134556,./ml_datasets/images/pcam_134556.jpg,1
pcam_134557,./ml_datasets/images/pcam_134557.jpg,1
pcam_134558,./ml_datasets/images/pcam_134558.jpg,1
pcam_134559,./ml_datasets/images/pcam_134559.jpg,1
pcam_134560,./ml_datasets/images/pcam_134560.jpg,1
pcam_134561,./ml_datasets/images/pcam_134561.jpg,1
pcam_134562,./ml_datasets/images/pcam_134562.jpg,1
pcam_134563,./ml_datasets/images/pcam_134563.jpg,1
pcam_134564,./ml_datasets/images/pcam_134564.jpg,1
pcam_134565,./ml_datasets/images/pcam_134565.jpg,1
pcam_134566,./ml_datasets/images/pcam_134566.jpg,1
pcam_134567,./ml_datasets/images/pcam_134567.jpg,1
pcam_134568,./ml_datasets/images/pcam_134568.jpg,1
pcam_134569,./ml_datasets/images/pcam_134569.jpg,1
pcam_134570,./ml_datasets/images/pcam_134570.jpg,1
pcam_134571,./ml_datasets/images/pcam_134571.jpg,1
pcam_134572,./ml_datasets/images/pcam_134572.jpg,1
pcam_134573,./ml_datasets/images/pcam_134573.jpg,1
pcam_134574,./ml_datasets/images/pcam_134574.jpg,1
pcam_134575,./ml_datasets/images/pcam_134575.jpg,1
pcam_134576,./ml_datasets/images/pcam_134576.jpg,1
pcam_134577,./ml_datasets/images/pcam_134577.jpg,1
pcam_134578,./ml_datasets/images/pcam_134578.jpg,1
pcam_134579,./ml_datasets/images/pcam_134579.jpg,1
pcam_134580,./ml_datasets/images/pcam_134580.jpg,1
pcam_134581,./ml_datasets/images/pcam_134581.jpg,1
pcam_134582,./ml_datasets/images/pcam_134582.jpg,1
pcam_134583,./ml_datasets/images/pcam_134583.jpg,1
pcam_134584,./ml_datasets/images/pcam_134584.jpg,1
pcam_134585,./ml_datasets/images/pcam_134585.jpg,1
pcam_134586,./ml_datasets/images/pcam_134586.jpg,1
pcam_134587,./ml_datasets/images/pcam_134587.jpg,1
pcam_134588,./ml_datasets/images/pcam_134588.jpg,1
pcam_134589,./ml_datasets/images/pcam_134589.jpg,1
pcam_134590,./ml_datasets/images/pcam_134590.jpg,1
pcam_134591,./ml_datasets/images/pcam_134591.jpg,1
pcam_134592,./ml_datasets/images/pcam_134592.jpg,1
pcam_134593,./ml_datasets/images/pcam_134593.jpg,1
pcam_134594,./ml_datasets/images/pcam_134594.jpg,1
pcam_134595,./ml_datasets/images/pcam_134595.jpg,1
pcam_134596,./ml_datasets/images/pcam_134596.jpg,1
pcam_134597,./ml_datasets/images/pcam_134597.jpg,1
pcam_134598,./ml_datasets/images/pcam_134598.jpg,1
pcam_134599,./ml_datasets/images/pcam_134599.jpg,1
pcam_134600,./ml_datasets/images/pcam_134600.jpg,1
pcam_134601,./ml_datasets/images/pcam_134601.jpg,1
pcam_134602,./ml_datasets/images/pcam_134602.jpg,1
pcam_134603,./ml_datasets/images/pcam_134603.jpg,1
pcam_134604,./ml_datasets/images/pcam_134604.jpg,1
pcam_134605,./ml_datasets/images/pcam_134605.jpg,1
pcam_134606,./ml_datasets/images/pcam_134606.jpg,1
pcam_134607,./ml_datasets/images/pcam_134607.jpg,1
pcam_134608,./ml_datasets/images/pcam_134608.jpg,1
pcam_134609,./ml_datasets/images/pcam_134609.jpg,1
pcam_134610,./ml_datasets/images/pcam_134610.jpg,1
pcam_134611,./ml_datasets/images/pcam_134611.jpg,1
pcam_134612,./ml_datasets/images/pcam_134612.jpg,1
pcam_134613,./ml_datasets/images/pcam_134613.jpg,1
pcam_134614,./ml_datasets/images/pcam_134614.jpg,1
pcam_134615,./ml_datasets/images/pcam_134615.jpg,1
pcam_134616,./ml_datasets/images/pcam_134616.jpg,1
pcam_134617,./ml_datasets/images/pcam_134617.jpg,1
pcam_134618,./ml_datasets/images/pcam_134618.jpg,1
pcam_134619,./ml_datasets/images/pcam_134619.jpg,1
pcam_134620,./ml_datasets/images/pcam_134620.jpg,1
pcam_134621,./ml_datasets/images/pcam_134621.jpg,1
pcam_134622,./ml_datasets/images/pcam_134622.jpg,1
pcam_134623,./ml_datasets/images/pcam_134623.jpg,1
pcam_134624,./ml_datasets/images/pcam_134624.jpg,1
pcam_134625,./ml_datasets/images/pcam_134625.jpg,1
pcam_134626,./ml_datasets/images/pcam_134626.jpg,1
pcam_134627,./ml_datasets/images/pcam_134627.jpg,1
pcam_134628,./ml_datasets/images/pcam_134628.jpg,1
pcam_134629,./ml_datasets/images/pcam_134629.jpg,1
pcam_134630,./ml_datasets/images/pcam_134630.jpg,1
pcam_134631,./ml_datasets/images/pcam_134631.jpg,1
pcam_134632,./ml_datasets/images/pcam_134632.jpg,1
pcam_134633,./ml_datasets/images/pcam_134633.jpg,1
pcam_134634,./ml_datasets/images/pcam_134634.jpg,1
pcam_134635,./ml_datasets/images/pcam_134635.jpg,1
pcam_134636,./ml_datasets/images/pcam_134636.jpg,1
pcam_134637,./ml_datasets/images/pcam_134637.jpg,1
pcam_134638,./ml_datasets/images/pcam_134638.jpg,1
pcam_134639,./ml_datasets/images/pcam_134639.jpg,1
pcam_134640,./ml_datasets/images/pcam_134640.jpg,1
pcam_134641,./ml_datasets/images/pcam_134641.jpg,1
pcam_134642,./ml_datasets/images/pcam_134642.jpg,1
pcam_134643,./ml_datasets/images/pcam_134643.jpg,1
pcam_134644,./ml_datasets/images/pcam_134644.jpg,1
pcam_134645,./ml_datasets/images/pcam_134645.jpg,1
pcam_134646,./ml_datasets/images/pcam_134646.jpg,1
pcam_134647,./ml_datasets/images/pcam_134647.jpg,1
pcam_134648,./ml_datasets/images/pcam_134648.jpg,1
pcam_134649,./ml_datasets/images/pcam_134649.jpg,1
pcam_134650,./ml_datasets/images/pcam_134650.jpg,1
pcam_134651,./ml_datasets/images/pcam_134651.jpg,1
pcam_134652,./ml_datasets/images/pcam_134652.jpg,1
pcam_134653,./ml_datasets/images/pcam_134653.jpg,1
pcam_134654,./ml_datasets/images/pcam_134654.jpg,1
pcam_134655,./ml_datasets/images/pcam_134655.jpg,1
pcam_134656,./ml_datasets/images/pcam_134656.jpg,1
pcam_134657,./ml_datasets/images/pcam_134657.jpg,1
pcam_134658,./ml_datasets/images/pcam_134658.jpg,1
pcam_134659,./ml_datasets/images/pcam_134659.jpg,1
pcam_134660,./ml_datasets/images/pcam_134660.jpg,1
pcam_134661,./ml_datasets/images/pcam_134661.jpg,1
pcam_134662,./ml_datasets/images/pcam_134662.jpg,1
pcam_134663,./ml_datasets/images/pcam_134663.jpg,1
pcam_134664,./ml_datasets/images/pcam_134664.jpg,1
pcam_134665,./ml_datasets/images/pcam_134665.jpg,1
pcam_134666,./ml_datasets/images/pcam_134666.jpg,1
pcam_134667,./ml_datasets/images/pcam_134667.jpg,1
pcam_134668,./ml_datasets/images/pcam_134668.jpg,1
pcam_134669,./ml_datasets/images/pcam_134669.jpg,1
pcam_134670,./ml_datasets/images/pcam_134670.jpg,1
pcam_134671,./ml_datasets/images/pcam_134671.jpg,1
pcam_134672,./ml_datasets/images/pcam_134672.jpg,1
pcam_134673,./ml_datasets/images/pcam_134673.jpg,1
pcam_134674,./ml_datasets/images/pcam_134674.jpg,1
pcam_134675,./ml_datasets/images/pcam_134675.jpg,1
pcam_134676,./ml_datasets/images/pcam_134676.jpg,1
pcam_134677,./ml_datasets/images/pcam_134677.jpg,1
pcam_134678,./ml_datasets/images/pcam_134678.jpg,1
pcam_134679,./ml_datasets/images/pcam_134679.jpg,1
pcam_134680,./ml_datasets/images/pcam_134680.jpg,1
pcam_134681,./ml_datasets/images/pcam_134681.jpg,1
pcam_134682,./ml_datasets/images/pcam_134682.jpg,1
pcam_134683,./ml_datasets/images/pcam_134683.jpg,1
pcam_134684,./ml_datasets/images/pcam_134684.jpg,1
pcam_134685,./ml_datasets/images/pcam_134685.jpg,1
pcam_134686,./ml_datasets/images/pcam_134686.jpg,1
pcam_134687,./ml_datasets/images/pcam_134687.jpg,1
pcam_134688,./ml_datasets/images/pcam_134688.jpg,1
pcam_134689,./ml_datasets/images/pcam_134689.jpg,1
pcam_134690,./ml_datasets/images/pcam_134690.jpg,1
pcam_134691,./ml_datasets/images/pcam_134691.jpg,1
pcam_134692,./ml_datasets/images/pcam_134692.jpg,1
pcam_134693,./ml_datasets/images/pcam_134693.jpg,1
pcam_134694,./ml_datasets/images/pcam_134694.jpg,1
pcam_134695,./ml_datasets/images/pcam_134695.jpg,1
pcam_134696,./ml_datasets/images/pcam_134696.jpg,1
pcam_134697,./ml_datasets/images/pcam_134697.jpg,1
pcam_134698,./ml_datasets/images/pcam_134698.jpg,1
pcam_134699,./ml_datasets/images/pcam_134699.jpg,1
pcam_134700,./ml_datasets/images/pcam_134700.jpg,1
pcam_134701,./ml_datasets/images/pcam_134701.jpg,1
pcam_134702,./ml_datasets/images/pcam_134702.jpg,1
pcam_134703,./ml_datasets/images/pcam_134703.jpg,1
pcam_134704,./ml_datasets/images/pcam_134704.jpg,1
pcam_134705,./ml_datasets/images/pcam_134705.jpg,1
pcam_134706,./ml_datasets/images/pcam_134706.jpg,1
pcam_134707,./ml_datasets/images/pcam_134707.jpg,1
pcam_134708,./ml_datasets/images/pcam_134708.jpg,1
pcam_134709,./ml_datasets/images/pcam_134709.jpg,1
pcam_134710,./ml_datasets/images/pcam_134710.jpg,1
pcam_134711,./ml_datasets/images/pcam_134711.jpg,1
pcam_134712,./ml_datasets/images/pcam_134712.jpg,1
pcam_134713,./ml_datasets/images/pcam_134713.jpg,1
pcam_134714,./ml_datasets/images/pcam_134714.jpg,1
pcam_134715,./ml_datasets/images/pcam_134715.jpg,1
pcam_134716,./ml_datasets/images/pcam_134716.jpg,1
pcam_134717,./ml_datasets/images/pcam_134717.jpg,1
pcam_134718,./ml_datasets/images/pcam_134718.jpg,1
pcam_134719,./ml_datasets/images/pcam_134719.jpg,1
pcam_134720,./ml_datasets/images/pcam_134720.jpg,1
pcam_134721,./ml_datasets/images/pcam_134721.jpg,1
pcam_134722,./ml_datasets/images/pcam_134722.jpg,1
pcam_134723,./ml_datasets/images/pcam_134723.jpg,1
pcam_134724,./ml_datasets/images/pcam_134724.jpg,1
pcam_134725,./ml_datasets/images/pcam_134725.jpg,1
pcam_134726,./ml_datasets/images/pcam_134726.jpg,1
pcam_134727,./ml_datasets/images/pcam_134727.jpg,1
pcam_134728,./ml_datasets/images/pcam_134728.jpg,1
pcam_134729,./ml_datasets/images/pcam_134729.jpg,1
pcam_134730,./ml_datasets/images/pcam_134730.jpg,1
pcam_134731,./ml_datasets/images/pcam_134731.jpg,1
pcam_134732,./ml_datasets/images/pcam_134732.jpg,1
pcam_134733,./ml_datasets/images/pcam_134733.jpg,1
pcam_134734,./ml_datasets/images/pcam_134734.jpg,1
pcam_134735,./ml_datasets/images/pcam_134735.jpg,1
pcam_134736,./ml_datasets/images/pcam_134736.jpg,1
pcam_134737,./ml_datasets/images/pcam_134737.jpg,1
pcam_134738,./ml_datasets/images/pcam_134738.jpg,1
pcam_134739,./ml_datasets/images/pcam_134739.jpg,1
pcam_134740,./ml_datasets/images/pcam_134740.jpg,1
pcam_134741,./ml_datasets/images/pcam_134741.jpg,1
pcam_134742,./ml_datasets/images/pcam_134742.jpg,1
pcam_134743,./ml_datasets/images/pcam_134743.jpg,1
pcam_134744,./ml_datasets/images/pcam_134744.jpg,1
pcam_134745,./ml_datasets/images/pcam_134745.jpg,1
pcam_134746,./ml_datasets/images/pcam_134746.jpg,1
pcam_134747,./ml_datasets/images/pcam_134747.jpg,1
pcam_134748,./ml_datasets/images/pcam_134748.jpg,1
pcam_134749,./ml_datasets/images/pcam_134749.jpg,1
pcam_134750,./ml_datasets/images/pcam_134750.jpg,1
pcam_134751,./ml_datasets/images/pcam_134751.jpg,1
pcam_134752,./ml_datasets/images/pcam_134752.jpg,1
pcam_134753,./ml_datasets/images/pcam_134753.jpg,1
pcam_134754,./ml_datasets/images/pcam_134754.jpg,1
pcam_134755,./ml_datasets/images/pcam_134755.jpg,1
pcam_134756,./ml_datasets/images/pcam_134756.jpg,1
pcam_134757,./ml_datasets/images/pcam_134757.jpg,1
pcam_134758,./ml_datasets/images/pcam_134758.jpg,1
pcam_134759,./ml_datasets/images/pcam_134759.jpg,1
pcam_134760,./ml_datasets/images/pcam_134760.jpg,1
pcam_134761,./ml_datasets/images/pcam_134761.jpg,1
pcam_134762,./ml_datasets/images/pcam_134762.jpg,1
pcam_134763,./ml_datasets/images/pcam_134763.jpg,1
pcam_134764,./ml_datasets/images/pcam_134764.jpg,1
pcam_134765,./ml_datasets/images/pcam_134765.jpg,1
pcam_134766,./ml_datasets/images/pcam_134766.jpg,1
pcam_134767,./ml_datasets/images/pcam_134767.jpg,1
pcam_134768,./ml_datasets/images/pcam_134768.jpg,1
pcam_134769,./ml_datasets/images/pcam_134769.jpg,1
pcam_134770,./ml_datasets/images/pcam_134770.jpg,1
pcam_134771,./ml_datasets/images/pcam_134771.jpg,1
pcam_134772,./ml_datasets/images/pcam_134772.jpg,1
pcam_134773,./ml_datasets/images/pcam_134773.jpg,1
pcam_134774,./ml_datasets/images/pcam_134774.jpg,1
pcam_134775,./ml_datasets/images/pcam_134775.jpg,1
pcam_134776,./ml_datasets/images/pcam_134776.jpg,1
pcam_134777,./ml_datasets/images/pcam_134777.jpg,1
pcam_134778,./ml_datasets/images/pcam_134778.jpg,1
pcam_134779,./ml_datasets/images/pcam_134779.jpg,1
pcam_134780,./ml_datasets/images/pcam_134780.jpg,1
pcam_134781,./ml_datasets/images/pcam_134781.jpg,1
pcam_134782,./ml_datasets/images/pcam_134782.jpg,1
pcam_134783,./ml_datasets/images/pcam_134783.jpg,1
pcam_134784,./ml_datasets/images/pcam_134784.jpg,1
pcam_134785,./ml_datasets/images/pcam_134785.jpg,1
pcam_134786,./ml_datasets/images/pcam_134786.jpg,1
pcam_134787,./ml_datasets/images/pcam_134787.jpg,1
pcam_134788,./ml_datasets/images/pcam_134788.jpg,1
pcam_134789,./ml_datasets/images/pcam_134789.jpg,1
pcam_134790,./ml_datasets/images/pcam_134790.jpg,1
pcam_134791,./ml_datasets/images/pcam_134791.jpg,1
pcam_134792,./ml_datasets/images/pcam_134792.jpg,1
pcam_134793,./ml_datasets/images/pcam_134793.jpg,1
pcam_134794,./ml_datasets/images/pcam_134794.jpg,1
pcam_134795,./ml_datasets/images/pcam_134795.jpg,1
pcam_134796,./ml_datasets/images/pcam_134796.jpg,1
pcam_134797,./ml_datasets/images/pcam_134797.jpg,1
pcam_134798,./ml_datasets/images/pcam_134798.jpg,1
pcam_134799,./ml_datasets/images/pcam_134799.jpg,1
pcam_134800,./ml_datasets/images/pcam_134800.jpg,1
pcam_134801,./ml_datasets/images/pcam_134801.jpg,1
pcam_134802,./ml_datasets/images/pcam_134802.jpg,1
pcam_134803,./ml_datasets/images/pcam_134803.jpg,1
pcam_134804,./ml_datasets/images/pcam_134804.jpg,1
pcam_134805,./ml_datasets/images/pcam_134805.jpg,1
pcam_134806,./ml_datasets/images/pcam_134806.jpg,1
pcam_134807,./ml_datasets/images/pcam_134807.jpg,1
pcam_134808,./ml_datasets/images/pcam_134808.jpg,1
pcam_134809,./ml_datasets/images/pcam_134809.jpg,1
pcam_134810,./ml_datasets/images/pcam_134810.jpg,1
pcam_134811,./ml_datasets/images/pcam_134811.jpg,1
pcam_134812,./ml_datasets/images/pcam_134812.jpg,1
pcam_134813,./ml_datasets/images/pcam_134813.jpg,1
pcam_134814,./ml_datasets/images/pcam_134814.jpg,1
pcam_134815,./ml_datasets/images/pcam_134815.jpg,1
pcam_134816,./ml_datasets/images/pcam_134816.jpg,1
pcam_134817,./ml_datasets/images/pcam_134817.jpg,1
pcam_134818,./ml_datasets/images/pcam_134818.jpg,1
pcam_134819,./ml_datasets/images/pcam_134819.jpg,1
pcam_134820,./ml_datasets/images/pcam_134820.jpg,1
pcam_134821,./ml_datasets/images/pcam_134821.jpg,1
pcam_134822,./ml_datasets/images/pcam_134822.jpg,1
pcam_134823,./ml_datasets/images/pcam_134823.jpg,1
pcam_134824,./ml_datasets/images/pcam_134824.jpg,1
pcam_134825,./ml_datasets/images/pcam_134825.jpg,1
pcam_134826,./ml_datasets/images/pcam_134826.jpg,1
pcam_134827,./ml_datasets/images/pcam_134827.jpg,1
pcam_134828,./ml_datasets/images/pcam_134828.jpg,1
pcam_134829,./ml_datasets/images/pcam_134829.jpg,1
pcam_134830,./ml_datasets/images/pcam_134830.jpg,1
pcam_134831,./ml_datasets/images/pcam_134831.jpg,1
pcam_134832,./ml_datasets/images/pcam_134832.jpg,1
pcam_134833,./ml_datasets/images/pcam_134833.jpg,1
pcam_134834,./ml_datasets/images/pcam_134834.jpg,1
pcam_134835,./ml_datasets/images/pcam_134835.jpg,1
pcam_134836,./ml_datasets/images/pcam_134836.jpg,1
pcam_134837,./ml_datasets/images/pcam_134837.jpg,1
pcam_134838,./ml_datasets/images/pcam_134838.jpg,1
pcam_134839,./ml_datasets/images/pcam_134839.jpg,1
pcam_134840,./ml_datasets/images/pcam_134840.jpg,1
pcam_134841,./ml_datasets/images/pcam_134841.jpg,1
pcam_134842,./ml_datasets/images/pcam_134842.jpg,1
pcam_134843,./ml_datasets/images/pcam_134843.jpg,1
pcam_134844,./ml_datasets/images/pcam_134844.jpg,1
pcam_134845,./ml_datasets/images/pcam_134845.jpg,1
pcam_134846,./ml_datasets/images/pcam_134846.jpg,1
pcam_134847,./ml_datasets/images/pcam_134847.jpg,1
pcam_134848,./ml_datasets/images/pcam_134848.jpg,1
pcam_134849,./ml_datasets/images/pcam_134849.jpg,1
pcam_134850,./ml_datasets/images/pcam_134850.jpg,1
pcam_134851,./ml_datasets/images/pcam_134851.jpg,1
pcam_134852,./ml_datasets/images/pcam_134852.jpg,1
pcam_134853,./ml_datasets/images/pcam_134853.jpg,1
pcam_134854,./ml_datasets/images/pcam_134854.jpg,1
pcam_134855,./ml_datasets/images/pcam_134855.jpg,1
pcam_134856,./ml_datasets/images/pcam_134856.jpg,1
pcam_134857,./ml_datasets/images/pcam_134857.jpg,1
pcam_134858,./ml_datasets/images/pcam_134858.jpg,1
pcam_134859,./ml_datasets/images/pcam_134859.jpg,1
pcam_134860,./ml_datasets/images/pcam_134860.jpg,1
pcam_134861,./ml_datasets/images/pcam_134861.jpg,1
pcam_134862,./ml_datasets/images/pcam_134862.jpg,1
pcam_134863,./ml_datasets/images/pcam_134863.jpg,1
pcam_134864,./ml_datasets/images/pcam_134864.jpg,1
pcam_134865,./ml_datasets/images/pcam_134865.jpg,1
pcam_134866,./ml_datasets/images/pcam_134866.jpg,1
pcam_134867,./ml_datasets/images/pcam_134867.jpg,1
pcam_134868,./ml_datasets/images/pcam_134868.jpg,1
pcam_134869,./ml_datasets/images/pcam_134869.jpg,1
pcam_134870,./ml_datasets/images/pcam_134870.jpg,1
pcam_134871,./ml_datasets/images/pcam_134871.jpg,1
pcam_134872,./ml_datasets/images/pcam_134872.jpg,1
pcam_134873,./ml_datasets/images/pcam_134873.jpg,1
pcam_134874,./ml_datasets/images/pcam_134874.jpg,1
pcam_134875,./ml_datasets/images/pcam_134875.jpg,1
pcam_134876,./ml_datasets/images/pcam_134876.jpg,1
pcam_134877,./ml_datasets/images/pcam_134877.jpg,1
pcam_134878,./ml_datasets/images/pcam_134878.jpg,1
pcam_134879,./ml_datasets/images/pcam_134879.jpg,1
pcam_134880,./ml_datasets/images/pcam_134880.jpg,1
pcam_134881,./ml_datasets/images/pcam_134881.jpg,1
pcam_134882,./ml_datasets/images/pcam_134882.jpg,1
pcam_134883,./ml_datasets/images/pcam_134883.jpg,1
pcam_134884,./ml_datasets/images/pcam_134884.jpg,1
pcam_134885,./ml_datasets/images/pcam_134885.jpg,1
pcam_134886,./ml_datasets/images/pcam_134886.jpg,1
pcam_134887,./ml_datasets/images/pcam_134887.jpg,1
pcam_134888,./ml_datasets/images/pcam_134888.jpg,1
pcam_134889,./ml_datasets/images/pcam_134889.jpg,1
pcam_134890,./ml_datasets/images/pcam_134890.jpg,1
pcam_134891,./ml_datasets/images/pcam_134891.jpg,1
pcam_134892,./ml_datasets/images/pcam_134892.jpg,1
pcam_134893,./ml_datasets/images/pcam_134893.jpg,1
pcam_134894,./ml_datasets/images/pcam_134894.jpg,1
pcam_134895,./ml_datasets/images/pcam_134895.jpg,1
pcam_134896,./ml_datasets/images/pcam_134896.jpg,1
pcam_134897,./ml_datasets/images/pcam_134897.jpg,1
pcam_134898,./ml_datasets/images/pcam_134898.jpg,1
pcam_134899,./ml_datasets/images/pcam_134899.jpg,1
pcam_134900,./ml_datasets/images/pcam_134900.jpg,1
pcam_134901,./ml_datasets/images/pcam_134901.jpg,1
pcam_134902,./ml_datasets/images/pcam_134902.jpg,1
pcam_134903,./ml_datasets/images/pcam_134903.jpg,1
pcam_134904,./ml_datasets/images/pcam_134904.jpg,1
pcam_134905,./ml_datasets/images/pcam_134905.jpg,1
pcam_134906,./ml_datasets/images/pcam_134906.jpg,1
pcam_134907,./ml_datasets/images/pcam_134907.jpg,1
pcam_134908,./ml_datasets/images/pcam_134908.jpg,1
pcam_134909,./ml_datasets/images/pcam_134909.jpg,1
pcam_134910,./ml_datasets/images/pcam_134910.jpg,1
pcam_134911,./ml_datasets/images/pcam_134911.jpg,1
pcam_134912,./ml_datasets/images/pcam_134912.jpg,1
pcam_134913,./ml_datasets/images/pcam_134913.jpg,1
pcam_134914,./ml_datasets/images/pcam_134914.jpg,1
pcam_134915,./ml_datasets/images/pcam_134915.jpg,1
pcam_134916,./ml_datasets/images/pcam_134916.jpg,1
pcam_134917,./ml_datasets/images/pcam_134917.jpg,1
pcam_134918,./ml_datasets/images/pcam_134918.jpg,1
pcam_134919,./ml_datasets/images/pcam_134919.jpg,1
pcam_134920,./ml_datasets/images/pcam_134920.jpg,1
pcam_134921,./ml_datasets/images/pcam_134921.jpg,1
pcam_134922,./ml_datasets/images/pcam_134922.jpg,1
pcam_134923,./ml_datasets/images/pcam_134923.jpg,1
pcam_134924,./ml_datasets/images/pcam_134924.jpg,1
pcam_134925,./ml_datasets/images/pcam_134925.jpg,1
pcam_134926,./ml_datasets/images/pcam_134926.jpg,1
pcam_134927,./ml_datasets/images/pcam_134927.jpg,1
pcam_134928,./ml_datasets/images/pcam_134928.jpg,1
pcam_134929,./ml_datasets/images/pcam_134929.jpg,1
pcam_134930,./ml_datasets/images/pcam_134930.jpg,1
pcam_134931,./ml_datasets/images/pcam_134931.jpg,1
pcam_134932,./ml_datasets/images/pcam_134932.jpg,1
pcam_134933,./ml_datasets/images/pcam_134933.jpg,1
pcam_134934,./ml_datasets/images/pcam_134934.jpg,1
pcam_134935,./ml_datasets/images/pcam_134935.jpg,1
pcam_134936,./ml_datasets/images/pcam_134936.jpg,1
pcam_134937,./ml_datasets/images/pcam_134937.jpg,1
pcam_134938,./ml_datasets/images/pcam_134938.jpg,1
pcam_134939,./ml_datasets/images/pcam_134939.jpg,1
pcam_134940,./ml_datasets/images/pcam_134940.jpg,1
pcam_134941,./ml_datasets/images/pcam_134941.jpg,1
pcam_134942,./ml_datasets/images/pcam_134942.jpg,1
pcam_134943,./ml_datasets/images/pcam_134943.jpg,1
pcam_134944,./ml_datasets/images/pcam_134944.jpg,1
pcam_134945,./ml_datasets/images/pcam_134945.jpg,1
pcam_134946,./ml_datasets/images/pcam_134946.jpg,1
pcam_134947,./ml_datasets/images/pcam_134947.jpg,1
pcam_134948,./ml_datasets/images/pcam_134948.jpg,1
pcam_134949,./ml_datasets/images/pcam_134949.jpg,1
pcam_134950,./ml_datasets/images/pcam_134950.jpg,1
pcam_134951,./ml_datasets/images/pcam_134951.jpg,1
pcam_134952,./ml_datasets/images/pcam_134952.jpg,1
pcam_134953,./ml_datasets/images/pcam_134953.jpg,1
pcam_134954,./ml_datasets/images/pcam_134954.jpg,1
pcam_134955,./ml_datasets/images/pcam_134955.jpg,1
pcam_134956,./ml_datasets/images/pcam_134956.jpg,1
pcam_134957,./ml_datasets/images/pcam_134957.jpg,1
pcam_134958,./ml_datasets/images/pcam_134958.jpg,1
pcam_134959,./ml_datasets/images/pcam_134959.jpg,1
pcam_134960,./ml_datasets/images/pcam_134960.jpg,1
pcam_134961,./ml_datasets/images/pcam_134961.jpg,1
pcam_134962,./ml_datasets/images/pcam_134962.jpg,1
pcam_134963,./ml_datasets/images/pcam_134963.jpg,1
pcam_134964,./ml_datasets/images/pcam_134964.jpg,1
pcam_134965,./ml_datasets/images/pcam_134965.jpg,1
pcam_134966,./ml_datasets/images/pcam_134966.jpg,1
pcam_134967,./ml_datasets/images/pcam_134967.jpg,1
pcam_134968,./ml_datasets/images/pcam_134968.jpg,1
pcam_134969,./ml_datasets/images/pcam_134969.jpg,1
pcam_134970,./ml_datasets/images/pcam_134970.jpg,1
pcam_134971,./ml_datasets/images/pcam_134971.jpg,1
pcam_134972,./ml_datasets/images/pcam_134972.jpg,1
pcam_134973,./ml_datasets/images/pcam_134973.jpg,1
pcam_134974,./ml_datasets/images/pcam_134974.jpg,1
pcam_134975,./ml_datasets/images/pcam_134975.jpg,1
pcam_134976,./ml_datasets/images/pcam_134976.jpg,1
pcam_134977,./ml_datasets/images/pcam_134977.jpg,1
pcam_134978,./ml_datasets/images/pcam_134978.jpg,1
pcam_134979,./ml_datasets/images/pcam_134979.jpg,1
pcam_134980,./ml_datasets/images/pcam_134980.jpg,1
pcam_134981,./ml_datasets/images/pcam_134981.jpg,1
pcam_134982,./ml_datasets/images/pcam_134982.jpg,1
pcam_134983,./ml_datasets/images/pcam_134983.jpg,1
pcam_134984,./ml_datasets/images/pcam_134984.jpg,1
pcam_134985,./ml_datasets/images/pcam_134985.jpg,1
pcam_134986,./ml_datasets/images/pcam_134986.jpg,1
pcam_134987,./ml_datasets/images/pcam_134987.jpg,1
pcam_134988,./ml_datasets/images/pcam_134988.jpg,1
pcam_134989,./ml_datasets/images/pcam_134989.jpg,1
pcam_134990,./ml_datasets/images/pcam_134990.jpg,1
pcam_134991,./ml_datasets/images/pcam_134991.jpg,1
pcam_134992,./ml_datasets/images/pcam_134992.jpg,1
pcam_134993,./ml_datasets/images/pcam_134993.jpg,1
pcam_134994,./ml_datasets/images/pcam_134994.jpg,1
pcam_134995,./ml_datasets/images/pcam_134995.jpg,1
pcam_134996,./ml_datasets/images/pcam_134996.jpg,1
pcam_134997,./ml_datasets/images/pcam_134997.jpg,1
pcam_134998,./ml_datasets/images/pcam_134998.jpg,1
pcam_134999,./ml_datasets/images/pcam_134999.jpg,1
pcam_135000,./ml_datasets/images/pcam_135000.jpg,1
pcam_135001,./ml_datasets/images/pcam_135001.jpg,1
pcam_135002,./ml_datasets/images/pcam_135002.jpg,1
pcam_135003,./ml_datasets/images/pcam_135003.jpg,1
pcam_135004,./ml_datasets/images/pcam_135004.jpg,1
pcam_135005,./ml_datasets/images/pcam_135005.jpg,1
pcam_135006,./ml_datasets/images/pcam_135006.jpg,1
pcam_135007,./ml_datasets/images/pcam_135007.jpg,1
pcam_135008,./ml_datasets/images/pcam_135008.jpg,1
pcam_135009,./ml_datasets/images/pcam_135009.jpg,1
pcam_135010,./ml_datasets/images/pcam_135010.jpg,1
pcam_135011,./ml_datasets/images/pcam_135011.jpg,1
pcam_135012,./ml_datasets/images/pcam_135012.jpg,1
pcam_135013,./ml_datasets/images/pcam_135013.jpg,1
pcam_135014,./ml_datasets/images/pcam_135014.jpg,1
pcam_135015,./ml_datasets/images/pcam_135015.jpg,1
pcam_135016,./ml_datasets/images/pcam_135016.jpg,1
pcam_135017,./ml_datasets/images/pcam_135017.jpg,1
pcam_135018,./ml_datasets/images/pcam_135018.jpg,1
pcam_135019,./ml_datasets/images/pcam_135019.jpg,1
pcam_135020,./ml_datasets/images/pcam_135020.jpg,1
pcam_135021,./ml_datasets/images/pcam_135021.jpg,1
pcam_135022,./ml_datasets/images/pcam_135022.jpg,1
pcam_135023,./ml_datasets/images/pcam_135023.jpg,1
pcam_135024,./ml_datasets/images/pcam_135024.jpg,1
pcam_135025,./ml_datasets/images/pcam_135025.jpg,1
pcam_135026,./ml_datasets/images/pcam_135026.jpg,1
pcam_135027,./ml_datasets/images/pcam_135027.jpg,1
pcam_135028,./ml_datasets/images/pcam_135028.jpg,1
pcam_135029,./ml_datasets/images/pcam_135029.jpg,1
pcam_135030,./ml_datasets/images/pcam_135030.jpg,1
pcam_135031,./ml_datasets/images/pcam_135031.jpg,1
pcam_135032,./ml_datasets/images/pcam_135032.jpg,1
pcam_135033,./ml_datasets/images/pcam_135033.jpg,1
pcam_135034,./ml_datasets/images/pcam_135034.jpg,1
pcam_135035,./ml_datasets/images/pcam_135035.jpg,1
pcam_135036,./ml_datasets/images/pcam_135036.jpg,1
pcam_135037,./ml_datasets/images/pcam_135037.jpg,1
pcam_135038,./ml_datasets/images/pcam_135038.jpg,1
pcam_135039,./ml_datasets/images/pcam_135039.jpg,1
pcam_135040,./ml_datasets/images/pcam_135040.jpg,1
pcam_135041,./ml_datasets/images/pcam_135041.jpg,1
pcam_135042,./ml_datasets/images/pcam_135042.jpg,1
pcam_135043,./ml_datasets/images/pcam_135043.jpg,1
pcam_135044,./ml_datasets/images/pcam_135044.jpg,1
pcam_135045,./ml_datasets/images/pcam_135045.jpg,1
pcam_135046,./ml_datasets/images/pcam_135046.jpg,1
pcam_135047,./ml_datasets/images/pcam_135047.jpg,1
pcam_135048,./ml_datasets/images/pcam_135048.jpg,1
pcam_135049,./ml_datasets/images/pcam_135049.jpg,1
pcam_135050,./ml_datasets/images/pcam_135050.jpg,1
pcam_135051,./ml_datasets/images/pcam_135051.jpg,1
pcam_135052,./ml_datasets/images/pcam_135052.jpg,1
pcam_135053,./ml_datasets/images/pcam_135053.jpg,1
pcam_135054,./ml_datasets/images/pcam_135054.jpg,1
pcam_135055,./ml_datasets/images/pcam_135055.jpg,1
pcam_135056,./ml_datasets/images/pcam_135056.jpg,1
pcam_135057,./ml_datasets/images/pcam_135057.jpg,1
pcam_135058,./ml_datasets/images/pcam_135058.jpg,1
pcam_135059,./ml_datasets/images/pcam_135059.jpg,1
pcam_135060,./ml_datasets/images/pcam_135060.jpg,1
pcam_135061,./ml_datasets/images/pcam_135061.jpg,1
pcam_135062,./ml_datasets/images/pcam_135062.jpg,1
pcam_135063,./ml_datasets/images/pcam_135063.jpg,1
pcam_135064,./ml_datasets/images/pcam_135064.jpg,1
pcam_135065,./ml_datasets/images/pcam_135065.jpg,1
pcam_135066,./ml_datasets/images/pcam_135066.jpg,1
pcam_135067,./ml_datasets/images/pcam_135067.jpg,1
pcam_135068,./ml_datasets/images/pcam_135068.jpg,1
pcam_135069,./ml_datasets/images/pcam_135069.jpg,1
pcam_135070,./ml_datasets/images/pcam_135070.jpg,1
pcam_135071,./ml_datasets/images/pcam_135071.jpg,1
pcam_135072,./ml_datasets/images/pcam_135072.jpg,1
pcam_135073,./ml_datasets/images/pcam_135073.jpg,1
pcam_135074,./ml_datasets/images/pcam_135074.jpg,1
pcam_135075,./ml_datasets/images/pcam_135075.jpg,1
pcam_135076,./ml_datasets/images/pcam_135076.jpg,1
pcam_135077,./ml_datasets/images/pcam_135077.jpg,1
pcam_135078,./ml_datasets/images/pcam_135078.jpg,1
pcam_135079,./ml_datasets/images/pcam_135079.jpg,1
pcam_135080,./ml_datasets/images/pcam_135080.jpg,1
pcam_135081,./ml_datasets/images/pcam_135081.jpg,1
pcam_135082,./ml_datasets/images/pcam_135082.jpg,1
pcam_135083,./ml_datasets/images/pcam_135083.jpg,1
pcam_135084,./ml_datasets/images/pcam_135084.jpg,1
pcam_135085,./ml_datasets/images/pcam_135085.jpg,1
pcam_135086,./ml_datasets/images/pcam_135086.jpg,1
pcam_135087,./ml_datasets/images/pcam_135087.jpg,1
pcam_135088,./ml_datasets/images/pcam_135088.jpg,1
pcam_135089,./ml_datasets/images/pcam_135089.jpg,1
pcam_135090,./ml_datasets/images/pcam_135090.jpg,1
pcam_135091,./ml_datasets/images/pcam_135091.jpg,1
pcam_135092,./ml_datasets/images/pcam_135092.jpg,1
pcam_135093,./ml_datasets/images/pcam_135093.jpg,1
pcam_135094,./ml_datasets/images/pcam_135094.jpg,1
pcam_135095,./ml_datasets/images/pcam_135095.jpg,1
pcam_135096,./ml_datasets/images/pcam_135096.jpg,1
pcam_135097,./ml_datasets/images/pcam_135097.jpg,1
pcam_135098,./ml_datasets/images/pcam_135098.jpg,1
pcam_135099,./ml_datasets/images/pcam_135099.jpg,1
pcam_135100,./ml_datasets/images/pcam_135100.jpg,1
pcam_135101,./ml_datasets/images/pcam_135101.jpg,1
pcam_135102,./ml_datasets/images/pcam_135102.jpg,1
pcam_135103,./ml_datasets/images/pcam_135103.jpg,1
pcam_135104,./ml_datasets/images/pcam_135104.jpg,1
pcam_135105,./ml_datasets/images/pcam_135105.jpg,1
pcam_135106,./ml_datasets/images/pcam_135106.jpg,1
pcam_135107,./ml_datasets/images/pcam_135107.jpg,1
pcam_135108,./ml_datasets/images/pcam_135108.jpg,1
pcam_135109,./ml_datasets/images/pcam_135109.jpg,1
pcam_135110,./ml_datasets/images/pcam_135110.jpg,1
pcam_135111,./ml_datasets/images/pcam_135111.jpg,1
pcam_135112,./ml_datasets/images/pcam_135112.jpg,1
pcam_135113,./ml_datasets/images/pcam_135113.jpg,1
pcam_135114,./ml_datasets/images/pcam_135114.jpg,1
pcam_135115,./ml_datasets/images/pcam_135115.jpg,1
pcam_135116,./ml_datasets/images/pcam_135116.jpg,1
pcam_135117,./ml_datasets/images/pcam_135117.jpg,1
pcam_135118,./ml_datasets/images/pcam_135118.jpg,1
pcam_135119,./ml_datasets/images/pcam_135119.jpg,1
pcam_135120,./ml_datasets/images/pcam_135120.jpg,1
pcam_135121,./ml_datasets/images/pcam_135121.jpg,1
pcam_135122,./ml_datasets/images/pcam_135122.jpg,1
pcam_135123,./ml_datasets/images/pcam_135123.jpg,1
pcam_135124,./ml_datasets/images/pcam_135124.jpg,1
pcam_135125,./ml_datasets/images/pcam_135125.jpg,1
pcam_135126,./ml_datasets/images/pcam_135126.jpg,1
pcam_135127,./ml_datasets/images/pcam_135127.jpg,1
pcam_135128,./ml_datasets/images/pcam_135128.jpg,1
pcam_135129,./ml_datasets/images/pcam_135129.jpg,1
pcam_135130,./ml_datasets/images/pcam_135130.jpg,1
pcam_135131,./ml_datasets/images/pcam_135131.jpg,1
pcam_135132,./ml_datasets/images/pcam_135132.jpg,1
pcam_135133,./ml_datasets/images/pcam_135133.jpg,1
pcam_135134,./ml_datasets/images/pcam_135134.jpg,1
pcam_135135,./ml_datasets/images/pcam_135135.jpg,1
pcam_135136,./ml_datasets/images/pcam_135136.jpg,1
pcam_135137,./ml_datasets/images/pcam_135137.jpg,1
pcam_135138,./ml_datasets/images/pcam_135138.jpg,1
pcam_135139,./ml_datasets/images/pcam_135139.jpg,1
pcam_135140,./ml_datasets/images/pcam_135140.jpg,1
pcam_135141,./ml_datasets/images/pcam_135141.jpg,1
pcam_135142,./ml_datasets/images/pcam_135142.jpg,1
pcam_135143,./ml_datasets/images/pcam_135143.jpg,1
pcam_135144,./ml_datasets/images/pcam_135144.jpg,1
pcam_135145,./ml_datasets/images/pcam_135145.jpg,1
pcam_135146,./ml_datasets/images/pcam_135146.jpg,1
pcam_135147,./ml_datasets/images/pcam_135147.jpg,1
pcam_135148,./ml_datasets/images/pcam_135148.jpg,1
pcam_135149,./ml_datasets/images/pcam_135149.jpg,1
pcam_135150,./ml_datasets/images/pcam_135150.jpg,1
pcam_135151,./ml_datasets/images/pcam_135151.jpg,1
pcam_135152,./ml_datasets/images/pcam_135152.jpg,1
pcam_135153,./ml_datasets/images/pcam_135153.jpg,1
pcam_135154,./ml_datasets/images/pcam_135154.jpg,1
pcam_135155,./ml_datasets/images/pcam_135155.jpg,1
pcam_135156,./ml_datasets/images/pcam_135156.jpg,1
pcam_135157,./ml_datasets/images/pcam_135157.jpg,1
pcam_135158,./ml_datasets/images/pcam_135158.jpg,1
pcam_135159,./ml_datasets/images/pcam_135159.jpg,1
pcam_135160,./ml_datasets/images/pcam_135160.jpg,1
pcam_135161,./ml_datasets/images/pcam_135161.jpg,1
pcam_135162,./ml_datasets/images/pcam_135162.jpg,1
pcam_135163,./ml_datasets/images/pcam_135163.jpg,1
pcam_135164,./ml_datasets/images/pcam_135164.jpg,1
pcam_135165,./ml_datasets/images/pcam_135165.jpg,1
pcam_135166,./ml_datasets/images/pcam_135166.jpg,1
pcam_135167,./ml_datasets/images/pcam_135167.jpg,1
pcam_135168,./ml_datasets/images/pcam_135168.jpg,1
pcam_135169,./ml_datasets/images/pcam_135169.jpg,1
pcam_135170,./ml_datasets/images/pcam_135170.jpg,1
pcam_135171,./ml_datasets/images/pcam_135171.jpg,1
pcam_135172,./ml_datasets/images/pcam_135172.jpg,1
pcam_135173,./ml_datasets/images/pcam_135173.jpg,1
pcam_135174,./ml_datasets/images/pcam_135174.jpg,1
pcam_135175,./ml_datasets/images/pcam_135175.jpg,1
pcam_135176,./ml_datasets/images/pcam_135176.jpg,1
pcam_135177,./ml_datasets/images/pcam_135177.jpg,1
pcam_135178,./ml_datasets/images/pcam_135178.jpg,1
pcam_135179,./ml_datasets/images/pcam_135179.jpg,1
pcam_135180,./ml_datasets/images/pcam_135180.jpg,1
pcam_135181,./ml_datasets/images/pcam_135181.jpg,1
pcam_135182,./ml_datasets/images/pcam_135182.jpg,1
pcam_135183,./ml_datasets/images/pcam_135183.jpg,1
pcam_135184,./ml_datasets/images/pcam_135184.jpg,1
pcam_135185,./ml_datasets/images/pcam_135185.jpg,1
pcam_135186,./ml_datasets/images/pcam_135186.jpg,1
pcam_135187,./ml_datasets/images/pcam_135187.jpg,1
pcam_135188,./ml_datasets/images/pcam_135188.jpg,1
pcam_135189,./ml_datasets/images/pcam_135189.jpg,1
pcam_135190,./ml_datasets/images/pcam_135190.jpg,1
pcam_135191,./ml_datasets/images/pcam_135191.jpg,1
pcam_135192,./ml_datasets/images/pcam_135192.jpg,1
pcam_135193,./ml_datasets/images/pcam_135193.jpg,1
pcam_135194,./ml_datasets/images/pcam_135194.jpg,1
pcam_135195,./ml_datasets/images/pcam_135195.jpg,1
pcam_135196,./ml_datasets/images/pcam_135196.jpg,1
pcam_135197,./ml_datasets/images/pcam_135197.jpg,1
pcam_135198,./ml_datasets/images/pcam_135198.jpg,1
pcam_135199,./ml_datasets/images/pcam_135199.jpg,1
pcam_135200,./ml_datasets/images/pcam_135200.jpg,1
pcam_135201,./ml_datasets/images/pcam_135201.jpg,1
pcam_135202,./ml_datasets/images/pcam_135202.jpg,1
pcam_135203,./ml_datasets/images/pcam_135203.jpg,1
pcam_135204,./ml_datasets/images/pcam_135204.jpg,1
pcam_135205,./ml_datasets/images/pcam_135205.jpg,1
pcam_135206,./ml_datasets/images/pcam_135206.jpg,1
pcam_135207,./ml_datasets/images/pcam_135207.jpg,1
pcam_135208,./ml_datasets/images/pcam_135208.jpg,1
pcam_135209,./ml_datasets/images/pcam_135209.jpg,1
pcam_135210,./ml_datasets/images/pcam_135210.jpg,1
pcam_135211,./ml_datasets/images/pcam_135211.jpg,1
pcam_135212,./ml_datasets/images/pcam_135212.jpg,1
pcam_135213,./ml_datasets/images/pcam_135213.jpg,1
pcam_135214,./ml_datasets/images/pcam_135214.jpg,1
pcam_135215,./ml_datasets/images/pcam_135215.jpg,1
pcam_135216,./ml_datasets/images/pcam_135216.jpg,1
pcam_135217,./ml_datasets/images/pcam_135217.jpg,1
pcam_135218,./ml_datasets/images/pcam_135218.jpg,1
pcam_135219,./ml_datasets/images/pcam_135219.jpg,1
pcam_135220,./ml_datasets/images/pcam_135220.jpg,1
pcam_135221,./ml_datasets/images/pcam_135221.jpg,1
pcam_135222,./ml_datasets/images/pcam_135222.jpg,1
pcam_135223,./ml_datasets/images/pcam_135223.jpg,1
pcam_135224,./ml_datasets/images/pcam_135224.jpg,1
pcam_135225,./ml_datasets/images/pcam_135225.jpg,1
pcam_135226,./ml_datasets/images/pcam_135226.jpg,1
pcam_135227,./ml_datasets/images/pcam_135227.jpg,1
pcam_135228,./ml_datasets/images/pcam_135228.jpg,1
pcam_135229,./ml_datasets/images/pcam_135229.jpg,1
pcam_135230,./ml_datasets/images/pcam_135230.jpg,1
pcam_135231,./ml_datasets/images/pcam_135231.jpg,1
pcam_135232,./ml_datasets/images/pcam_135232.jpg,1
pcam_135233,./ml_datasets/images/pcam_135233.jpg,1
pcam_135234,./ml_datasets/images/pcam_135234.jpg,1
pcam_135235,./ml_datasets/images/pcam_135235.jpg,1
pcam_135236,./ml_datasets/images/pcam_135236.jpg,1
pcam_135237,./ml_datasets/images/pcam_135237.jpg,1
pcam_135238,./ml_datasets/images/pcam_135238.jpg,1
pcam_135239,./ml_datasets/images/pcam_135239.jpg,1
pcam_135240,./ml_datasets/images/pcam_135240.jpg,1
pcam_135241,./ml_datasets/images/pcam_135241.jpg,1
pcam_135242,./ml_datasets/images/pcam_135242.jpg,1
pcam_135243,./ml_datasets/images/pcam_135243.jpg,1
pcam_135244,./ml_datasets/images/pcam_135244.jpg,1
pcam_135245,./ml_datasets/images/pcam_135245.jpg,1
pcam_135246,./ml_datasets/images/pcam_135246.jpg,1
pcam_135247,./ml_datasets/images/pcam_135247.jpg,1
pcam_135248,./ml_datasets/images/pcam_135248.jpg,1
pcam_135249,./ml_datasets/images/pcam_135249.jpg,1
pcam_135250,./ml_datasets/images/pcam_135250.jpg,1
pcam_135251,./ml_datasets/images/pcam_135251.jpg,1
pcam_135252,./ml_datasets/images/pcam_135252.jpg,1
pcam_135253,./ml_datasets/images/pcam_135253.jpg,1
pcam_135254,./ml_datasets/images/pcam_135254.jpg,1
pcam_135255,./ml_datasets/images/pcam_135255.jpg,1
pcam_135256,./ml_datasets/images/pcam_135256.jpg,1
pcam_135257,./ml_datasets/images/pcam_135257.jpg,1
pcam_135258,./ml_datasets/images/pcam_135258.jpg,1
pcam_135259,./ml_datasets/images/pcam_135259.jpg,1
pcam_135260,./ml_datasets/images/pcam_135260.jpg,1
pcam_135261,./ml_datasets/images/pcam_135261.jpg,1
pcam_135262,./ml_datasets/images/pcam_135262.jpg,1
pcam_135263,./ml_datasets/images/pcam_135263.jpg,1
pcam_135264,./ml_datasets/images/pcam_135264.jpg,1
pcam_135265,./ml_datasets/images/pcam_135265.jpg,1
pcam_135266,./ml_datasets/images/pcam_135266.jpg,1
pcam_135267,./ml_datasets/images/pcam_135267.jpg,1
pcam_135268,./ml_datasets/images/pcam_135268.jpg,1
pcam_135269,./ml_datasets/images/pcam_135269.jpg,1
pcam_135270,./ml_datasets/images/pcam_135270.jpg,1
pcam_135271,./ml_datasets/images/pcam_135271.jpg,1
pcam_135272,./ml_datasets/images/pcam_135272.jpg,1
pcam_135273,./ml_datasets/images/pcam_135273.jpg,1
pcam_135274,./ml_datasets/images/pcam_135274.jpg,1
pcam_135275,./ml_datasets/images/pcam_135275.jpg,1
pcam_135276,./ml_datasets/images/pcam_135276.jpg,1
pcam_135277,./ml_datasets/images/pcam_135277.jpg,1
pcam_135278,./ml_datasets/images/pcam_135278.jpg,1
pcam_135279,./ml_datasets/images/pcam_135279.jpg,1
pcam_135280,./ml_datasets/images/pcam_135280.jpg,1
pcam_135281,./ml_datasets/images/pcam_135281.jpg,1
pcam_135282,./ml_datasets/images/pcam_135282.jpg,1
pcam_135283,./ml_datasets/images/pcam_135283.jpg,1
pcam_135284,./ml_datasets/images/pcam_135284.jpg,1
pcam_135285,./ml_datasets/images/pcam_135285.jpg,1
pcam_135286,./ml_datasets/images/pcam_135286.jpg,1
pcam_135287,./ml_datasets/images/pcam_135287.jpg,1
pcam_135288,./ml_datasets/images/pcam_135288.jpg,1
pcam_135289,./ml_datasets/images/pcam_135289.jpg,1
pcam_135290,./ml_datasets/images/pcam_135290.jpg,1
pcam_135291,./ml_datasets/images/pcam_135291.jpg,1
pcam_135292,./ml_datasets/images/pcam_135292.jpg,1
pcam_135293,./ml_datasets/images/pcam_135293.jpg,1
pcam_135294,./ml_datasets/images/pcam_135294.jpg,1
pcam_135295,./ml_datasets/images/pcam_135295.jpg,1
pcam_135296,./ml_datasets/images/pcam_135296.jpg,1
pcam_135297,./ml_datasets/images/pcam_135297.jpg,1
pcam_135298,./ml_datasets/images/pcam_135298.jpg,1
pcam_135299,./ml_datasets/images/pcam_135299.jpg,1
pcam_135300,./ml_datasets/images/pcam_135300.jpg,1
pcam_135301,./ml_datasets/images/pcam_135301.jpg,1
pcam_135302,./ml_datasets/images/pcam_135302.jpg,1
pcam_135303,./ml_datasets/images/pcam_135303.jpg,1
pcam_135304,./ml_datasets/images/pcam_135304.jpg,1
pcam_135305,./ml_datasets/images/pcam_135305.jpg,1
pcam_135306,./ml_datasets/images/pcam_135306.jpg,1
pcam_135307,./ml_datasets/images/pcam_135307.jpg,1
pcam_135308,./ml_datasets/images/pcam_135308.jpg,1
pcam_135309,./ml_datasets/images/pcam_135309.jpg,1
pcam_135310,./ml_datasets/images/pcam_135310.jpg,1
pcam_135311,./ml_datasets/images/pcam_135311.jpg,1
pcam_135312,./ml_datasets/images/pcam_135312.jpg,1
pcam_135313,./ml_datasets/images/pcam_135313.jpg,1
pcam_135314,./ml_datasets/images/pcam_135314.jpg,1
pcam_135315,./ml_datasets/images/pcam_135315.jpg,1
pcam_135316,./ml_datasets/images/pcam_135316.jpg,1
pcam_135317,./ml_datasets/images/pcam_135317.jpg,1
pcam_135318,./ml_datasets/images/pcam_135318.jpg,1
pcam_135319,./ml_datasets/images/pcam_135319.jpg,1
pcam_135320,./ml_datasets/images/pcam_135320.jpg,1
pcam_135321,./ml_datasets/images/pcam_135321.jpg,1
pcam_135322,./ml_datasets/images/pcam_135322.jpg,1
pcam_135323,./ml_datasets/images/pcam_135323.jpg,1
pcam_135324,./ml_datasets/images/pcam_135324.jpg,1
pcam_135325,./ml_datasets/images/pcam_135325.jpg,1
pcam_135326,./ml_datasets/images/pcam_135326.jpg,1
pcam_135327,./ml_datasets/images/pcam_135327.jpg,1
pcam_135328,./ml_datasets/images/pcam_135328.jpg,1
pcam_135329,./ml_datasets/images/pcam_135329.jpg,1
pcam_135330,./ml_datasets/images/pcam_135330.jpg,1
pcam_135331,./ml_datasets/images/pcam_135331.jpg,1
pcam_135332,./ml_datasets/images/pcam_135332.jpg,1
pcam_135333,./ml_datasets/images/pcam_135333.jpg,1
pcam_135334,./ml_datasets/images/pcam_135334.jpg,1
pcam_135335,./ml_datasets/images/pcam_135335.jpg,1
pcam_135336,./ml_datasets/images/pcam_135336.jpg,1
pcam_135337,./ml_datasets/images/pcam_135337.jpg,1
pcam_135338,./ml_datasets/images/pcam_135338.jpg,1
pcam_135339,./ml_datasets/images/pcam_135339.jpg,1
pcam_135340,./ml_datasets/images/pcam_135340.jpg,1
pcam_135341,./ml_datasets/images/pcam_135341.jpg,1
pcam_135342,./ml_datasets/images/pcam_135342.jpg,1
pcam_135343,./ml_datasets/images/pcam_135343.jpg,1
pcam_135344,./ml_datasets/images/pcam_135344.jpg,1
pcam_135345,./ml_datasets/images/pcam_135345.jpg,1
pcam_135346,./ml_datasets/images/pcam_135346.jpg,1
pcam_135347,./ml_datasets/images/pcam_135347.jpg,1
pcam_135348,./ml_datasets/images/pcam_135348.jpg,1
pcam_135349,./ml_datasets/images/pcam_135349.jpg,1
pcam_135350,./ml_datasets/images/pcam_135350.jpg,1
pcam_135351,./ml_datasets/images/pcam_135351.jpg,1
pcam_135352,./ml_datasets/images/pcam_135352.jpg,1
pcam_135353,./ml_datasets/images/pcam_135353.jpg,1
pcam_135354,./ml_datasets/images/pcam_135354.jpg,1
pcam_135355,./ml_datasets/images/pcam_135355.jpg,1
pcam_135356,./ml_datasets/images/pcam_135356.jpg,1
pcam_135357,./ml_datasets/images/pcam_135357.jpg,1
pcam_135358,./ml_datasets/images/pcam_135358.jpg,1
pcam_135359,./ml_datasets/images/pcam_135359.jpg,1
pcam_135360,./ml_datasets/images/pcam_135360.jpg,1
pcam_135361,./ml_datasets/images/pcam_135361.jpg,1
pcam_135362,./ml_datasets/images/pcam_135362.jpg,1
pcam_135363,./ml_datasets/images/pcam_135363.jpg,1
pcam_135364,./ml_datasets/images/pcam_135364.jpg,1
pcam_135365,./ml_datasets/images/pcam_135365.jpg,1
pcam_135366,./ml_datasets/images/pcam_135366.jpg,1
pcam_135367,./ml_datasets/images/pcam_135367.jpg,1
pcam_135368,./ml_datasets/images/pcam_135368.jpg,1
pcam_135369,./ml_datasets/images/pcam_135369.jpg,1
pcam_135370,./ml_datasets/images/pcam_135370.jpg,1
pcam_135371,./ml_datasets/images/pcam_135371.jpg,1
pcam_135372,./ml_datasets/images/pcam_135372.jpg,1
pcam_135373,./ml_datasets/images/pcam_135373.jpg,1
pcam_135374,./ml_datasets/images/pcam_135374.jpg,1
pcam_135375,./ml_datasets/images/pcam_135375.jpg,1
pcam_135376,./ml_datasets/images/pcam_135376.jpg,1
pcam_135377,./ml_datasets/images/pcam_135377.jpg,1
pcam_135378,./ml_datasets/images/pcam_135378.jpg,1
pcam_135379,./ml_datasets/images/pcam_135379.jpg,1
pcam_135380,./ml_datasets/images/pcam_135380.jpg,1
pcam_135381,./ml_datasets/images/pcam_135381.jpg,1
pcam_135382,./ml_datasets/images/pcam_135382.jpg,1
pcam_135383,./ml_datasets/images/pcam_135383.jpg,1
pcam_135384,./ml_datasets/images/pcam_135384.jpg,1
pcam_135385,./ml_datasets/images/pcam_135385.jpg,1
pcam_135386,./ml_datasets/images/pcam_135386.jpg,1
pcam_135387,./ml_datasets/images/pcam_135387.jpg,1
pcam_135388,./ml_datasets/images/pcam_135388.jpg,1
pcam_135389,./ml_datasets/images/pcam_135389.jpg,1
pcam_135390,./ml_datasets/images/pcam_135390.jpg,1
pcam_135391,./ml_datasets/images/pcam_135391.jpg,1
pcam_135392,./ml_datasets/images/pcam_135392.jpg,1
pcam_135393,./ml_datasets/images/pcam_135393.jpg,1
pcam_135394,./ml_datasets/images/pcam_135394.jpg,1
pcam_135395,./ml_datasets/images/pcam_135395.jpg,1
pcam_135396,./ml_datasets/images/pcam_135396.jpg,1
pcam_135397,./ml_datasets/images/pcam_135397.jpg,1
pcam_135398,./ml_datasets/images/pcam_135398.jpg,1
pcam_135399,./ml_datasets/images/pcam_135399.jpg,1
pcam_135400,./ml_datasets/images/pcam_135400.jpg,1
pcam_135401,./ml_datasets/images/pcam_135401.jpg,1
pcam_135402,./ml_datasets/images/pcam_135402.jpg,1
pcam_135403,./ml_datasets/images/pcam_135403.jpg,1
pcam_135404,./ml_datasets/images/pcam_135404.jpg,1
pcam_135405,./ml_datasets/images/pcam_135405.jpg,1
pcam_135406,./ml_datasets/images/pcam_135406.jpg,1
pcam_135407,./ml_datasets/images/pcam_135407.jpg,1
pcam_135408,./ml_datasets/images/pcam_135408.jpg,1
pcam_135409,./ml_datasets/images/pcam_135409.jpg,1
pcam_135410,./ml_datasets/images/pcam_135410.jpg,1
pcam_135411,./ml_datasets/images/pcam_135411.jpg,1
pcam_135412,./ml_datasets/images/pcam_135412.jpg,1
pcam_135413,./ml_datasets/images/pcam_135413.jpg,1
pcam_135414,./ml_datasets/images/pcam_135414.jpg,1
pcam_135415,./ml_datasets/images/pcam_135415.jpg,1
pcam_135416,./ml_datasets/images/pcam_135416.jpg,1
pcam_135417,./ml_datasets/images/pcam_135417.jpg,1
pcam_135418,./ml_datasets/images/pcam_135418.jpg,1
pcam_135419,./ml_datasets/images/pcam_135419.jpg,1
pcam_135420,./ml_datasets/images/pcam_135420.jpg,1
pcam_135421,./ml_datasets/images/pcam_135421.jpg,1
pcam_135422,./ml_datasets/images/pcam_135422.jpg,1
pcam_135423,./ml_datasets/images/pcam_135423.jpg,1
pcam_135424,./ml_datasets/images/pcam_135424.jpg,1
pcam_135425,./ml_datasets/images/pcam_135425.jpg,1
pcam_135426,./ml_datasets/images/pcam_135426.jpg,1
pcam_135427,./ml_datasets/images/pcam_135427.jpg,1
pcam_135428,./ml_datasets/images/pcam_135428.jpg,1
pcam_135429,./ml_datasets/images/pcam_135429.jpg,1
pcam_135430,./ml_datasets/images/pcam_135430.jpg,1
pcam_135431,./ml_datasets/images/pcam_135431.jpg,1
pcam_135432,./ml_datasets/images/pcam_135432.jpg,1
pcam_135433,./ml_datasets/images/pcam_135433.jpg,1
pcam_135434,./ml_datasets/images/pcam_135434.jpg,1
pcam_135435,./ml_datasets/images/pcam_135435.jpg,1
pcam_135436,./ml_datasets/images/pcam_135436.jpg,1
pcam_135437,./ml_datasets/images/pcam_135437.jpg,1
pcam_135438,./ml_datasets/images/pcam_135438.jpg,1
pcam_135439,./ml_datasets/images/pcam_135439.jpg,1
pcam_135440,./ml_datasets/images/pcam_135440.jpg,1
pcam_135441,./ml_datasets/images/pcam_135441.jpg,1
pcam_135442,./ml_datasets/images/pcam_135442.jpg,1
pcam_135443,./ml_datasets/images/pcam_135443.jpg,1
pcam_135444,./ml_datasets/images/pcam_135444.jpg,1
pcam_135445,./ml_datasets/images/pcam_135445.jpg,1
pcam_135446,./ml_datasets/images/pcam_135446.jpg,1
pcam_135447,./ml_datasets/images/pcam_135447.jpg,1
pcam_135448,./ml_datasets/images/pcam_135448.jpg,1
pcam_135449,./ml_datasets/images/pcam_135449.jpg,1
pcam_135450,./ml_datasets/images/pcam_135450.jpg,1
pcam_135451,./ml_datasets/images/pcam_135451.jpg,1
pcam_135452,./ml_datasets/images/pcam_135452.jpg,1
pcam_135453,./ml_datasets/images/pcam_135453.jpg,1
pcam_135454,./ml_datasets/images/pcam_135454.jpg,1
pcam_135455,./ml_datasets/images/pcam_135455.jpg,1
pcam_135456,./ml_datasets/images/pcam_135456.jpg,1
pcam_135457,./ml_datasets/images/pcam_135457.jpg,1
pcam_135458,./ml_datasets/images/pcam_135458.jpg,1
pcam_135459,./ml_datasets/images/pcam_135459.jpg,1
pcam_135460,./ml_datasets/images/pcam_135460.jpg,1
pcam_135461,./ml_datasets/images/pcam_135461.jpg,1
pcam_135462,./ml_datasets/images/pcam_135462.jpg,1
pcam_135463,./ml_datasets/images/pcam_135463.jpg,1
pcam_135464,./ml_datasets/images/pcam_135464.jpg,1
pcam_135465,./ml_datasets/images/pcam_135465.jpg,1
pcam_135466,./ml_datasets/images/pcam_135466.jpg,1
pcam_135467,./ml_datasets/images/pcam_135467.jpg,1
pcam_135468,./ml_datasets/images/pcam_135468.jpg,1
pcam_135469,./ml_datasets/images/pcam_135469.jpg,1
pcam_135470,./ml_datasets/images/pcam_135470.jpg,1
pcam_135471,./ml_datasets/images/pcam_135471.jpg,1
pcam_135472,./ml_datasets/images/pcam_135472.jpg,1
pcam_135473,./ml_datasets/images/pcam_135473.jpg,1
pcam_135474,./ml_datasets/images/pcam_135474.jpg,1
pcam_135475,./ml_datasets/images/pcam_135475.jpg,1
pcam_135476,./ml_datasets/images/pcam_135476.jpg,1
pcam_135477,./ml_datasets/images/pcam_135477.jpg,1
pcam_135478,./ml_datasets/images/pcam_135478.jpg,1
pcam_135479,./ml_datasets/images/pcam_135479.jpg,1
pcam_135480,./ml_datasets/images/pcam_135480.jpg,1
pcam_135481,./ml_datasets/images/pcam_135481.jpg,1
pcam_135482,./ml_datasets/images/pcam_135482.jpg,1
pcam_135483,./ml_datasets/images/pcam_135483.jpg,1
pcam_135484,./ml_datasets/images/pcam_135484.jpg,1
pcam_135485,./ml_datasets/images/pcam_135485.jpg,1
pcam_135486,./ml_datasets/images/pcam_135486.jpg,1
pcam_135487,./ml_datasets/images/pcam_135487.jpg,1
pcam_135488,./ml_datasets/images/pcam_135488.jpg,1
pcam_135489,./ml_datasets/images/pcam_135489.jpg,1
pcam_135490,./ml_datasets/images/pcam_135490.jpg,1
pcam_135491,./ml_datasets/images/pcam_135491.jpg,1
pcam_135492,./ml_datasets/images/pcam_135492.jpg,1
pcam_135493,./ml_datasets/images/pcam_135493.jpg,1
pcam_135494,./ml_datasets/images/pcam_135494.jpg,1
pcam_135495,./ml_datasets/images/pcam_135495.jpg,1
pcam_135496,./ml_datasets/images/pcam_135496.jpg,1
pcam_135497,./ml_datasets/images/pcam_135497.jpg,1
pcam_135498,./ml_datasets/images/pcam_135498.jpg,1
pcam_135499,./ml_datasets/images/pcam_135499.jpg,1
pcam_135500,./ml_datasets/images/pcam_135500.jpg,1
pcam_135501,./ml_datasets/images/pcam_135501.jpg,1
pcam_135502,./ml_datasets/images/pcam_135502.jpg,1
pcam_135503,./ml_datasets/images/pcam_135503.jpg,1
pcam_135504,./ml_datasets/images/pcam_135504.jpg,1
pcam_135505,./ml_datasets/images/pcam_135505.jpg,1
pcam_135506,./ml_datasets/images/pcam_135506.jpg,1
pcam_135507,./ml_datasets/images/pcam_135507.jpg,1
pcam_135508,./ml_datasets/images/pcam_135508.jpg,1
pcam_135509,./ml_datasets/images/pcam_135509.jpg,1
pcam_135510,./ml_datasets/images/pcam_135510.jpg,1
pcam_135511,./ml_datasets/images/pcam_135511.jpg,1
pcam_135512,./ml_datasets/images/pcam_135512.jpg,1
pcam_135513,./ml_datasets/images/pcam_135513.jpg,1
pcam_135514,./ml_datasets/images/pcam_135514.jpg,1
pcam_135515,./ml_datasets/images/pcam_135515.jpg,1
pcam_135516,./ml_datasets/images/pcam_135516.jpg,1
pcam_135517,./ml_datasets/images/pcam_135517.jpg,1
pcam_135518,./ml_datasets/images/pcam_135518.jpg,1
pcam_135519,./ml_datasets/images/pcam_135519.jpg,1
pcam_135520,./ml_datasets/images/pcam_135520.jpg,1
pcam_135521,./ml_datasets/images/pcam_135521.jpg,1
pcam_135522,./ml_datasets/images/pcam_135522.jpg,1
pcam_135523,./ml_datasets/images/pcam_135523.jpg,1
pcam_135524,./ml_datasets/images/pcam_135524.jpg,1
pcam_135525,./ml_datasets/images/pcam_135525.jpg,1
pcam_135526,./ml_datasets/images/pcam_135526.jpg,1
pcam_135527,./ml_datasets/images/pcam_135527.jpg,1
pcam_135528,./ml_datasets/images/pcam_135528.jpg,1
pcam_135529,./ml_datasets/images/pcam_135529.jpg,1
pcam_135530,./ml_datasets/images/pcam_135530.jpg,1
pcam_135531,./ml_datasets/images/pcam_135531.jpg,1
pcam_135532,./ml_datasets/images/pcam_135532.jpg,1
pcam_135533,./ml_datasets/images/pcam_135533.jpg,1
pcam_135534,./ml_datasets/images/pcam_135534.jpg,1
pcam_135535,./ml_datasets/images/pcam_135535.jpg,1
pcam_135536,./ml_datasets/images/pcam_135536.jpg,1
pcam_135537,./ml_datasets/images/pcam_135537.jpg,1
pcam_135538,./ml_datasets/images/pcam_135538.jpg,1
pcam_135539,./ml_datasets/images/pcam_135539.jpg,1
pcam_135540,./ml_datasets/images/pcam_135540.jpg,1
pcam_135541,./ml_datasets/images/pcam_135541.jpg,1
pcam_135542,./ml_datasets/images/pcam_135542.jpg,1
pcam_135543,./ml_datasets/images/pcam_135543.jpg,1
pcam_135544,./ml_datasets/images/pcam_135544.jpg,1
pcam_135545,./ml_datasets/images/pcam_135545.jpg,1
pcam_135546,./ml_datasets/images/pcam_135546.jpg,1
pcam_135547,./ml_datasets/images/pcam_135547.jpg,1
pcam_135548,./ml_datasets/images/pcam_135548.jpg,1
pcam_135549,./ml_datasets/images/pcam_135549.jpg,1
pcam_135550,./ml_datasets/images/pcam_135550.jpg,1
pcam_135551,./ml_datasets/images/pcam_135551.jpg,1
pcam_135552,./ml_datasets/images/pcam_135552.jpg,1
pcam_135553,./ml_datasets/images/pcam_135553.jpg,1
pcam_135554,./ml_datasets/images/pcam_135554.jpg,1
pcam_135555,./ml_datasets/images/pcam_135555.jpg,1
pcam_135556,./ml_datasets/images/pcam_135556.jpg,1
pcam_135557,./ml_datasets/images/pcam_135557.jpg,1
pcam_135558,./ml_datasets/images/pcam_135558.jpg,1
pcam_135559,./ml_datasets/images/pcam_135559.jpg,1
pcam_135560,./ml_datasets/images/pcam_135560.jpg,1
pcam_135561,./ml_datasets/images/pcam_135561.jpg,1
pcam_135562,./ml_datasets/images/pcam_135562.jpg,1
pcam_135563,./ml_datasets/images/pcam_135563.jpg,1
pcam_135564,./ml_datasets/images/pcam_135564.jpg,1
pcam_135565,./ml_datasets/images/pcam_135565.jpg,1
pcam_135566,./ml_datasets/images/pcam_135566.jpg,1
pcam_135567,./ml_datasets/images/pcam_135567.jpg,1
pcam_135568,./ml_datasets/images/pcam_135568.jpg,1
pcam_135569,./ml_datasets/images/pcam_135569.jpg,1
pcam_135570,./ml_datasets/images/pcam_135570.jpg,1
pcam_135571,./ml_datasets/images/pcam_135571.jpg,1
pcam_135572,./ml_datasets/images/pcam_135572.jpg,1
pcam_135573,./ml_datasets/images/pcam_135573.jpg,1
pcam_135574,./ml_datasets/images/pcam_135574.jpg,1
pcam_135575,./ml_datasets/images/pcam_135575.jpg,1
pcam_135576,./ml_datasets/images/pcam_135576.jpg,1
pcam_135577,./ml_datasets/images/pcam_135577.jpg,1
pcam_135578,./ml_datasets/images/pcam_135578.jpg,1
pcam_135579,./ml_datasets/images/pcam_135579.jpg,1
pcam_135580,./ml_datasets/images/pcam_135580.jpg,1
pcam_135581,./ml_datasets/images/pcam_135581.jpg,1
pcam_135582,./ml_datasets/images/pcam_135582.jpg,1
pcam_135583,./ml_datasets/images/pcam_135583.jpg,1
pcam_135584,./ml_datasets/images/pcam_135584.jpg,1
pcam_135585,./ml_datasets/images/pcam_135585.jpg,1
pcam_135586,./ml_datasets/images/pcam_135586.jpg,1
pcam_135587,./ml_datasets/images/pcam_135587.jpg,1
pcam_135588,./ml_datasets/images/pcam_135588.jpg,1
pcam_135589,./ml_datasets/images/pcam_135589.jpg,1
pcam_135590,./ml_datasets/images/pcam_135590.jpg,1
pcam_135591,./ml_datasets/images/pcam_135591.jpg,1
pcam_135592,./ml_datasets/images/pcam_135592.jpg,1
pcam_135593,./ml_datasets/images/pcam_135593.jpg,1
pcam_135594,./ml_datasets/images/pcam_135594.jpg,1
pcam_135595,./ml_datasets/images/pcam_135595.jpg,1
pcam_135596,./ml_datasets/images/pcam_135596.jpg,1
pcam_135597,./ml_datasets/images/pcam_135597.jpg,1
pcam_135598,./ml_datasets/images/pcam_135598.jpg,1
pcam_135599,./ml_datasets/images/pcam_135599.jpg,1
pcam_135600,./ml_datasets/images/pcam_135600.jpg,1
pcam_135601,./ml_datasets/images/pcam_135601.jpg,1
pcam_135602,./ml_datasets/images/pcam_135602.jpg,1
pcam_135603,./ml_datasets/images/pcam_135603.jpg,1
pcam_135604,./ml_datasets/images/pcam_135604.jpg,1
pcam_135605,./ml_datasets/images/pcam_135605.jpg,1
pcam_135606,./ml_datasets/images/pcam_135606.jpg,1
pcam_135607,./ml_datasets/images/pcam_135607.jpg,1
pcam_135608,./ml_datasets/images/pcam_135608.jpg,1
pcam_135609,./ml_datasets/images/pcam_135609.jpg,1
pcam_135610,./ml_datasets/images/pcam_135610.jpg,1
pcam_135611,./ml_datasets/images/pcam_135611.jpg,1
pcam_135612,./ml_datasets/images/pcam_135612.jpg,1
pcam_135613,./ml_datasets/images/pcam_135613.jpg,1
pcam_135614,./ml_datasets/images/pcam_135614.jpg,1
pcam_135615,./ml_datasets/images/pcam_135615.jpg,1
pcam_135616,./ml_datasets/images/pcam_135616.jpg,1
pcam_135617,./ml_datasets/images/pcam_135617.jpg,1
pcam_135618,./ml_datasets/images/pcam_135618.jpg,1
pcam_135619,./ml_datasets/images/pcam_135619.jpg,1
pcam_135620,./ml_datasets/images/pcam_135620.jpg,1
pcam_135621,./ml_datasets/images/pcam_135621.jpg,1
pcam_135622,./ml_datasets/images/pcam_135622.jpg,1
pcam_135623,./ml_datasets/images/pcam_135623.jpg,1
pcam_135624,./ml_datasets/images/pcam_135624.jpg,1
pcam_135625,./ml_datasets/images/pcam_135625.jpg,1
pcam_135626,./ml_datasets/images/pcam_135626.jpg,1
pcam_135627,./ml_datasets/images/pcam_135627.jpg,1
pcam_135628,./ml_datasets/images/pcam_135628.jpg,1
pcam_135629,./ml_datasets/images/pcam_135629.jpg,1
pcam_135630,./ml_datasets/images/pcam_135630.jpg,1
pcam_135631,./ml_datasets/images/pcam_135631.jpg,1
pcam_135632,./ml_datasets/images/pcam_135632.jpg,1
pcam_135633,./ml_datasets/images/pcam_135633.jpg,1
pcam_135634,./ml_datasets/images/pcam_135634.jpg,1
pcam_135635,./ml_datasets/images/pcam_135635.jpg,1
pcam_135636,./ml_datasets/images/pcam_135636.jpg,1
pcam_135637,./ml_datasets/images/pcam_135637.jpg,1
pcam_135638,./ml_datasets/images/pcam_135638.jpg,1
pcam_135639,./ml_datasets/images/pcam_135639.jpg,1
pcam_135640,./ml_datasets/images/pcam_135640.jpg,1
pcam_135641,./ml_datasets/images/pcam_135641.jpg,1
pcam_135642,./ml_datasets/images/pcam_135642.jpg,1
pcam_135643,./ml_datasets/images/pcam_135643.jpg,1
pcam_135644,./ml_datasets/images/pcam_135644.jpg,1
pcam_135645,./ml_datasets/images/pcam_135645.jpg,1
pcam_135646,./ml_datasets/images/pcam_135646.jpg,1
pcam_135647,./ml_datasets/images/pcam_135647.jpg,1
pcam_135648,./ml_datasets/images/pcam_135648.jpg,1
pcam_135649,./ml_datasets/images/pcam_135649.jpg,1
pcam_135650,./ml_datasets/images/pcam_135650.jpg,1
pcam_135651,./ml_datasets/images/pcam_135651.jpg,1
pcam_135652,./ml_datasets/images/pcam_135652.jpg,1
pcam_135653,./ml_datasets/images/pcam_135653.jpg,1
pcam_135654,./ml_datasets/images/pcam_135654.jpg,1
pcam_135655,./ml_datasets/images/pcam_135655.jpg,1
pcam_135656,./ml_datasets/images/pcam_135656.jpg,1
pcam_135657,./ml_datasets/images/pcam_135657.jpg,1
pcam_135658,./ml_datasets/images/pcam_135658.jpg,1
pcam_135659,./ml_datasets/images/pcam_135659.jpg,1
pcam_135660,./ml_datasets/images/pcam_135660.jpg,1
pcam_135661,./ml_datasets/images/pcam_135661.jpg,1
pcam_135662,./ml_datasets/images/pcam_135662.jpg,1
pcam_135663,./ml_datasets/images/pcam_135663.jpg,1
pcam_135664,./ml_datasets/images/pcam_135664.jpg,1
pcam_135665,./ml_datasets/images/pcam_135665.jpg,1
pcam_135666,./ml_datasets/images/pcam_135666.jpg,1
pcam_135667,./ml_datasets/images/pcam_135667.jpg,1
pcam_135668,./ml_datasets/images/pcam_135668.jpg,1
pcam_135669,./ml_datasets/images/pcam_135669.jpg,1
pcam_135670,./ml_datasets/images/pcam_135670.jpg,1
pcam_135671,./ml_datasets/images/pcam_135671.jpg,1
pcam_135672,./ml_datasets/images/pcam_135672.jpg,1
pcam_135673,./ml_datasets/images/pcam_135673.jpg,1
pcam_135674,./ml_datasets/images/pcam_135674.jpg,1
pcam_135675,./ml_datasets/images/pcam_135675.jpg,1
pcam_135676,./ml_datasets/images/pcam_135676.jpg,1
pcam_135677,./ml_datasets/images/pcam_135677.jpg,1
pcam_135678,./ml_datasets/images/pcam_135678.jpg,1
pcam_135679,./ml_datasets/images/pcam_135679.jpg,1
pcam_135680,./ml_datasets/images/pcam_135680.jpg,1
pcam_135681,./ml_datasets/images/pcam_135681.jpg,1
pcam_135682,./ml_datasets/images/pcam_135682.jpg,1
pcam_135683,./ml_datasets/images/pcam_135683.jpg,1
pcam_135684,./ml_datasets/images/pcam_135684.jpg,1
pcam_135685,./ml_datasets/images/pcam_135685.jpg,1
pcam_135686,./ml_datasets/images/pcam_135686.jpg,1
pcam_135687,./ml_datasets/images/pcam_135687.jpg,1
pcam_135688,./ml_datasets/images/pcam_135688.jpg,1
pcam_135689,./ml_datasets/images/pcam_135689.jpg,1
pcam_135690,./ml_datasets/images/pcam_135690.jpg,1
pcam_135691,./ml_datasets/images/pcam_135691.jpg,1
pcam_135692,./ml_datasets/images/pcam_135692.jpg,1
pcam_135693,./ml_datasets/images/pcam_135693.jpg,1
pcam_135694,./ml_datasets/images/pcam_135694.jpg,1
pcam_135695,./ml_datasets/images/pcam_135695.jpg,1
pcam_135696,./ml_datasets/images/pcam_135696.jpg,1
pcam_135697,./ml_datasets/images/pcam_135697.jpg,1
pcam_135698,./ml_datasets/images/pcam_135698.jpg,1
pcam_135699,./ml_datasets/images/pcam_135699.jpg,1
pcam_135700,./ml_datasets/images/pcam_135700.jpg,1
pcam_135701,./ml_datasets/images/pcam_135701.jpg,1
pcam_135702,./ml_datasets/images/pcam_135702.jpg,1
pcam_135703,./ml_datasets/images/pcam_135703.jpg,1
pcam_135704,./ml_datasets/images/pcam_135704.jpg,1
pcam_135705,./ml_datasets/images/pcam_135705.jpg,1
pcam_135706,./ml_datasets/images/pcam_135706.jpg,1
pcam_135707,./ml_datasets/images/pcam_135707.jpg,1
pcam_135708,./ml_datasets/images/pcam_135708.jpg,1
pcam_135709,./ml_datasets/images/pcam_135709.jpg,1
pcam_135710,./ml_datasets/images/pcam_135710.jpg,1
pcam_135711,./ml_datasets/images/pcam_135711.jpg,1
pcam_135712,./ml_datasets/images/pcam_135712.jpg,1
pcam_135713,./ml_datasets/images/pcam_135713.jpg,1
pcam_135714,./ml_datasets/images/pcam_135714.jpg,1
pcam_135715,./ml_datasets/images/pcam_135715.jpg,1
pcam_135716,./ml_datasets/images/pcam_135716.jpg,1
pcam_135717,./ml_datasets/images/pcam_135717.jpg,1
pcam_135718,./ml_datasets/images/pcam_135718.jpg,1
pcam_135719,./ml_datasets/images/pcam_135719.jpg,1
pcam_135720,./ml_datasets/images/pcam_135720.jpg,1
pcam_135721,./ml_datasets/images/pcam_135721.jpg,1
pcam_135722,./ml_datasets/images/pcam_135722.jpg,1
pcam_135723,./ml_datasets/images/pcam_135723.jpg,1
pcam_135724,./ml_datasets/images/pcam_135724.jpg,1
pcam_135725,./ml_datasets/images/pcam_135725.jpg,1
pcam_135726,./ml_datasets/images/pcam_135726.jpg,1
pcam_135727,./ml_datasets/images/pcam_135727.jpg,1
pcam_135728,./ml_datasets/images/pcam_135728.jpg,1
pcam_135729,./ml_datasets/images/pcam_135729.jpg,1
pcam_135730,./ml_datasets/images/pcam_135730.jpg,1
pcam_135731,./ml_datasets/images/pcam_135731.jpg,1
pcam_135732,./ml_datasets/images/pcam_135732.jpg,1
pcam_135733,./ml_datasets/images/pcam_135733.jpg,1
pcam_135734,./ml_datasets/images/pcam_135734.jpg,1
pcam_135735,./ml_datasets/images/pcam_135735.jpg,1
pcam_135736,./ml_datasets/images/pcam_135736.jpg,1
pcam_135737,./ml_datasets/images/pcam_135737.jpg,1
pcam_135738,./ml_datasets/images/pcam_135738.jpg,1
pcam_135739,./ml_datasets/images/pcam_135739.jpg,1
pcam_135740,./ml_datasets/images/pcam_135740.jpg,1
pcam_135741,./ml_datasets/images/pcam_135741.jpg,1
pcam_135742,./ml_datasets/images/pcam_135742.jpg,1
pcam_135743,./ml_datasets/images/pcam_135743.jpg,1
pcam_135744,./ml_datasets/images/pcam_135744.jpg,1
pcam_135745,./ml_datasets/images/pcam_135745.jpg,1
pcam_135746,./ml_datasets/images/pcam_135746.jpg,1
pcam_135747,./ml_datasets/images/pcam_135747.jpg,1
pcam_135748,./ml_datasets/images/pcam_135748.jpg,1
pcam_135749,./ml_datasets/images/pcam_135749.jpg,1
pcam_135750,./ml_datasets/images/pcam_135750.jpg,1
pcam_135751,./ml_datasets/images/pcam_135751.jpg,1
pcam_135752,./ml_datasets/images/pcam_135752.jpg,1
pcam_135753,./ml_datasets/images/pcam_135753.jpg,1
pcam_135754,./ml_datasets/images/pcam_135754.jpg,1
pcam_135755,./ml_datasets/images/pcam_135755.jpg,1
pcam_135756,./ml_datasets/images/pcam_135756.jpg,1
pcam_135757,./ml_datasets/images/pcam_135757.jpg,1
pcam_135758,./ml_datasets/images/pcam_135758.jpg,1
pcam_135759,./ml_datasets/images/pcam_135759.jpg,1
pcam_135760,./ml_datasets/images/pcam_135760.jpg,1
pcam_135761,./ml_datasets/images/pcam_135761.jpg,1
pcam_135762,./ml_datasets/images/pcam_135762.jpg,1
pcam_135763,./ml_datasets/images/pcam_135763.jpg,1
pcam_135764,./ml_datasets/images/pcam_135764.jpg,1
pcam_135765,./ml_datasets/images/pcam_135765.jpg,1
pcam_135766,./ml_datasets/images/pcam_135766.jpg,1
pcam_135767,./ml_datasets/images/pcam_135767.jpg,1
pcam_135768,./ml_datasets/images/pcam_135768.jpg,1
pcam_135769,./ml_datasets/images/pcam_135769.jpg,1
pcam_135770,./ml_datasets/images/pcam_135770.jpg,1
pcam_135771,./ml_datasets/images/pcam_135771.jpg,1
pcam_135772,./ml_datasets/images/pcam_135772.jpg,1
pcam_135773,./ml_datasets/images/pcam_135773.jpg,1
pcam_135774,./ml_datasets/images/pcam_135774.jpg,1
pcam_135775,./ml_datasets/images/pcam_135775.jpg,1
pcam_135776,./ml_datasets/images/pcam_135776.jpg,1
pcam_135777,./ml_datasets/images/pcam_135777.jpg,1
pcam_135778,./ml_datasets/images/pcam_135778.jpg,1
pcam_135779,./ml_datasets/images/pcam_135779.jpg,1
pcam_135780,./ml_datasets/images/pcam_135780.jpg,1
pcam_135781,./ml_datasets/images/pcam_135781.jpg,1
pcam_135782,./ml_datasets/images/pcam_135782.jpg,1
pcam_135783,./ml_datasets/images/pcam_135783.jpg,1
pcam_135784,./ml_datasets/images/pcam_135784.jpg,1
pcam_135785,./ml_datasets/images/pcam_135785.jpg,1
pcam_135786,./ml_datasets/images/pcam_135786.jpg,1
pcam_135787,./ml_datasets/images/pcam_135787.jpg,1
pcam_135788,./ml_datasets/images/pcam_135788.jpg,1
pcam_135789,./ml_datasets/images/pcam_135789.jpg,1
pcam_135790,./ml_datasets/images/pcam_135790.jpg,1
pcam_135791,./ml_datasets/images/pcam_135791.jpg,1
pcam_135792,./ml_datasets/images/pcam_135792.jpg,1
pcam_135793,./ml_datasets/images/pcam_135793.jpg,1
pcam_135794,./ml_datasets/images/pcam_135794.jpg,1
pcam_135795,./ml_datasets/images/pcam_135795.jpg,1
pcam_135796,./ml_datasets/images/pcam_135796.jpg,1
pcam_135797,./ml_datasets/images/pcam_135797.jpg,1
pcam_135798,./ml_datasets/images/pcam_135798.jpg,1
pcam_135799,./ml_datasets/images/pcam_135799.jpg,1
pcam_135800,./ml_datasets/images/pcam_135800.jpg,1
pcam_135801,./ml_datasets/images/pcam_135801.jpg,1
pcam_135802,./ml_datasets/images/pcam_135802.jpg,1
pcam_135803,./ml_datasets/images/pcam_135803.jpg,1
pcam_135804,./ml_datasets/images/pcam_135804.jpg,1
pcam_135805,./ml_datasets/images/pcam_135805.jpg,1
pcam_135806,./ml_datasets/images/pcam_135806.jpg,1
pcam_135807,./ml_datasets/images/pcam_135807.jpg,1
pcam_135808,./ml_datasets/images/pcam_135808.jpg,1
pcam_135809,./ml_datasets/images/pcam_135809.jpg,1
pcam_135810,./ml_datasets/images/pcam_135810.jpg,1
pcam_135811,./ml_datasets/images/pcam_135811.jpg,1
pcam_135812,./ml_datasets/images/pcam_135812.jpg,1
pcam_135813,./ml_datasets/images/pcam_135813.jpg,1
pcam_135814,./ml_datasets/images/pcam_135814.jpg,1
pcam_135815,./ml_datasets/images/pcam_135815.jpg,1
pcam_135816,./ml_datasets/images/pcam_135816.jpg,1
pcam_135817,./ml_datasets/images/pcam_135817.jpg,1
pcam_135818,./ml_datasets/images/pcam_135818.jpg,1
pcam_135819,./ml_datasets/images/pcam_135819.jpg,1
pcam_135820,./ml_datasets/images/pcam_135820.jpg,1
pcam_135821,./ml_datasets/images/pcam_135821.jpg,1
pcam_135822,./ml_datasets/images/pcam_135822.jpg,1
pcam_135823,./ml_datasets/images/pcam_135823.jpg,1
pcam_135824,./ml_datasets/images/pcam_135824.jpg,1
pcam_135825,./ml_datasets/images/pcam_135825.jpg,1
pcam_135826,./ml_datasets/images/pcam_135826.jpg,1
pcam_135827,./ml_datasets/images/pcam_135827.jpg,1
pcam_135828,./ml_datasets/images/pcam_135828.jpg,1
pcam_135829,./ml_datasets/images/pcam_135829.jpg,1
pcam_135830,./ml_datasets/images/pcam_135830.jpg,1
pcam_135831,./ml_datasets/images/pcam_135831.jpg,1
pcam_135832,./ml_datasets/images/pcam_135832.jpg,1
pcam_135833,./ml_datasets/images/pcam_135833.jpg,1
pcam_135834,./ml_datasets/images/pcam_135834.jpg,1
pcam_135835,./ml_datasets/images/pcam_135835.jpg,1
pcam_135836,./ml_datasets/images/pcam_135836.jpg,1
pcam_135837,./ml_datasets/images/pcam_135837.jpg,1
pcam_135838,./ml_datasets/images/pcam_135838.jpg,1
pcam_135839,./ml_datasets/images/pcam_135839.jpg,1
pcam_135840,./ml_datasets/images/pcam_135840.jpg,1
pcam_135841,./ml_datasets/images/pcam_135841.jpg,1
pcam_135842,./ml_datasets/images/pcam_135842.jpg,1
pcam_135843,./ml_datasets/images/pcam_135843.jpg,1
pcam_135844,./ml_datasets/images/pcam_135844.jpg,1
pcam_135845,./ml_datasets/images/pcam_135845.jpg,1
pcam_135846,./ml_datasets/images/pcam_135846.jpg,1
pcam_135847,./ml_datasets/images/pcam_135847.jpg,1
pcam_135848,./ml_datasets/images/pcam_135848.jpg,1
pcam_135849,./ml_datasets/images/pcam_135849.jpg,1
pcam_135850,./ml_datasets/images/pcam_135850.jpg,1
pcam_135851,./ml_datasets/images/pcam_135851.jpg,1
pcam_135852,./ml_datasets/images/pcam_135852.jpg,1
pcam_135853,./ml_datasets/images/pcam_135853.jpg,1
pcam_135854,./ml_datasets/images/pcam_135854.jpg,1
pcam_135855,./ml_datasets/images/pcam_135855.jpg,1
pcam_135856,./ml_datasets/images/pcam_135856.jpg,1
pcam_135857,./ml_datasets/images/pcam_135857.jpg,1
pcam_135858,./ml_datasets/images/pcam_135858.jpg,1
pcam_135859,./ml_datasets/images/pcam_135859.jpg,1
pcam_135860,./ml_datasets/images/pcam_135860.jpg,1
pcam_135861,./ml_datasets/images/pcam_135861.jpg,1
pcam_135862,./ml_datasets/images/pcam_135862.jpg,1
pcam_135863,./ml_datasets/images/pcam_135863.jpg,1
pcam_135864,./ml_datasets/images/pcam_135864.jpg,1
pcam_135865,./ml_datasets/images/pcam_135865.jpg,1
pcam_135866,./ml_datasets/images/pcam_135866.jpg,1
pcam_135867,./ml_datasets/images/pcam_135867.jpg,1
pcam_135868,./ml_datasets/images/pcam_135868.jpg,1
pcam_135869,./ml_datasets/images/pcam_135869.jpg,1
pcam_135870,./ml_datasets/images/pcam_135870.jpg,1
pcam_135871,./ml_datasets/images/pcam_135871.jpg,1
pcam_135872,./ml_datasets/images/pcam_135872.jpg,1
pcam_135873,./ml_datasets/images/pcam_135873.jpg,1
pcam_135874,./ml_datasets/images/pcam_135874.jpg,1
pcam_135875,./ml_datasets/images/pcam_135875.jpg,1
pcam_135876,./ml_datasets/images/pcam_135876.jpg,1
pcam_135877,./ml_datasets/images/pcam_135877.jpg,1
pcam_135878,./ml_datasets/images/pcam_135878.jpg,1
pcam_135879,./ml_datasets/images/pcam_135879.jpg,1
pcam_135880,./ml_datasets/images/pcam_135880.jpg,1
pcam_135881,./ml_datasets/images/pcam_135881.jpg,1
pcam_135882,./ml_datasets/images/pcam_135882.jpg,1
pcam_135883,./ml_datasets/images/pcam_135883.jpg,1
pcam_135884,./ml_datasets/images/pcam_135884.jpg,1
pcam_135885,./ml_datasets/images/pcam_135885.jpg,1
pcam_135886,./ml_datasets/images/pcam_135886.jpg,1
pcam_135887,./ml_datasets/images/pcam_135887.jpg,1
pcam_135888,./ml_datasets/images/pcam_135888.jpg,1
pcam_135889,./ml_datasets/images/pcam_135889.jpg,1
pcam_135890,./ml_datasets/images/pcam_135890.jpg,1
pcam_135891,./ml_datasets/images/pcam_135891.jpg,1
pcam_135892,./ml_datasets/images/pcam_135892.jpg,1
pcam_135893,./ml_datasets/images/pcam_135893.jpg,1
pcam_135894,./ml_datasets/images/pcam_135894.jpg,1
pcam_135895,./ml_datasets/images/pcam_135895.jpg,1
pcam_135896,./ml_datasets/images/pcam_135896.jpg,1
pcam_135897,./ml_datasets/images/pcam_135897.jpg,1
pcam_135898,./ml_datasets/images/pcam_135898.jpg,1
pcam_135899,./ml_datasets/images/pcam_135899.jpg,1
pcam_135900,./ml_datasets/images/pcam_135900.jpg,1
pcam_135901,./ml_datasets/images/pcam_135901.jpg,1
pcam_135902,./ml_datasets/images/pcam_135902.jpg,1
pcam_135903,./ml_datasets/images/pcam_135903.jpg,1
pcam_135904,./ml_datasets/images/pcam_135904.jpg,1
pcam_135905,./ml_datasets/images/pcam_135905.jpg,1
pcam_135906,./ml_datasets/images/pcam_135906.jpg,1
pcam_135907,./ml_datasets/images/pcam_135907.jpg,1
pcam_135908,./ml_datasets/images/pcam_135908.jpg,1
pcam_135909,./ml_datasets/images/pcam_135909.jpg,1
pcam_135910,./ml_datasets/images/pcam_135910.jpg,1
pcam_135911,./ml_datasets/images/pcam_135911.jpg,1
pcam_135912,./ml_datasets/images/pcam_135912.jpg,1
pcam_135913,./ml_datasets/images/pcam_135913.jpg,1
pcam_135914,./ml_datasets/images/pcam_135914.jpg,1
pcam_135915,./ml_datasets/images/pcam_135915.jpg,1
pcam_135916,./ml_datasets/images/pcam_135916.jpg,1
pcam_135917,./ml_datasets/images/pcam_135917.jpg,1
pcam_135918,./ml_datasets/images/pcam_135918.jpg,1
pcam_135919,./ml_datasets/images/pcam_135919.jpg,1
pcam_135920,./ml_datasets/images/pcam_135920.jpg,1
pcam_135921,./ml_datasets/images/pcam_135921.jpg,1
pcam_135922,./ml_datasets/images/pcam_135922.jpg,1
pcam_135923,./ml_datasets/images/pcam_135923.jpg,1
pcam_135924,./ml_datasets/images/pcam_135924.jpg,1
pcam_135925,./ml_datasets/images/pcam_135925.jpg,1
pcam_135926,./ml_datasets/images/pcam_135926.jpg,1
pcam_135927,./ml_datasets/images/pcam_135927.jpg,1
pcam_135928,./ml_datasets/images/pcam_135928.jpg,1
pcam_135929,./ml_datasets/images/pcam_135929.jpg,1
pcam_135930,./ml_datasets/images/pcam_135930.jpg,1
pcam_135931,./ml_datasets/images/pcam_135931.jpg,1
pcam_135932,./ml_datasets/images/pcam_135932.jpg,1
pcam_135933,./ml_datasets/images/pcam_135933.jpg,1
pcam_135934,./ml_datasets/images/pcam_135934.jpg,1
pcam_135935,./ml_datasets/images/pcam_135935.jpg,1
pcam_135936,./ml_datasets/images/pcam_135936.jpg,1
pcam_135937,./ml_datasets/images/pcam_135937.jpg,1
pcam_135938,./ml_datasets/images/pcam_135938.jpg,1
pcam_135939,./ml_datasets/images/pcam_135939.jpg,1
pcam_135940,./ml_datasets/images/pcam_135940.jpg,1
pcam_135941,./ml_datasets/images/pcam_135941.jpg,1
pcam_135942,./ml_datasets/images/pcam_135942.jpg,1
pcam_135943,./ml_datasets/images/pcam_135943.jpg,1
pcam_135944,./ml_datasets/images/pcam_135944.jpg,1
pcam_135945,./ml_datasets/images/pcam_135945.jpg,1
pcam_135946,./ml_datasets/images/pcam_135946.jpg,1
pcam_135947,./ml_datasets/images/pcam_135947.jpg,1
pcam_135948,./ml_datasets/images/pcam_135948.jpg,1
pcam_135949,./ml_datasets/images/pcam_135949.jpg,1
pcam_135950,./ml_datasets/images/pcam_135950.jpg,1
pcam_135951,./ml_datasets/images/pcam_135951.jpg,1
pcam_135952,./ml_datasets/images/pcam_135952.jpg,1
pcam_135953,./ml_datasets/images/pcam_135953.jpg,1
pcam_135954,./ml_datasets/images/pcam_135954.jpg,1
pcam_135955,./ml_datasets/images/pcam_135955.jpg,1
pcam_135956,./ml_datasets/images/pcam_135956.jpg,1
pcam_135957,./ml_datasets/images/pcam_135957.jpg,1
pcam_135958,./ml_datasets/images/pcam_135958.jpg,1
pcam_135959,./ml_datasets/images/pcam_135959.jpg,1
pcam_135960,./ml_datasets/images/pcam_135960.jpg,1
pcam_135961,./ml_datasets/images/pcam_135961.jpg,1
pcam_135962,./ml_datasets/images/pcam_135962.jpg,1
pcam_135963,./ml_datasets/images/pcam_135963.jpg,1
pcam_135964,./ml_datasets/images/pcam_135964.jpg,1
pcam_135965,./ml_datasets/images/pcam_135965.jpg,1
pcam_135966,./ml_datasets/images/pcam_135966.jpg,1
pcam_135967,./ml_datasets/images/pcam_135967.jpg,1
pcam_135968,./ml_datasets/images/pcam_135968.jpg,1
pcam_135969,./ml_datasets/images/pcam_135969.jpg,1
pcam_135970,./ml_datasets/images/pcam_135970.jpg,1
pcam_135971,./ml_datasets/images/pcam_135971.jpg,1
pcam_135972,./ml_datasets/images/pcam_135972.jpg,1
pcam_135973,./ml_datasets/images/pcam_135973.jpg,1
pcam_135974,./ml_datasets/images/pcam_135974.jpg,1
pcam_135975,./ml_datasets/images/pcam_135975.jpg,1
pcam_135976,./ml_datasets/images/pcam_135976.jpg,1
pcam_135977,./ml_datasets/images/pcam_135977.jpg,1
pcam_135978,./ml_datasets/images/pcam_135978.jpg,1
pcam_135979,./ml_datasets/images/pcam_135979.jpg,1
pcam_135980,./ml_datasets/images/pcam_135980.jpg,1
pcam_135981,./ml_datasets/images/pcam_135981.jpg,1
pcam_135982,./ml_datasets/images/pcam_135982.jpg,1
pcam_135983,./ml_datasets/images/pcam_135983.jpg,1
pcam_135984,./ml_datasets/images/pcam_135984.jpg,1
pcam_135985,./ml_datasets/images/pcam_135985.jpg,1
pcam_135986,./ml_datasets/images/pcam_135986.jpg,1
pcam_135987,./ml_datasets/images/pcam_135987.jpg,1
pcam_135988,./ml_datasets/images/pcam_135988.jpg,1
pcam_135989,./ml_datasets/images/pcam_135989.jpg,1
pcam_135990,./ml_datasets/images/pcam_135990.jpg,1
pcam_135991,./ml_datasets/images/pcam_135991.jpg,1
pcam_135992,./ml_datasets/images/pcam_135992.jpg,1
pcam_135993,./ml_datasets/images/pcam_135993.jpg,1
pcam_135994,./ml_datasets/images/pcam_135994.jpg,1
pcam_135995,./ml_datasets/images/pcam_135995.jpg,1
pcam_135996,./ml_datasets/images/pcam_135996.jpg,1
pcam_135997,./ml_datasets/images/pcam_135997.jpg,1
pcam_135998,./ml_datasets/images/pcam_135998.jpg,1
pcam_135999,./ml_datasets/images/pcam_135999.jpg,1
pcam_136000,./ml_datasets/images/pcam_136000.jpg,1
pcam_136001,./ml_datasets/images/pcam_136001.jpg,1
pcam_136002,./ml_datasets/images/pcam_136002.jpg,1
pcam_136003,./ml_datasets/images/pcam_136003.jpg,1
pcam_136004,./ml_datasets/images/pcam_136004.jpg,1
pcam_136005,./ml_datasets/images/pcam_136005.jpg,1
pcam_136006,./ml_datasets/images/pcam_136006.jpg,1
pcam_136007,./ml_datasets/images/pcam_136007.jpg,1
pcam_136008,./ml_datasets/images/pcam_136008.jpg,1
pcam_136009,./ml_datasets/images/pcam_136009.jpg,1
pcam_136010,./ml_datasets/images/pcam_136010.jpg,1
pcam_136011,./ml_datasets/images/pcam_136011.jpg,1
pcam_136012,./ml_datasets/images/pcam_136012.jpg,1
pcam_136013,./ml_datasets/images/pcam_136013.jpg,1
pcam_136014,./ml_datasets/images/pcam_136014.jpg,1
pcam_136015,./ml_datasets/images/pcam_136015.jpg,1
pcam_136016,./ml_datasets/images/pcam_136016.jpg,1
pcam_136017,./ml_datasets/images/pcam_136017.jpg,1
pcam_136018,./ml_datasets/images/pcam_136018.jpg,1
pcam_136019,./ml_datasets/images/pcam_136019.jpg,1
pcam_136020,./ml_datasets/images/pcam_136020.jpg,1
pcam_136021,./ml_datasets/images/pcam_136021.jpg,1
pcam_136022,./ml_datasets/images/pcam_136022.jpg,1
pcam_136023,./ml_datasets/images/pcam_136023.jpg,1
pcam_136024,./ml_datasets/images/pcam_136024.jpg,1
pcam_136025,./ml_datasets/images/pcam_136025.jpg,1
pcam_136026,./ml_datasets/images/pcam_136026.jpg,1
pcam_136027,./ml_datasets/images/pcam_136027.jpg,1
pcam_136028,./ml_datasets/images/pcam_136028.jpg,1
pcam_136029,./ml_datasets/images/pcam_136029.jpg,1
pcam_136030,./ml_datasets/images/pcam_136030.jpg,1
pcam_136031,./ml_datasets/images/pcam_136031.jpg,1
pcam_136032,./ml_datasets/images/pcam_136032.jpg,1
pcam_136033,./ml_datasets/images/pcam_136033.jpg,1
pcam_136034,./ml_datasets/images/pcam_136034.jpg,1
pcam_136035,./ml_datasets/images/pcam_136035.jpg,1
pcam_136036,./ml_datasets/images/pcam_136036.jpg,1
pcam_136037,./ml_datasets/images/pcam_136037.jpg,1
pcam_136038,./ml_datasets/images/pcam_136038.jpg,1
pcam_136039,./ml_datasets/images/pcam_136039.jpg,1
pcam_136040,./ml_datasets/images/pcam_136040.jpg,1
pcam_136041,./ml_datasets/images/pcam_136041.jpg,1
pcam_136042,./ml_datasets/images/pcam_136042.jpg,1
pcam_136043,./ml_datasets/images/pcam_136043.jpg,1
pcam_136044,./ml_datasets/images/pcam_136044.jpg,1
pcam_136045,./ml_datasets/images/pcam_136045.jpg,1
pcam_136046,./ml_datasets/images/pcam_136046.jpg,1
pcam_136047,./ml_datasets/images/pcam_136047.jpg,1
pcam_136048,./ml_datasets/images/pcam_136048.jpg,1
pcam_136049,./ml_datasets/images/pcam_136049.jpg,1
pcam_136050,./ml_datasets/images/pcam_136050.jpg,1
pcam_136051,./ml_datasets/images/pcam_136051.jpg,1
pcam_136052,./ml_datasets/images/pcam_136052.jpg,1
pcam_136053,./ml_datasets/images/pcam_136053.jpg,1
pcam_136054,./ml_datasets/images/pcam_136054.jpg,1
pcam_136055,./ml_datasets/images/pcam_136055.jpg,1
pcam_136056,./ml_datasets/images/pcam_136056.jpg,1
pcam_136057,./ml_datasets/images/pcam_136057.jpg,1
pcam_136058,./ml_datasets/images/pcam_136058.jpg,1
pcam_136059,./ml_datasets/images/pcam_136059.jpg,1
pcam_136060,./ml_datasets/images/pcam_136060.jpg,1
pcam_136061,./ml_datasets/images/pcam_136061.jpg,1
pcam_136062,./ml_datasets/images/pcam_136062.jpg,1
pcam_136063,./ml_datasets/images/pcam_136063.jpg,1
pcam_136064,./ml_datasets/images/pcam_136064.jpg,1
pcam_136065,./ml_datasets/images/pcam_136065.jpg,1
pcam_136066,./ml_datasets/images/pcam_136066.jpg,1
pcam_136067,./ml_datasets/images/pcam_136067.jpg,1
pcam_136068,./ml_datasets/images/pcam_136068.jpg,1
pcam_136069,./ml_datasets/images/pcam_136069.jpg,1
pcam_136070,./ml_datasets/images/pcam_136070.jpg,1
pcam_136071,./ml_datasets/images/pcam_136071.jpg,1
